2026-06-06 14:20:49.536 +06:00 [FTL] Application terminated unexpectedly
Microsoft.Extensions.Hosting.HostAbortedException: The host was aborted.
   at Microsoft.Extensions.Hosting.HostFactoryResolver.HostingListener.ThrowHostAborted()
   at Microsoft.Extensions.Hosting.HostFactoryResolver.HostingListener.OnNext(KeyValuePair`2 value)
   at System.Diagnostics.DiagnosticListener.Write(String name, Object value)
   at Microsoft.Extensions.Hosting.HostBuilder.ResolveHost(IServiceProvider serviceProvider, DiagnosticListener diagnosticListener)
   at Microsoft.Extensions.Hosting.HostApplicationBuilder.Build()
   at Microsoft.AspNetCore.Builder.WebApplicationBuilder.Build()
   at Program.<Main>$(String[] args) in C:\Users\mdmah\Desktop\Verdiq\backend\Verdiq.API\Program.cs:line 183
2026-06-06 14:21:45.272 +06:00 [FTL] Application terminated unexpectedly
Microsoft.Extensions.Hosting.HostAbortedException: The host was aborted.
   at Microsoft.Extensions.Hosting.HostFactoryResolver.HostingListener.ThrowHostAborted()
   at Microsoft.Extensions.Hosting.HostFactoryResolver.HostingListener.OnNext(KeyValuePair`2 value)
   at System.Diagnostics.DiagnosticListener.Write(String name, Object value)
   at Microsoft.Extensions.Hosting.HostBuilder.ResolveHost(IServiceProvider serviceProvider, DiagnosticListener diagnosticListener)
   at Microsoft.Extensions.Hosting.HostApplicationBuilder.Build()
   at Microsoft.AspNetCore.Builder.WebApplicationBuilder.Build()
   at Program.<Main>$(String[] args) in C:\Users\mdmah\Desktop\Verdiq\backend\Verdiq.API\Program.cs:line 183
2026-06-06 14:26:14.068 +06:00 [FTL] Application terminated unexpectedly
Microsoft.Extensions.Hosting.HostAbortedException: The host was aborted.
   at Microsoft.Extensions.Hosting.HostFactoryResolver.HostingListener.ThrowHostAborted()
   at Microsoft.Extensions.Hosting.HostFactoryResolver.HostingListener.OnNext(KeyValuePair`2 value)
   at System.Diagnostics.DiagnosticListener.Write(String name, Object value)
   at Microsoft.Extensions.Hosting.HostBuilder.ResolveHost(IServiceProvider serviceProvider, DiagnosticListener diagnosticListener)
   at Microsoft.Extensions.Hosting.HostApplicationBuilder.Build()
   at Microsoft.AspNetCore.Builder.WebApplicationBuilder.Build()
   at Program.<Main>$(String[] args) in C:\Users\mdmah\Desktop\Verdiq\backend\Verdiq.API\Program.cs:line 183
2026-06-06 14:28:55.123 +06:00 [FTL] Application terminated unexpectedly
Microsoft.Extensions.Hosting.HostAbortedException: The host was aborted.
   at Microsoft.Extensions.Hosting.HostFactoryResolver.HostingListener.ThrowHostAborted()
   at Microsoft.Extensions.Hosting.HostFactoryResolver.HostingListener.OnNext(KeyValuePair`2 value)
   at System.Diagnostics.DiagnosticListener.Write(String name, Object value)
   at Microsoft.Extensions.Hosting.HostBuilder.ResolveHost(IServiceProvider serviceProvider, DiagnosticListener diagnosticListener)
   at Microsoft.Extensions.Hosting.HostApplicationBuilder.Build()
   at Microsoft.AspNetCore.Builder.WebApplicationBuilder.Build()
   at Program.<Main>$(String[] args) in C:\Users\mdmah\Desktop\Verdiq\backend\Verdiq.API\Program.cs:line 183
2026-06-06 14:30:32.416 +06:00 [FTL] Application terminated unexpectedly
Microsoft.Extensions.Hosting.HostAbortedException: The host was aborted.
   at Microsoft.Extensions.Hosting.HostFactoryResolver.HostingListener.ThrowHostAborted()
   at Microsoft.Extensions.Hosting.HostFactoryResolver.HostingListener.OnNext(KeyValuePair`2 value)
   at System.Diagnostics.DiagnosticListener.Write(String name, Object value)
   at Microsoft.Extensions.Hosting.HostBuilder.ResolveHost(IServiceProvider serviceProvider, DiagnosticListener diagnosticListener)
   at Microsoft.Extensions.Hosting.HostApplicationBuilder.Build()
   at Microsoft.AspNetCore.Builder.WebApplicationBuilder.Build()
   at Program.<Main>$(String[] args) in C:\Users\mdmah\Desktop\Verdiq\backend\Verdiq.API\Program.cs:line 183
2026-06-06 14:31:11.355 +06:00 [FTL] Application terminated unexpectedly
Microsoft.Extensions.Hosting.HostAbortedException: The host was aborted.
   at Microsoft.Extensions.Hosting.HostFactoryResolver.HostingListener.ThrowHostAborted()
   at Microsoft.Extensions.Hosting.HostFactoryResolver.HostingListener.OnNext(KeyValuePair`2 value)
   at System.Diagnostics.DiagnosticListener.Write(String name, Object value)
   at Microsoft.Extensions.Hosting.HostBuilder.ResolveHost(IServiceProvider serviceProvider, DiagnosticListener diagnosticListener)
   at Microsoft.Extensions.Hosting.HostApplicationBuilder.Build()
   at Microsoft.AspNetCore.Builder.WebApplicationBuilder.Build()
   at Program.<Main>$(String[] args) in C:\Users\mdmah\Desktop\Verdiq\backend\Verdiq.API\Program.cs:line 183
2026-06-06 14:31:58.026 +06:00 [FTL] Application terminated unexpectedly
Microsoft.Extensions.Hosting.HostAbortedException: The host was aborted.
   at Microsoft.Extensions.Hosting.HostFactoryResolver.HostingListener.ThrowHostAborted()
   at Microsoft.Extensions.Hosting.HostFactoryResolver.HostingListener.OnNext(KeyValuePair`2 value)
   at System.Diagnostics.DiagnosticListener.Write(String name, Object value)
   at Microsoft.Extensions.Hosting.HostBuilder.ResolveHost(IServiceProvider serviceProvider, DiagnosticListener diagnosticListener)
   at Microsoft.Extensions.Hosting.HostApplicationBuilder.Build()
   at Microsoft.AspNetCore.Builder.WebApplicationBuilder.Build()
   at Program.<Main>$(String[] args) in C:\Users\mdmah\Desktop\Verdiq\backend\Verdiq.API\Program.cs:line 183
2026-06-06 14:33:21.974 +06:00 [FTL] Application terminated unexpectedly
Microsoft.Extensions.Hosting.HostAbortedException: The host was aborted.
   at Microsoft.Extensions.Hosting.HostFactoryResolver.HostingListener.ThrowHostAborted()
   at Microsoft.Extensions.Hosting.HostFactoryResolver.HostingListener.OnNext(KeyValuePair`2 value)
   at System.Diagnostics.DiagnosticListener.Write(String name, Object value)
   at Microsoft.Extensions.Hosting.HostBuilder.ResolveHost(IServiceProvider serviceProvider, DiagnosticListener diagnosticListener)
   at Microsoft.Extensions.Hosting.HostApplicationBuilder.Build()
   at Microsoft.AspNetCore.Builder.WebApplicationBuilder.Build()
   at Program.<Main>$(String[] args) in C:\Users\mdmah\Desktop\Verdiq\backend\Verdiq.API\Program.cs:line 183
2026-06-06 14:35:15.158 +06:00 [WRN] Entity 'Document' has a global query filter defined and is the required end of a relationship with the entity 'DocumentActivity'. This may lead to unexpected results when the required entity is filtered out. Either configure the navigation as optional, or define matching query filters for both entities in the navigation. See https://go.microsoft.com/fwlink/?linkid=2131316 for more information.
2026-06-06 14:35:15.269 +06:00 [WRN] Entity 'Document' has a global query filter defined and is the required end of a relationship with the entity 'DocumentFavorite'. This may lead to unexpected results when the required entity is filtered out. Either configure the navigation as optional, or define matching query filters for both entities in the navigation. See https://go.microsoft.com/fwlink/?linkid=2131316 for more information.
2026-06-06 14:35:15.269 +06:00 [WRN] Entity 'Document' has a global query filter defined and is the required end of a relationship with the entity 'DocumentShare'. This may lead to unexpected results when the required entity is filtered out. Either configure the navigation as optional, or define matching query filters for both entities in the navigation. See https://go.microsoft.com/fwlink/?linkid=2131316 for more information.
2026-06-06 14:35:15.269 +06:00 [WRN] Entity 'Task' has a global query filter defined and is the required end of a relationship with the entity 'TaskAttachment'. This may lead to unexpected results when the required entity is filtered out. Either configure the navigation as optional, or define matching query filters for both entities in the navigation. See https://go.microsoft.com/fwlink/?linkid=2131316 for more information.
2026-06-06 14:35:15.270 +06:00 [WRN] Entity 'Task' has a global query filter defined and is the required end of a relationship with the entity 'TaskComment'. This may lead to unexpected results when the required entity is filtered out. Either configure the navigation as optional, or define matching query filters for both entities in the navigation. See https://go.microsoft.com/fwlink/?linkid=2131316 for more information.
2026-06-06 14:35:15.270 +06:00 [WRN] Entity 'Task' has a global query filter defined and is the required end of a relationship with the entity 'TaskWatcher'. This may lead to unexpected results when the required entity is filtered out. Either configure the navigation as optional, or define matching query filters for both entities in the navigation. See https://go.microsoft.com/fwlink/?linkid=2131316 for more information.
2026-06-06 14:35:17.408 +06:00 [INF] Executed DbCommand (186ms) [Parameters=[], CommandType='"Text"', CommandTimeout='30']
SELECT CASE WHEN COUNT(*) = 0 THEN FALSE ELSE TRUE END
FROM pg_class AS cls
JOIN pg_namespace AS ns ON ns.oid = cls.relnamespace
WHERE
        cls.relkind IN ('r', 'v', 'm', 'f', 'p') AND
        ns.nspname NOT IN ('pg_catalog', 'information_schema') AND
        -- Exclude tables which are members of PG extensions
        NOT EXISTS (
            SELECT 1 FROM pg_depend WHERE
                classid=(
                    SELECT cls.oid
                    FROM pg_class AS cls
                             JOIN pg_namespace AS ns ON ns.oid = cls.relnamespace
                    WHERE relname='pg_class' AND ns.nspname='pg_catalog'
                ) AND
                objid=cls.oid AND
                deptype IN ('e', 'x')
        )
2026-06-06 14:35:17.536 +06:00 [INF] Executed DbCommand (25ms) [Parameters=[], CommandType='"Text"', CommandTimeout='30']
ALTER TABLE "Users" ADD COLUMN IF NOT EXISTS "TwoFactorEnabled" boolean NOT NULL DEFAULT false;
ALTER TABLE "Users" ADD COLUMN IF NOT EXISTS "TwoFactorSecret" character varying(256);
ALTER TABLE "Users" ADD COLUMN IF NOT EXISTS "TwoFactorVerifiedAt" timestamp with time zone;
ALTER TABLE "Users" ADD COLUMN IF NOT EXISTS "LoginAttempts" integer NOT NULL DEFAULT 0;
ALTER TABLE "Users" ADD COLUMN IF NOT EXISTS "LockoutEnd" timestamp with time zone;
ALTER TABLE "Users" ADD COLUMN IF NOT EXISTS "LastLoginAt" timestamp with time zone;
ALTER TABLE "Users" ADD COLUMN IF NOT EXISTS "LastLoginIp" character varying(50);
ALTER TABLE "Users" ADD COLUMN IF NOT EXISTS "ClientId" uuid;
2026-06-06 14:35:17.545 +06:00 [INF] Executed DbCommand (6ms) [Parameters=[], CommandType='"Text"', CommandTimeout='30']
ALTER TABLE "Documents" ADD COLUMN IF NOT EXISTS "StorageProvider" character varying(50) NOT NULL DEFAULT 'Local';
ALTER TABLE "Documents" ADD COLUMN IF NOT EXISTS "StorageKey" character varying(500);
ALTER TABLE "Documents" ADD COLUMN IF NOT EXISTS "Version" integer NOT NULL DEFAULT 1;
ALTER TABLE "Documents" ADD COLUMN IF NOT EXISTS "Visibility" character varying(50) NOT NULL DEFAULT 'InternalOnly';
ALTER TABLE "Documents" ADD COLUMN IF NOT EXISTS "SharedWithClientId" uuid;
2026-06-06 14:35:17.562 +06:00 [INF] Executed DbCommand (13ms) [Parameters=[], CommandType='"Text"', CommandTimeout='30']
ALTER TABLE "Clients" ADD COLUMN IF NOT EXISTS "ClientType" character varying(100);
ALTER TABLE "Clients" ADD COLUMN IF NOT EXISTS "ClientCode" character varying(100);
ALTER TABLE "Clients" ADD COLUMN IF NOT EXISTS "PassportNumber" character varying(50);
ALTER TABLE "Clients" ADD COLUMN IF NOT EXISTS "DateOfBirth" timestamp with time zone;
ALTER TABLE "Clients" ADD COLUMN IF NOT EXISTS "Gender" character varying(20);
ALTER TABLE "Clients" ADD COLUMN IF NOT EXISTS "Occupation" character varying(200);
ALTER TABLE "Clients" ADD COLUMN IF NOT EXISTS "Nationality" character varying(100);
ALTER TABLE "Clients" ADD COLUMN IF NOT EXISTS "TradeLicense" character varying(200);
ALTER TABLE "Clients" ADD COLUMN IF NOT EXISTS "RegistrationNumber" character varying(200);
ALTER TABLE "Clients" ADD COLUMN IF NOT EXISTS "TaxVatNumber" character varying(200);
ALTER TABLE "Clients" ADD COLUMN IF NOT EXISTS "AuthorizedRepresentative" character varying(500);
ALTER TABLE "Clients" ADD COLUMN IF NOT EXISTS "Tags" character varying(1000);
ALTER TABLE "Clients" ADD COLUMN IF NOT EXISTS "RiskLevel" character varying(20);
ALTER TABLE "Clients" ADD COLUMN IF NOT EXISTS "ClientCategory" character varying(100);
ALTER TABLE "Clients" ADD COLUMN IF NOT EXISTS "BillingPreference" character varying(100);
ALTER TABLE "Clients" ADD COLUMN IF NOT EXISTS "PaymentTerms" character varying(100);
ALTER TABLE "Clients" ADD COLUMN IF NOT EXISTS "CreditLimit" numeric;
ALTER TABLE "Clients" ADD COLUMN IF NOT EXISTS "PreferredContactMethod" character varying(50);
ALTER TABLE "Clients" ADD COLUMN IF NOT EXISTS "WhatsAppNumber" character varying(50);
ALTER TABLE "Clients" ADD COLUMN IF NOT EXISTS "SecondaryPhone" character varying(50);
ALTER TABLE "Clients" ADD COLUMN IF NOT EXISTS "EmergencyContact" character varying(500);
ALTER TABLE "Clients" ADD COLUMN IF NOT EXISTS "IsBlacklisted" boolean NOT NULL DEFAULT false;
ALTER TABLE "Clients" ADD COLUMN IF NOT EXISTS "UserId" uuid;
2026-06-06 14:35:17.573 +06:00 [INF] Executed DbCommand (11ms) [Parameters=[], CommandType='"Text"', CommandTimeout='30']
ALTER TABLE "Cases" ADD COLUMN IF NOT EXISTS "ActsAndSections" character varying(1000);
ALTER TABLE "Cases" ADD COLUMN IF NOT EXISTS "FirNumber" character varying(100);
ALTER TABLE "Cases" ADD COLUMN IF NOT EXISTS "PoliceStation" character varying(200);
ALTER TABLE "Cases" ADD COLUMN IF NOT EXISTS "ClosingDate" timestamp with time zone;
ALTER TABLE "Cases" ADD COLUMN IF NOT EXISTS "GdNumber" character varying(100);
ALTER TABLE "Cases" ADD COLUMN IF NOT EXISTS "JudgeName" character varying(200);
ALTER TABLE "Cases" ADD COLUMN IF NOT EXISTS "Bench" character varying(200);
ALTER TABLE "Cases" ADD COLUMN IF NOT EXISTS "Prosecutor" character varying(200);
ALTER TABLE "Cases" ADD COLUMN IF NOT EXISTS "OpposingLawyer" character varying(200);
ALTER TABLE "Cases" ADD COLUMN IF NOT EXISTS "Jurisdiction" character varying(200);
ALTER TABLE "Cases" ADD COLUMN IF NOT EXISTS "AppealStatus" character varying(100);
ALTER TABLE "Cases" ADD COLUMN IF NOT EXISTS "RiskLevel" character varying(20);
ALTER TABLE "Cases" ADD COLUMN IF NOT EXISTS "ComplexityScore" integer;
ALTER TABLE "Cases" ADD COLUMN IF NOT EXISTS "PracticeArea" character varying(200);
ALTER TABLE "Cases" ADD COLUMN IF NOT EXISTS "Department" character varying(200);
ALTER TABLE "Cases" ADD COLUMN IF NOT EXISTS "InternalNotes" character varying(4000);
ALTER TABLE "Cases" ADD COLUMN IF NOT EXISTS "RetainerAmount" numeric;
ALTER TABLE "Cases" ADD COLUMN IF NOT EXISTS "BillingMethod" character varying(50);
ALTER TABLE "Cases" ADD COLUMN IF NOT EXISTS "FixedFee" numeric;
ALTER TABLE "Cases" ADD COLUMN IF NOT EXISTS "HourlyRate" numeric;
ALTER TABLE "Cases" ADD COLUMN IF NOT EXISTS "BudgetLimit" numeric;
ALTER TABLE "Cases" ADD COLUMN IF NOT EXISTS "ExpenseBudget" numeric;
ALTER TABLE "Cases" ADD COLUMN IF NOT EXISTS "NextHearingDate" timestamp with time zone;
ALTER TABLE "Cases" ADD COLUMN IF NOT EXISTS "CriticalDeadlines" character varying(2000);
ALTER TABLE "Cases" ADD COLUMN IF NOT EXISTS "LimitationExpiry" timestamp with time zone;
ALTER TABLE "Cases" ADD COLUMN IF NOT EXISTS "CaseTemplateId" uuid;
ALTER TABLE "Cases" ADD COLUMN IF NOT EXISTS "WorkflowTemplateId" uuid;
2026-06-06 14:35:17.579 +06:00 [INF] Executed DbCommand (5ms) [Parameters=[], CommandType='"Text"', CommandTimeout='30']
ALTER TABLE "ClientCases" ADD COLUMN IF NOT EXISTS "Role" character varying(100);
2026-06-06 14:35:17.582 +06:00 [INF] Executed DbCommand (3ms) [Parameters=[], CommandType='"Text"', CommandTimeout='30']
ALTER TABLE "CaseActivities" ADD COLUMN IF NOT EXISTS "IsClientVisible" boolean NOT NULL DEFAULT true;
2026-06-06 14:35:17.587 +06:00 [INF] Executed DbCommand (5ms) [Parameters=[], CommandType='"Text"', CommandTimeout='30']
CREATE TABLE IF NOT EXISTS "ChamberSettings" (
    "Id" uuid NOT NULL,
    "ChamberId" uuid NOT NULL,
    "SettingsJson" jsonb NOT NULL,
    "UpdatedBy" uuid,
    "CreatedAt" timestamp with time zone NOT NULL,
    "UpdatedAt" timestamp with time zone,
    "IsDeleted" boolean NOT NULL DEFAULT false,
    CONSTRAINT "PK_ChamberSettings" PRIMARY KEY ("Id"),
    CONSTRAINT "FK_ChamberSettings_Chambers_ChamberId" FOREIGN KEY ("ChamberId") REFERENCES "Chambers"("Id") ON DELETE CASCADE,
    CONSTRAINT "FK_ChamberSettings_Users_UpdatedBy" FOREIGN KEY ("UpdatedBy") REFERENCES "Users"("Id") ON DELETE SET NULL
);
CREATE UNIQUE INDEX IF NOT EXISTS "IX_ChamberSettings_ChamberId" ON "ChamberSettings"("ChamberId");
2026-06-06 14:35:17.591 +06:00 [INF] Executed DbCommand (3ms) [Parameters=[], CommandType='"Text"', CommandTimeout='30']
CREATE TABLE IF NOT EXISTS "LegalSections" (
    "Id" uuid NOT NULL,
    "SectionCode" character varying(50) NOT NULL,
    "SectionTitle" character varying(500) NOT NULL,
    "LawName" character varying(255) NOT NULL,
    "Country" character varying(100),
    "Category" character varying(100),
    "Description" character varying(4000),
    "Severity" character varying(20),
    "IsActive" boolean NOT NULL DEFAULT true,
    "ChamberId" uuid NOT NULL,
    "CreatedAt" timestamp with time zone NOT NULL,
    "UpdatedAt" timestamp with time zone,
    "IsDeleted" boolean NOT NULL DEFAULT false,
    CONSTRAINT "PK_LegalSections" PRIMARY KEY ("Id"),
    CONSTRAINT "FK_LegalSections_Chambers_ChamberId" FOREIGN KEY ("ChamberId") REFERENCES "Chambers"("Id") ON DELETE RESTRICT
);
CREATE INDEX IF NOT EXISTS "IX_LegalSections_SectionCode" ON "LegalSections"("SectionCode");
2026-06-06 14:35:17.594 +06:00 [INF] Executed DbCommand (2ms) [Parameters=[], CommandType='"Text"', CommandTimeout='30']
CREATE TABLE IF NOT EXISTS "WorkflowTemplates" (
    "Id" uuid NOT NULL,
    "ChamberId" uuid NOT NULL,
    "Name" character varying(255) NOT NULL,
    "Description" character varying(2000),
    "IsDefault" boolean NOT NULL DEFAULT false,
    "CreatedAt" timestamp with time zone NOT NULL,
    "UpdatedAt" timestamp with time zone,
    "IsDeleted" boolean NOT NULL DEFAULT false,
    CONSTRAINT "PK_WorkflowTemplates" PRIMARY KEY ("Id"),
    CONSTRAINT "FK_WorkflowTemplates_Chambers_ChamberId" FOREIGN KEY ("ChamberId") REFERENCES "Chambers"("Id") ON DELETE CASCADE
);
2026-06-06 14:35:17.597 +06:00 [INF] Executed DbCommand (2ms) [Parameters=[], CommandType='"Text"', CommandTimeout='30']
CREATE TABLE IF NOT EXISTS "WorkflowTemplateSections" (
    "Id" uuid NOT NULL,
    "TemplateId" uuid NOT NULL,
    "LegalSectionId" uuid NOT NULL,
    "DisplayOrder" integer NOT NULL,
    "CreatedAt" timestamp with time zone NOT NULL,
    "UpdatedAt" timestamp with time zone,
    "IsDeleted" boolean NOT NULL DEFAULT false,
    CONSTRAINT "PK_WorkflowTemplateSections" PRIMARY KEY ("Id"),
    CONSTRAINT "FK_WorkflowTemplateSections_WorkflowTemplates_TemplateId" FOREIGN KEY ("TemplateId") REFERENCES "WorkflowTemplates"("Id") ON DELETE CASCADE,
    CONSTRAINT "FK_WorkflowTemplateSections_LegalSections_LegalSectionId" FOREIGN KEY ("LegalSectionId") REFERENCES "LegalSections"("Id") ON DELETE RESTRICT
);
CREATE UNIQUE INDEX IF NOT EXISTS "IX_WorkflowTemplateSections_TemplateId_LegalSectionId" ON "WorkflowTemplateSections"("TemplateId", "LegalSectionId");
2026-06-06 14:35:17.600 +06:00 [INF] Executed DbCommand (3ms) [Parameters=[], CommandType='"Text"', CommandTimeout='30']
CREATE TABLE IF NOT EXISTS "CaseLegalSections" (
    "Id" uuid NOT NULL,
    "CaseId" uuid NOT NULL,
    "LegalSectionId" uuid NOT NULL,
    "CreatedAt" timestamp with time zone NOT NULL,
    "UpdatedAt" timestamp with time zone,
    "IsDeleted" boolean NOT NULL DEFAULT false,
    CONSTRAINT "PK_CaseLegalSections" PRIMARY KEY ("Id"),
    CONSTRAINT "FK_CaseLegalSections_Cases_CaseId" FOREIGN KEY ("CaseId") REFERENCES "Cases"("Id") ON DELETE CASCADE,
    CONSTRAINT "FK_CaseLegalSections_LegalSections_LegalSectionId" FOREIGN KEY ("LegalSectionId") REFERENCES "LegalSections"("Id") ON DELETE RESTRICT
);
CREATE UNIQUE INDEX IF NOT EXISTS "IX_CaseLegalSections_CaseId_LegalSectionId" ON "CaseLegalSections"("CaseId", "LegalSectionId");
2026-06-06 14:35:17.605 +06:00 [INF] Executed DbCommand (5ms) [Parameters=[], CommandType='"Text"', CommandTimeout='30']
ALTER TABLE "LegalProcedures" ADD COLUMN IF NOT EXISTS "StepNumber" integer NOT NULL DEFAULT 0;
ALTER TABLE "LegalProcedures" ADD COLUMN IF NOT EXISTS "Title" character varying(500) NOT NULL DEFAULT '';
ALTER TABLE "LegalProcedures" ADD COLUMN IF NOT EXISTS "RecommendedTimeline" character varying(200);
ALTER TABLE "LegalProcedures" ADD COLUMN IF NOT EXISTS "ResponsibleRole" character varying(50);
ALTER TABLE "LegalProcedures" ADD COLUMN IF NOT EXISTS "IsMandatory" boolean NOT NULL DEFAULT false;
2026-06-06 14:35:17.633 +06:00 [INF] Executed DbCommand (27ms) [Parameters=[], CommandType='"Text"', CommandTimeout='30']
DO $$
BEGIN
    IF EXISTS (SELECT FROM information_schema.columns WHERE table_schema = 'public' AND table_name = 'LegalProcedures' AND column_name = 'Name') THEN
        UPDATE "LegalProcedures" SET "Title" = "Name" WHERE "Title" = '' AND "Name" IS NOT NULL AND "Name" <> '';
    END IF;
    IF EXISTS (SELECT FROM information_schema.columns WHERE table_schema = 'public' AND table_name = 'LegalProcedures' AND column_name = 'Timeline') THEN
        UPDATE "LegalProcedures" SET "RecommendedTimeline" = "Timeline" WHERE "RecommendedTimeline" IS NULL AND "Timeline" IS NOT NULL;
    END IF;
END $$;
2026-06-06 14:35:17.635 +06:00 [INF] Executed DbCommand (2ms) [Parameters=[], CommandType='"Text"', CommandTimeout='30']
CREATE TABLE IF NOT EXISTS "LegalProcedures" (
    "Id" uuid NOT NULL,
    "LegalSectionId" uuid NOT NULL,
    "StepNumber" integer NOT NULL DEFAULT 0,
    "Title" character varying(500) NOT NULL,
    "Description" character varying(4000),
    "RequiredDocuments" character varying(2000),
    "RecommendedTimeline" character varying(200),
    "ResponsibleRole" character varying(50),
    "IsMandatory" boolean NOT NULL DEFAULT false,
    "CreatedAt" timestamp with time zone NOT NULL,
    "UpdatedAt" timestamp with time zone,
    "IsDeleted" boolean NOT NULL DEFAULT false,
    CONSTRAINT "PK_LegalProcedures" PRIMARY KEY ("Id"),
    CONSTRAINT "FK_LegalProcedures_LegalSections_LegalSectionId" FOREIGN KEY ("LegalSectionId") REFERENCES "LegalSections"("Id") ON DELETE CASCADE
);
2026-06-06 14:35:17.639 +06:00 [INF] Executed DbCommand (3ms) [Parameters=[], CommandType='"Text"', CommandTimeout='30']
ALTER TABLE "CaseLegalProcedures" ADD COLUMN IF NOT EXISTS "LegalProcedureId" uuid NOT NULL DEFAULT '00000000-0000-0000-0000-000000000000';
ALTER TABLE "CaseLegalProcedures" ADD COLUMN IF NOT EXISTS "IsCompleted" boolean NOT NULL DEFAULT false;
ALTER TABLE "CaseLegalProcedures" ADD COLUMN IF NOT EXISTS "CompletedBy" character varying(200);
2026-06-06 14:35:17.641 +06:00 [INF] Executed DbCommand (2ms) [Parameters=[], CommandType='"Text"', CommandTimeout='30']
CREATE TABLE IF NOT EXISTS "CaseLegalProcedures" (
    "Id" uuid NOT NULL,
    "CaseLegalSectionId" uuid NOT NULL,
    "LegalProcedureId" uuid NOT NULL,
    "IsCompleted" boolean NOT NULL DEFAULT false,
    "CompletedAt" timestamp with time zone,
    "CompletedBy" character varying(200),
    "Notes" character varying(4000),
    "CreatedAt" timestamp with time zone NOT NULL,
    "UpdatedAt" timestamp with time zone,
    "IsDeleted" boolean NOT NULL DEFAULT false,
    CONSTRAINT "PK_CaseLegalProcedures" PRIMARY KEY ("Id"),
    CONSTRAINT "FK_CaseLegalProcedures_CaseLegalSections_CaseLegalSectionId" FOREIGN KEY ("CaseLegalSectionId") REFERENCES "CaseLegalSections"("Id") ON DELETE CASCADE,
    CONSTRAINT "FK_CaseLegalProcedures_LegalProcedures_LegalProcedureId" FOREIGN KEY ("LegalProcedureId") REFERENCES "LegalProcedures"("Id") ON DELETE RESTRICT
);
2026-06-06 14:35:17.644 +06:00 [INF] Executed DbCommand (2ms) [Parameters=[], CommandType='"Text"', CommandTimeout='30']
CREATE TABLE IF NOT EXISTS "Bails" (
    "Id" uuid NOT NULL,
    "CaseId" uuid NOT NULL,
    "Status" character varying(20) NOT NULL DEFAULT 'Pending',
    "BailAmount" numeric(18,2),
    "BailConditions" character varying(2000),
    "BailGrantedAt" timestamp with time zone,
    "BailHearingDate" timestamp with time zone,
    "BondNumber" character varying(100),
    "SuretyName" character varying(255),
    "SuretyAddress" character varying(500),
    "SuretyContact" character varying(50),
    "RevokedAt" timestamp with time zone,
    "RevokedReason" character varying(2000),
    "GrantedBy" character varying(255),
    "Notes" character varying(2000),
    "CreatedAt" timestamp with time zone NOT NULL,
    "UpdatedAt" timestamp with time zone,
    "IsDeleted" boolean NOT NULL DEFAULT false,
    CONSTRAINT "PK_Bails" PRIMARY KEY ("Id"),
    CONSTRAINT "FK_Bails_Cases_CaseId" FOREIGN KEY ("CaseId") REFERENCES "Cases"("Id") ON DELETE CASCADE
);
2026-06-06 14:35:17.646 +06:00 [INF] Executed DbCommand (2ms) [Parameters=[], CommandType='"Text"', CommandTimeout='30']
CREATE TABLE IF NOT EXISTS "Leads" (
    "Id" uuid NOT NULL,
    "ChamberId" uuid NOT NULL,
    "Name" character varying(500) NOT NULL,
    "Phone" character varying(50) NOT NULL,
    "Email" character varying(320) NOT NULL,
    "CompanyName" character varying(500),
    "CaseType" character varying(200),
    "EstimatedValue" numeric NOT NULL DEFAULT 0,
    "LeadSource" character varying(200) NOT NULL DEFAULT '',
    "Stage" character varying(100) NOT NULL DEFAULT 'NewLead',
    "AssignedLawyerId" uuid,
    "Notes" text,
    "AttachmentsJson" text,
    "FollowUpDate" timestamp with time zone,
    "LastContactedAt" timestamp with time zone,
    "Score" integer NOT NULL DEFAULT 0,
    "ConvertedAt" timestamp with time zone NOT NULL DEFAULT '-infinity',
    "LostReason" character varying(1000),
    "CreatedAt" timestamp with time zone NOT NULL,
    "UpdatedAt" timestamp with time zone,
    "IsDeleted" boolean NOT NULL DEFAULT false,
    CONSTRAINT "PK_Leads" PRIMARY KEY ("Id"),
    CONSTRAINT "FK_Leads_Chambers_ChamberId" FOREIGN KEY ("ChamberId") REFERENCES "Chambers"("Id") ON DELETE CASCADE,
    CONSTRAINT "FK_Leads_Users_AssignedLawyerId" FOREIGN KEY ("AssignedLawyerId") REFERENCES "Users"("Id") ON DELETE SET NULL
);
2026-06-06 14:35:17.648 +06:00 [INF] Executed DbCommand (2ms) [Parameters=[], CommandType='"Text"', CommandTimeout='30']
CREATE TABLE IF NOT EXISTS "TimeEntries" (
    "Id" uuid NOT NULL,
    "UserId" uuid NOT NULL,
    "ClientId" uuid,
    "CaseId" uuid,
    "TaskId" uuid,
    "InvoiceId" uuid,
    "Description" character varying(2000) NOT NULL DEFAULT '',
    "Category" character varying(100) NOT NULL DEFAULT 'General',
    "StartTime" timestamp with time zone NOT NULL,
    "EndTime" timestamp with time zone,
    "DurationMinutes" double precision NOT NULL DEFAULT 0,
    "HourlyRate" numeric NOT NULL DEFAULT 0,
    "Billable" boolean NOT NULL DEFAULT true,
    "Status" character varying(50) NOT NULL DEFAULT 'Running',
    "ChamberId" uuid NOT NULL,
    "CreatedAt" timestamp with time zone NOT NULL,
    "UpdatedAt" timestamp with time zone,
    "IsDeleted" boolean NOT NULL DEFAULT false,
    CONSTRAINT "PK_TimeEntries" PRIMARY KEY ("Id"),
    CONSTRAINT "FK_TimeEntries_Users_UserId" FOREIGN KEY ("UserId") REFERENCES "Users"("Id") ON DELETE CASCADE,
    CONSTRAINT "FK_TimeEntries_Cases_CaseId" FOREIGN KEY ("CaseId") REFERENCES "Cases"("Id") ON DELETE SET NULL,
    CONSTRAINT "FK_TimeEntries_Tasks_TaskId" FOREIGN KEY ("TaskId") REFERENCES "Tasks"("Id") ON DELETE SET NULL,
    CONSTRAINT "FK_TimeEntries_Invoices_InvoiceId" FOREIGN KEY ("InvoiceId") REFERENCES "Invoices"("Id") ON DELETE SET NULL,
    CONSTRAINT "FK_TimeEntries_Clients_ClientId" FOREIGN KEY ("ClientId") REFERENCES "Clients"("Id") ON DELETE SET NULL,
    CONSTRAINT "FK_TimeEntries_Chambers_ChamberId" FOREIGN KEY ("ChamberId") REFERENCES "Chambers"("Id") ON DELETE CASCADE
);
2026-06-06 14:35:17.650 +06:00 [INF] Executed DbCommand (1ms) [Parameters=[], CommandType='"Text"', CommandTimeout='30']
CREATE TABLE IF NOT EXISTS "Messages" (
    "Id" uuid NOT NULL,
    "SenderId" uuid NOT NULL,
    "ReceiverId" uuid NOT NULL,
    "CaseId" uuid,
    "Content" text NOT NULL DEFAULT '',
    "AttachmentUrl" character varying(2000),
    "AttachmentFileName" character varying(500),
    "IsRead" boolean NOT NULL DEFAULT false,
    "ReadAt" timestamp with time zone,
    "IsClientVisible" boolean NOT NULL DEFAULT true,
    "CreatedAt" timestamp with time zone NOT NULL,
    "UpdatedAt" timestamp with time zone,
    "IsDeleted" boolean NOT NULL DEFAULT false,
    CONSTRAINT "PK_Messages" PRIMARY KEY ("Id"),
    CONSTRAINT "FK_Messages_Users_SenderId" FOREIGN KEY ("SenderId") REFERENCES "Users"("Id") ON DELETE CASCADE,
    CONSTRAINT "FK_Messages_Users_ReceiverId" FOREIGN KEY ("ReceiverId") REFERENCES "Users"("Id") ON DELETE CASCADE,
    CONSTRAINT "FK_Messages_Cases_CaseId" FOREIGN KEY ("CaseId") REFERENCES "Cases"("Id") ON DELETE SET NULL
);
2026-06-06 14:35:18.728 +06:00 [INF] Executed DbCommand (12ms) [Parameters=[], CommandType='"Text"', CommandTimeout='30']
SELECT EXISTS (
    SELECT 1
    FROM "Chambers" AS c
    WHERE c."Id" = 'c0000000-0000-0000-0000-000000000001')
2026-06-06 14:35:18.940 +06:00 [INF] Executed DbCommand (11ms) [Parameters=[@seed_Email='?'], CommandType='"Text"', CommandTimeout='30']
SELECT u."Id", u."AvatarUrl", u."BarCouncilId", u."ChamberId", u."ClientId", u."CreatedAt", u."Email", u."FullName", u."IsActive", u."IsDeleted", u."LastLoginAt", u."LastLoginIp", u."LockoutEnd", u."LoginAttempts", u."PasswordHash", u."Phone", u."RefreshToken", u."RefreshTokenExpiry", u."Role", u."Status", u."TwoFactorEnabled", u."TwoFactorSecret", u."TwoFactorVerifiedAt", u."UpdatedAt"
FROM "Users" AS u
WHERE u."Email" = @seed_Email
LIMIT 1
2026-06-06 14:35:19.502 +06:00 [INF] Executed DbCommand (4ms) [Parameters=[@seed_Email='?'], CommandType='"Text"', CommandTimeout='30']
SELECT u."Id", u."AvatarUrl", u."BarCouncilId", u."ChamberId", u."ClientId", u."CreatedAt", u."Email", u."FullName", u."IsActive", u."IsDeleted", u."LastLoginAt", u."LastLoginIp", u."LockoutEnd", u."LoginAttempts", u."PasswordHash", u."Phone", u."RefreshToken", u."RefreshTokenExpiry", u."Role", u."Status", u."TwoFactorEnabled", u."TwoFactorSecret", u."TwoFactorVerifiedAt", u."UpdatedAt"
FROM "Users" AS u
WHERE u."Email" = @seed_Email
LIMIT 1
2026-06-06 14:35:19.519 +06:00 [INF] Executed DbCommand (4ms) [Parameters=[], CommandType='"Text"', CommandTimeout='30']
SELECT EXISTS (
    SELECT 1
    FROM "Subscriptions" AS s
    WHERE s."Id" = 'b2c3d4e5-f6a7-8901-bcde-f12345678901')
2026-06-06 14:35:19.538 +06:00 [INF] Executed DbCommand (7ms) [Parameters=[], CommandType='"Text"', CommandTimeout='30']
SELECT EXISTS (
    SELECT 1
    FROM "Organizations" AS o
    WHERE o."Id" = 'd0000000-0000-0000-0000-000000000001')
2026-06-06 14:35:19.746 +06:00 [INF] Executed DbCommand (5ms) [Parameters=[], CommandType='"Text"', CommandTimeout='30']
SELECT EXISTS (
    SELECT 1
    FROM "OrganizationMembers" AS o
    WHERE o."OrganizationId" = 'd0000000-0000-0000-0000-000000000001' AND o."UserId" = 'a1b2c3d4-e5f6-7890-abcd-ef1234567890')
2026-06-06 14:35:20.296 +06:00 [INF] Executed DbCommand (17ms) [Parameters=[@p0='?' (DbType = Guid), @p1='?', @p2='?' (DbType = DateTime), @p3='?', @p4='?', @p5='?' (DbType = Boolean), @p6='?' (DbType = Boolean), @p7='?', @p8='?', @p9='?' (DbType = Guid), @p10='?', @p11='?', @p12='?' (DbType = DateTime), @p13='?', @p14='?' (DbType = Guid), @p15='?' (DbType = DateTime), @p16='?' (DbType = DateTime), @p17='?' (DbType = DateTime), @p18='?', @p19='?' (DbType = Boolean), @p20='?' (DbType = Guid), @p21='?', @p22='?' (DbType = DateTime), @p23='?' (DbType = Guid)], CommandType='"Text"', CommandTimeout='30']
INSERT INTO "Organizations" ("Id", "Address", "CreatedAt", "Description", "Email", "IsActive", "IsDeleted", "LogoUrl", "Name", "OwnerId", "Phone", "Slug", "UpdatedAt", "Website")
VALUES (@p0, @p1, @p2, @p3, @p4, @p5, @p6, @p7, @p8, @p9, @p10, @p11, @p12, @p13);
INSERT INTO "OrganizationMembers" ("Id", "AcceptedAt", "CreatedAt", "InvitedAt", "InvitedEmail", "IsDeleted", "OrganizationId", "Role", "UpdatedAt", "UserId")
VALUES (@p14, @p15, @p16, @p17, @p18, @p19, @p20, @p21, @p22, @p23);
2026-06-06 14:35:20.420 +06:00 [INF] User profile is available. Using 'C:\Users\mdmah\AppData\Local\ASP.NET\DataProtection-Keys' as key repository and Windows DPAPI to encrypt keys at rest.
2026-06-06 14:35:20.553 +06:00 [INF] Reminder automation worker started
2026-06-06 14:35:20.703 +06:00 [INF] Executed DbCommand (2ms) [Parameters=[], CommandType='"Text"', CommandTimeout='30']
SELECT c."Id"
FROM "Chambers" AS c
WHERE NOT (c."IsDeleted")
2026-06-06 14:35:20.754 +06:00 [INF] Executed DbCommand (3ms) [Parameters=[@chamberId='?' (DbType = Guid)], CommandType='"Text"', CommandTimeout='30']
SELECT u."Id", u."AvatarUrl", u."BarCouncilId", u."ChamberId", u."ClientId", u."CreatedAt", u."Email", u."FullName", u."IsActive", u."IsDeleted", u."LastLoginAt", u."LastLoginIp", u."LockoutEnd", u."LoginAttempts", u."PasswordHash", u."Phone", u."RefreshToken", u."RefreshTokenExpiry", u."Role", u."Status", u."TwoFactorEnabled", u."TwoFactorSecret", u."TwoFactorVerifiedAt", u."UpdatedAt"
FROM "Users" AS u
WHERE NOT (u."IsDeleted") AND u."ChamberId" = @chamberId AND u."IsActive" AND NOT (u."IsDeleted")
2026-06-06 14:35:21.122 +06:00 [INF] Executed DbCommand (14ms) [Parameters=[@chamberId='?' (DbType = Guid), @user_Id='?' (DbType = Guid), @now='?' (DbType = DateTime)], CommandType='"Text"', CommandTimeout='30']
SELECT h."Id", h."CaseId", h."Courtroom", h."CreatedAt", h."HearingDate", h."IsDeleted", h."JudgeName", h."NextHearingDate", h."Notes", h."ReminderSent", h."Result", h."Status", h."UpdatedAt", c0."Id", c0."ActsAndSections", c0."AppealStatus", c0."AssignedLawyerId", c0."Bench", c0."BillingMethod", c0."BudgetLimit", c0."CaseNumber", c0."CaseTemplateId", c0."CaseType", c0."ChamberId", c0."ClosingDate", c0."ComplexityScore", c0."CourtName", c0."CreatedAt", c0."CriticalDeadlines", c0."Department", c0."Description", c0."ExpenseBudget", c0."FilingDate", c0."FirNumber", c0."FixedFee", c0."GdNumber", c0."HourlyRate", c0."InternalNotes", c0."IsDeleted", c0."JudgeName", c0."Jurisdiction", c0."LimitationExpiry", c0."NextHearingDate", c0."Opponent", c0."OpposingLawyer", c0."PoliceStation", c0."PracticeArea", c0."Priority", c0."Prosecutor", c0."RetainerAmount", c0."RiskLevel", c0."Status", c0."TeamId", c0."Title", c0."UpdatedAt", c0."WorkflowTemplateId"
FROM "Hearings" AS h
INNER JOIN (
    SELECT c."Id", c."ActsAndSections", c."AppealStatus", c."AssignedLawyerId", c."Bench", c."BillingMethod", c."BudgetLimit", c."CaseNumber", c."CaseTemplateId", c."CaseType", c."ChamberId", c."ClosingDate", c."ComplexityScore", c."CourtName", c."CreatedAt", c."CriticalDeadlines", c."Department", c."Description", c."ExpenseBudget", c."FilingDate", c."FirNumber", c."FixedFee", c."GdNumber", c."HourlyRate", c."InternalNotes", c."IsDeleted", c."JudgeName", c."Jurisdiction", c."LimitationExpiry", c."NextHearingDate", c."Opponent", c."OpposingLawyer", c."PoliceStation", c."PracticeArea", c."Priority", c."Prosecutor", c."RetainerAmount", c."RiskLevel", c."Status", c."TeamId", c."Title", c."UpdatedAt", c."WorkflowTemplateId"
    FROM "Cases" AS c
    WHERE NOT (c."IsDeleted")
) AS c0 ON h."CaseId" = c0."Id"
WHERE NOT (h."IsDeleted") AND c0."ChamberId" = @chamberId AND c0."AssignedLawyerId" = @user_Id AND NOT (h."IsDeleted") AND h."HearingDate" > @now
2026-06-06 14:35:21.179 +06:00 [INF] Executed DbCommand (8ms) [Parameters=[@chamberId='?' (DbType = Guid), @user_Id='?' (DbType = Guid), @now='?' (DbType = DateTime)], CommandType='"Text"', CommandTimeout='30']
SELECT t."Id", t."ActualHours", t."AssignedBy", t."AssignedTo", t."CaseId", t."ChamberId", t."CompletedAt", t."CreatedAt", t."Description", t."DueDate", t."EstimatedHours", t."IsDeleted", t."IsRecurring", t."Priority", t."RecurrenceInterval", t."RecurrencePattern", t."SortOrder", t."Status", t."Title", t."UpdatedAt"
FROM "Tasks" AS t
WHERE NOT (t."IsDeleted") AND t."ChamberId" = @chamberId AND NOT (t."IsDeleted") AND t."AssignedTo" = @user_Id AND t."Status" = 'Pending' AND t."DueDate" < @now
2026-06-06 14:35:21.157 +06:00 [ERR] Hosting failed to start
System.IO.IOException: Failed to bind to address http://[::1]:5000: address already in use.
 ---> Microsoft.AspNetCore.Connections.AddressInUseException: Only one usage of each socket address (protocol/network address/port) is normally permitted.
 ---> System.Net.Sockets.SocketException (10048): Only one usage of each socket address (protocol/network address/port) is normally permitted.
   at System.Net.Sockets.Socket.UpdateStatusAfterSocketErrorAndThrowException(SocketError error, Boolean disconnectOnFailure, String callerName)
   at System.Net.Sockets.Socket.DoBind(EndPoint endPointSnapshot, SocketAddress socketAddress)
   at System.Net.Sockets.Socket.Bind(EndPoint localEP)
   at Microsoft.AspNetCore.Server.Kestrel.Transport.Sockets.SocketTransportOptions.CreateDefaultBoundListenSocket(EndPoint endpoint)
   at Microsoft.AspNetCore.Server.Kestrel.Transport.Sockets.SocketConnectionListener.Bind()
   --- End of inner exception stack trace ---
   at Microsoft.AspNetCore.Server.Kestrel.Transport.Sockets.SocketConnectionListener.Bind()
   at Microsoft.AspNetCore.Server.Kestrel.Transport.Sockets.SocketTransportFactory.BindAsync(EndPoint endpoint, CancellationToken cancellationToken)
   at Microsoft.AspNetCore.Server.Kestrel.Core.Internal.Infrastructure.TransportManager.BindAsync(EndPoint endPoint, ConnectionDelegate connectionDelegate, EndpointConfig endpointConfig, CancellationToken cancellationToken)
   at Microsoft.AspNetCore.Server.Kestrel.Core.KestrelServerImpl.<>c__DisplayClass28_0`1.<<StartAsync>g__OnBind|0>d.MoveNext()
--- End of stack trace from previous location ---
   at Microsoft.AspNetCore.Server.Kestrel.Core.Internal.AddressBinder.BindEndpointAsync(ListenOptions endpoint, AddressBindContext context, CancellationToken cancellationToken)
   --- End of inner exception stack trace ---
   at Microsoft.AspNetCore.Server.Kestrel.Core.Internal.AddressBinder.BindEndpointAsync(ListenOptions endpoint, AddressBindContext context, CancellationToken cancellationToken)
   at Microsoft.AspNetCore.Server.Kestrel.Core.LocalhostListenOptions.BindAsync(AddressBindContext context, CancellationToken cancellationToken)
   at Microsoft.AspNetCore.Server.Kestrel.Core.Internal.AddressBinder.AddressesStrategy.BindAsync(AddressBindContext context, CancellationToken cancellationToken)
   at Microsoft.AspNetCore.Server.Kestrel.Core.KestrelServerImpl.BindAsync(CancellationToken cancellationToken)
   at Microsoft.AspNetCore.Server.Kestrel.Core.KestrelServerImpl.StartAsync[TContext](IHttpApplication`1 application, CancellationToken cancellationToken)
   at Microsoft.AspNetCore.Hosting.GenericWebHostService.StartAsync(CancellationToken cancellationToken)
   at Microsoft.Extensions.Hosting.Internal.Host.<StartAsync>b__14_1(IHostedService service, CancellationToken token)
   at Microsoft.Extensions.Hosting.Internal.Host.ForeachService[T](IEnumerable`1 services, CancellationToken token, Boolean concurrent, Boolean abortOnFirstException, List`1 exceptions, Func`3 operation)
2026-06-06 14:35:21.192 +06:00 [FTL] Application terminated unexpectedly
System.IO.IOException: Failed to bind to address http://[::1]:5000: address already in use.
 ---> Microsoft.AspNetCore.Connections.AddressInUseException: Only one usage of each socket address (protocol/network address/port) is normally permitted.
 ---> System.Net.Sockets.SocketException (10048): Only one usage of each socket address (protocol/network address/port) is normally permitted.
   at System.Net.Sockets.Socket.UpdateStatusAfterSocketErrorAndThrowException(SocketError error, Boolean disconnectOnFailure, String callerName)
   at System.Net.Sockets.Socket.DoBind(EndPoint endPointSnapshot, SocketAddress socketAddress)
   at System.Net.Sockets.Socket.Bind(EndPoint localEP)
   at Microsoft.AspNetCore.Server.Kestrel.Transport.Sockets.SocketTransportOptions.CreateDefaultBoundListenSocket(EndPoint endpoint)
   at Microsoft.AspNetCore.Server.Kestrel.Transport.Sockets.SocketConnectionListener.Bind()
   --- End of inner exception stack trace ---
   at Microsoft.AspNetCore.Server.Kestrel.Transport.Sockets.SocketConnectionListener.Bind()
   at Microsoft.AspNetCore.Server.Kestrel.Transport.Sockets.SocketTransportFactory.BindAsync(EndPoint endpoint, CancellationToken cancellationToken)
   at Microsoft.AspNetCore.Server.Kestrel.Core.Internal.Infrastructure.TransportManager.BindAsync(EndPoint endPoint, ConnectionDelegate connectionDelegate, EndpointConfig endpointConfig, CancellationToken cancellationToken)
   at Microsoft.AspNetCore.Server.Kestrel.Core.KestrelServerImpl.<>c__DisplayClass28_0`1.<<StartAsync>g__OnBind|0>d.MoveNext()
--- End of stack trace from previous location ---
   at Microsoft.AspNetCore.Server.Kestrel.Core.Internal.AddressBinder.BindEndpointAsync(ListenOptions endpoint, AddressBindContext context, CancellationToken cancellationToken)
   --- End of inner exception stack trace ---
   at Microsoft.AspNetCore.Server.Kestrel.Core.Internal.AddressBinder.BindEndpointAsync(ListenOptions endpoint, AddressBindContext context, CancellationToken cancellationToken)
   at Microsoft.AspNetCore.Server.Kestrel.Core.LocalhostListenOptions.BindAsync(AddressBindContext context, CancellationToken cancellationToken)
   at Microsoft.AspNetCore.Server.Kestrel.Core.Internal.AddressBinder.AddressesStrategy.BindAsync(AddressBindContext context, CancellationToken cancellationToken)
   at Microsoft.AspNetCore.Server.Kestrel.Core.KestrelServerImpl.BindAsync(CancellationToken cancellationToken)
   at Microsoft.AspNetCore.Server.Kestrel.Core.KestrelServerImpl.StartAsync[TContext](IHttpApplication`1 application, CancellationToken cancellationToken)
   at Microsoft.AspNetCore.Hosting.GenericWebHostService.StartAsync(CancellationToken cancellationToken)
   at Microsoft.Extensions.Hosting.Internal.Host.<StartAsync>b__14_1(IHostedService service, CancellationToken token)
   at Microsoft.Extensions.Hosting.Internal.Host.ForeachService[T](IEnumerable`1 services, CancellationToken token, Boolean concurrent, Boolean abortOnFirstException, List`1 exceptions, Func`3 operation)
   at Microsoft.Extensions.Hosting.Internal.Host.StartAsync(CancellationToken cancellationToken)
   at Microsoft.Extensions.Hosting.HostingAbstractionsHostExtensions.RunAsync(IHost host, CancellationToken token)
   at Microsoft.Extensions.Hosting.HostingAbstractionsHostExtensions.RunAsync(IHost host, CancellationToken token)
   at Microsoft.Extensions.Hosting.HostingAbstractionsHostExtensions.Run(IHost host)
   at Program.<Main>$(String[] args) in C:\Users\mdmah\Desktop\Verdiq\backend\Verdiq.API\Program.cs:line 218
2026-06-06 14:35:49.367 +06:00 [WRN] Entity 'Document' has a global query filter defined and is the required end of a relationship with the entity 'DocumentActivity'. This may lead to unexpected results when the required entity is filtered out. Either configure the navigation as optional, or define matching query filters for both entities in the navigation. See https://go.microsoft.com/fwlink/?linkid=2131316 for more information.
2026-06-06 14:35:49.442 +06:00 [WRN] Entity 'Document' has a global query filter defined and is the required end of a relationship with the entity 'DocumentFavorite'. This may lead to unexpected results when the required entity is filtered out. Either configure the navigation as optional, or define matching query filters for both entities in the navigation. See https://go.microsoft.com/fwlink/?linkid=2131316 for more information.
2026-06-06 14:35:49.443 +06:00 [WRN] Entity 'Document' has a global query filter defined and is the required end of a relationship with the entity 'DocumentShare'. This may lead to unexpected results when the required entity is filtered out. Either configure the navigation as optional, or define matching query filters for both entities in the navigation. See https://go.microsoft.com/fwlink/?linkid=2131316 for more information.
2026-06-06 14:35:49.444 +06:00 [WRN] Entity 'Task' has a global query filter defined and is the required end of a relationship with the entity 'TaskAttachment'. This may lead to unexpected results when the required entity is filtered out. Either configure the navigation as optional, or define matching query filters for both entities in the navigation. See https://go.microsoft.com/fwlink/?linkid=2131316 for more information.
2026-06-06 14:35:49.444 +06:00 [WRN] Entity 'Task' has a global query filter defined and is the required end of a relationship with the entity 'TaskComment'. This may lead to unexpected results when the required entity is filtered out. Either configure the navigation as optional, or define matching query filters for both entities in the navigation. See https://go.microsoft.com/fwlink/?linkid=2131316 for more information.
2026-06-06 14:35:49.444 +06:00 [WRN] Entity 'Task' has a global query filter defined and is the required end of a relationship with the entity 'TaskWatcher'. This may lead to unexpected results when the required entity is filtered out. Either configure the navigation as optional, or define matching query filters for both entities in the navigation. See https://go.microsoft.com/fwlink/?linkid=2131316 for more information.
2026-06-06 14:35:51.800 +06:00 [INF] Executed DbCommand (210ms) [Parameters=[], CommandType='"Text"', CommandTimeout='30']
SELECT CASE WHEN COUNT(*) = 0 THEN FALSE ELSE TRUE END
FROM pg_class AS cls
JOIN pg_namespace AS ns ON ns.oid = cls.relnamespace
WHERE
        cls.relkind IN ('r', 'v', 'm', 'f', 'p') AND
        ns.nspname NOT IN ('pg_catalog', 'information_schema') AND
        -- Exclude tables which are members of PG extensions
        NOT EXISTS (
            SELECT 1 FROM pg_depend WHERE
                classid=(
                    SELECT cls.oid
                    FROM pg_class AS cls
                             JOIN pg_namespace AS ns ON ns.oid = cls.relnamespace
                    WHERE relname='pg_class' AND ns.nspname='pg_catalog'
                ) AND
                objid=cls.oid AND
                deptype IN ('e', 'x')
        )
2026-06-06 14:35:51.927 +06:00 [INF] Executed DbCommand (23ms) [Parameters=[], CommandType='"Text"', CommandTimeout='30']
ALTER TABLE "Users" ADD COLUMN IF NOT EXISTS "TwoFactorEnabled" boolean NOT NULL DEFAULT false;
ALTER TABLE "Users" ADD COLUMN IF NOT EXISTS "TwoFactorSecret" character varying(256);
ALTER TABLE "Users" ADD COLUMN IF NOT EXISTS "TwoFactorVerifiedAt" timestamp with time zone;
ALTER TABLE "Users" ADD COLUMN IF NOT EXISTS "LoginAttempts" integer NOT NULL DEFAULT 0;
ALTER TABLE "Users" ADD COLUMN IF NOT EXISTS "LockoutEnd" timestamp with time zone;
ALTER TABLE "Users" ADD COLUMN IF NOT EXISTS "LastLoginAt" timestamp with time zone;
ALTER TABLE "Users" ADD COLUMN IF NOT EXISTS "LastLoginIp" character varying(50);
ALTER TABLE "Users" ADD COLUMN IF NOT EXISTS "ClientId" uuid;
2026-06-06 14:35:51.936 +06:00 [INF] Executed DbCommand (6ms) [Parameters=[], CommandType='"Text"', CommandTimeout='30']
ALTER TABLE "Documents" ADD COLUMN IF NOT EXISTS "StorageProvider" character varying(50) NOT NULL DEFAULT 'Local';
ALTER TABLE "Documents" ADD COLUMN IF NOT EXISTS "StorageKey" character varying(500);
ALTER TABLE "Documents" ADD COLUMN IF NOT EXISTS "Version" integer NOT NULL DEFAULT 1;
ALTER TABLE "Documents" ADD COLUMN IF NOT EXISTS "Visibility" character varying(50) NOT NULL DEFAULT 'InternalOnly';
ALTER TABLE "Documents" ADD COLUMN IF NOT EXISTS "SharedWithClientId" uuid;
2026-06-06 14:35:51.949 +06:00 [INF] Executed DbCommand (8ms) [Parameters=[], CommandType='"Text"', CommandTimeout='30']
ALTER TABLE "Clients" ADD COLUMN IF NOT EXISTS "ClientType" character varying(100);
ALTER TABLE "Clients" ADD COLUMN IF NOT EXISTS "ClientCode" character varying(100);
ALTER TABLE "Clients" ADD COLUMN IF NOT EXISTS "PassportNumber" character varying(50);
ALTER TABLE "Clients" ADD COLUMN IF NOT EXISTS "DateOfBirth" timestamp with time zone;
ALTER TABLE "Clients" ADD COLUMN IF NOT EXISTS "Gender" character varying(20);
ALTER TABLE "Clients" ADD COLUMN IF NOT EXISTS "Occupation" character varying(200);
ALTER TABLE "Clients" ADD COLUMN IF NOT EXISTS "Nationality" character varying(100);
ALTER TABLE "Clients" ADD COLUMN IF NOT EXISTS "TradeLicense" character varying(200);
ALTER TABLE "Clients" ADD COLUMN IF NOT EXISTS "RegistrationNumber" character varying(200);
ALTER TABLE "Clients" ADD COLUMN IF NOT EXISTS "TaxVatNumber" character varying(200);
ALTER TABLE "Clients" ADD COLUMN IF NOT EXISTS "AuthorizedRepresentative" character varying(500);
ALTER TABLE "Clients" ADD COLUMN IF NOT EXISTS "Tags" character varying(1000);
ALTER TABLE "Clients" ADD COLUMN IF NOT EXISTS "RiskLevel" character varying(20);
ALTER TABLE "Clients" ADD COLUMN IF NOT EXISTS "ClientCategory" character varying(100);
ALTER TABLE "Clients" ADD COLUMN IF NOT EXISTS "BillingPreference" character varying(100);
ALTER TABLE "Clients" ADD COLUMN IF NOT EXISTS "PaymentTerms" character varying(100);
ALTER TABLE "Clients" ADD COLUMN IF NOT EXISTS "CreditLimit" numeric;
ALTER TABLE "Clients" ADD COLUMN IF NOT EXISTS "PreferredContactMethod" character varying(50);
ALTER TABLE "Clients" ADD COLUMN IF NOT EXISTS "WhatsAppNumber" character varying(50);
ALTER TABLE "Clients" ADD COLUMN IF NOT EXISTS "SecondaryPhone" character varying(50);
ALTER TABLE "Clients" ADD COLUMN IF NOT EXISTS "EmergencyContact" character varying(500);
ALTER TABLE "Clients" ADD COLUMN IF NOT EXISTS "IsBlacklisted" boolean NOT NULL DEFAULT false;
ALTER TABLE "Clients" ADD COLUMN IF NOT EXISTS "UserId" uuid;
2026-06-06 14:35:51.956 +06:00 [INF] Executed DbCommand (7ms) [Parameters=[], CommandType='"Text"', CommandTimeout='30']
ALTER TABLE "Cases" ADD COLUMN IF NOT EXISTS "ActsAndSections" character varying(1000);
ALTER TABLE "Cases" ADD COLUMN IF NOT EXISTS "FirNumber" character varying(100);
ALTER TABLE "Cases" ADD COLUMN IF NOT EXISTS "PoliceStation" character varying(200);
ALTER TABLE "Cases" ADD COLUMN IF NOT EXISTS "ClosingDate" timestamp with time zone;
ALTER TABLE "Cases" ADD COLUMN IF NOT EXISTS "GdNumber" character varying(100);
ALTER TABLE "Cases" ADD COLUMN IF NOT EXISTS "JudgeName" character varying(200);
ALTER TABLE "Cases" ADD COLUMN IF NOT EXISTS "Bench" character varying(200);
ALTER TABLE "Cases" ADD COLUMN IF NOT EXISTS "Prosecutor" character varying(200);
ALTER TABLE "Cases" ADD COLUMN IF NOT EXISTS "OpposingLawyer" character varying(200);
ALTER TABLE "Cases" ADD COLUMN IF NOT EXISTS "Jurisdiction" character varying(200);
ALTER TABLE "Cases" ADD COLUMN IF NOT EXISTS "AppealStatus" character varying(100);
ALTER TABLE "Cases" ADD COLUMN IF NOT EXISTS "RiskLevel" character varying(20);
ALTER TABLE "Cases" ADD COLUMN IF NOT EXISTS "ComplexityScore" integer;
ALTER TABLE "Cases" ADD COLUMN IF NOT EXISTS "PracticeArea" character varying(200);
ALTER TABLE "Cases" ADD COLUMN IF NOT EXISTS "Department" character varying(200);
ALTER TABLE "Cases" ADD COLUMN IF NOT EXISTS "InternalNotes" character varying(4000);
ALTER TABLE "Cases" ADD COLUMN IF NOT EXISTS "RetainerAmount" numeric;
ALTER TABLE "Cases" ADD COLUMN IF NOT EXISTS "BillingMethod" character varying(50);
ALTER TABLE "Cases" ADD COLUMN IF NOT EXISTS "FixedFee" numeric;
ALTER TABLE "Cases" ADD COLUMN IF NOT EXISTS "HourlyRate" numeric;
ALTER TABLE "Cases" ADD COLUMN IF NOT EXISTS "BudgetLimit" numeric;
ALTER TABLE "Cases" ADD COLUMN IF NOT EXISTS "ExpenseBudget" numeric;
ALTER TABLE "Cases" ADD COLUMN IF NOT EXISTS "NextHearingDate" timestamp with time zone;
ALTER TABLE "Cases" ADD COLUMN IF NOT EXISTS "CriticalDeadlines" character varying(2000);
ALTER TABLE "Cases" ADD COLUMN IF NOT EXISTS "LimitationExpiry" timestamp with time zone;
ALTER TABLE "Cases" ADD COLUMN IF NOT EXISTS "CaseTemplateId" uuid;
ALTER TABLE "Cases" ADD COLUMN IF NOT EXISTS "WorkflowTemplateId" uuid;
2026-06-06 14:35:51.961 +06:00 [INF] Executed DbCommand (3ms) [Parameters=[], CommandType='"Text"', CommandTimeout='30']
ALTER TABLE "ClientCases" ADD COLUMN IF NOT EXISTS "Role" character varying(100);
2026-06-06 14:35:51.965 +06:00 [INF] Executed DbCommand (3ms) [Parameters=[], CommandType='"Text"', CommandTimeout='30']
ALTER TABLE "CaseActivities" ADD COLUMN IF NOT EXISTS "IsClientVisible" boolean NOT NULL DEFAULT true;
2026-06-06 14:35:51.969 +06:00 [INF] Executed DbCommand (3ms) [Parameters=[], CommandType='"Text"', CommandTimeout='30']
CREATE TABLE IF NOT EXISTS "ChamberSettings" (
    "Id" uuid NOT NULL,
    "ChamberId" uuid NOT NULL,
    "SettingsJson" jsonb NOT NULL,
    "UpdatedBy" uuid,
    "CreatedAt" timestamp with time zone NOT NULL,
    "UpdatedAt" timestamp with time zone,
    "IsDeleted" boolean NOT NULL DEFAULT false,
    CONSTRAINT "PK_ChamberSettings" PRIMARY KEY ("Id"),
    CONSTRAINT "FK_ChamberSettings_Chambers_ChamberId" FOREIGN KEY ("ChamberId") REFERENCES "Chambers"("Id") ON DELETE CASCADE,
    CONSTRAINT "FK_ChamberSettings_Users_UpdatedBy" FOREIGN KEY ("UpdatedBy") REFERENCES "Users"("Id") ON DELETE SET NULL
);
CREATE UNIQUE INDEX IF NOT EXISTS "IX_ChamberSettings_ChamberId" ON "ChamberSettings"("ChamberId");
2026-06-06 14:35:51.972 +06:00 [INF] Executed DbCommand (2ms) [Parameters=[], CommandType='"Text"', CommandTimeout='30']
CREATE TABLE IF NOT EXISTS "LegalSections" (
    "Id" uuid NOT NULL,
    "SectionCode" character varying(50) NOT NULL,
    "SectionTitle" character varying(500) NOT NULL,
    "LawName" character varying(255) NOT NULL,
    "Country" character varying(100),
    "Category" character varying(100),
    "Description" character varying(4000),
    "Severity" character varying(20),
    "IsActive" boolean NOT NULL DEFAULT true,
    "ChamberId" uuid NOT NULL,
    "CreatedAt" timestamp with time zone NOT NULL,
    "UpdatedAt" timestamp with time zone,
    "IsDeleted" boolean NOT NULL DEFAULT false,
    CONSTRAINT "PK_LegalSections" PRIMARY KEY ("Id"),
    CONSTRAINT "FK_LegalSections_Chambers_ChamberId" FOREIGN KEY ("ChamberId") REFERENCES "Chambers"("Id") ON DELETE RESTRICT
);
CREATE INDEX IF NOT EXISTS "IX_LegalSections_SectionCode" ON "LegalSections"("SectionCode");
2026-06-06 14:35:51.974 +06:00 [INF] Executed DbCommand (2ms) [Parameters=[], CommandType='"Text"', CommandTimeout='30']
CREATE TABLE IF NOT EXISTS "WorkflowTemplates" (
    "Id" uuid NOT NULL,
    "ChamberId" uuid NOT NULL,
    "Name" character varying(255) NOT NULL,
    "Description" character varying(2000),
    "IsDefault" boolean NOT NULL DEFAULT false,
    "CreatedAt" timestamp with time zone NOT NULL,
    "UpdatedAt" timestamp with time zone,
    "IsDeleted" boolean NOT NULL DEFAULT false,
    CONSTRAINT "PK_WorkflowTemplates" PRIMARY KEY ("Id"),
    CONSTRAINT "FK_WorkflowTemplates_Chambers_ChamberId" FOREIGN KEY ("ChamberId") REFERENCES "Chambers"("Id") ON DELETE CASCADE
);
2026-06-06 14:35:51.977 +06:00 [INF] Executed DbCommand (2ms) [Parameters=[], CommandType='"Text"', CommandTimeout='30']
CREATE TABLE IF NOT EXISTS "WorkflowTemplateSections" (
    "Id" uuid NOT NULL,
    "TemplateId" uuid NOT NULL,
    "LegalSectionId" uuid NOT NULL,
    "DisplayOrder" integer NOT NULL,
    "CreatedAt" timestamp with time zone NOT NULL,
    "UpdatedAt" timestamp with time zone,
    "IsDeleted" boolean NOT NULL DEFAULT false,
    CONSTRAINT "PK_WorkflowTemplateSections" PRIMARY KEY ("Id"),
    CONSTRAINT "FK_WorkflowTemplateSections_WorkflowTemplates_TemplateId" FOREIGN KEY ("TemplateId") REFERENCES "WorkflowTemplates"("Id") ON DELETE CASCADE,
    CONSTRAINT "FK_WorkflowTemplateSections_LegalSections_LegalSectionId" FOREIGN KEY ("LegalSectionId") REFERENCES "LegalSections"("Id") ON DELETE RESTRICT
);
CREATE UNIQUE INDEX IF NOT EXISTS "IX_WorkflowTemplateSections_TemplateId_LegalSectionId" ON "WorkflowTemplateSections"("TemplateId", "LegalSectionId");
2026-06-06 14:35:51.980 +06:00 [INF] Executed DbCommand (2ms) [Parameters=[], CommandType='"Text"', CommandTimeout='30']
CREATE TABLE IF NOT EXISTS "CaseLegalSections" (
    "Id" uuid NOT NULL,
    "CaseId" uuid NOT NULL,
    "LegalSectionId" uuid NOT NULL,
    "CreatedAt" timestamp with time zone NOT NULL,
    "UpdatedAt" timestamp with time zone,
    "IsDeleted" boolean NOT NULL DEFAULT false,
    CONSTRAINT "PK_CaseLegalSections" PRIMARY KEY ("Id"),
    CONSTRAINT "FK_CaseLegalSections_Cases_CaseId" FOREIGN KEY ("CaseId") REFERENCES "Cases"("Id") ON DELETE CASCADE,
    CONSTRAINT "FK_CaseLegalSections_LegalSections_LegalSectionId" FOREIGN KEY ("LegalSectionId") REFERENCES "LegalSections"("Id") ON DELETE RESTRICT
);
CREATE UNIQUE INDEX IF NOT EXISTS "IX_CaseLegalSections_CaseId_LegalSectionId" ON "CaseLegalSections"("CaseId", "LegalSectionId");
2026-06-06 14:35:51.985 +06:00 [INF] Executed DbCommand (4ms) [Parameters=[], CommandType='"Text"', CommandTimeout='30']
ALTER TABLE "LegalProcedures" ADD COLUMN IF NOT EXISTS "StepNumber" integer NOT NULL DEFAULT 0;
ALTER TABLE "LegalProcedures" ADD COLUMN IF NOT EXISTS "Title" character varying(500) NOT NULL DEFAULT '';
ALTER TABLE "LegalProcedures" ADD COLUMN IF NOT EXISTS "RecommendedTimeline" character varying(200);
ALTER TABLE "LegalProcedures" ADD COLUMN IF NOT EXISTS "ResponsibleRole" character varying(50);
ALTER TABLE "LegalProcedures" ADD COLUMN IF NOT EXISTS "IsMandatory" boolean NOT NULL DEFAULT false;
2026-06-06 14:35:52.002 +06:00 [INF] Executed DbCommand (17ms) [Parameters=[], CommandType='"Text"', CommandTimeout='30']
DO $$
BEGIN
    IF EXISTS (SELECT FROM information_schema.columns WHERE table_schema = 'public' AND table_name = 'LegalProcedures' AND column_name = 'Name') THEN
        UPDATE "LegalProcedures" SET "Title" = "Name" WHERE "Title" = '' AND "Name" IS NOT NULL AND "Name" <> '';
    END IF;
    IF EXISTS (SELECT FROM information_schema.columns WHERE table_schema = 'public' AND table_name = 'LegalProcedures' AND column_name = 'Timeline') THEN
        UPDATE "LegalProcedures" SET "RecommendedTimeline" = "Timeline" WHERE "RecommendedTimeline" IS NULL AND "Timeline" IS NOT NULL;
    END IF;
END $$;
2026-06-06 14:35:52.004 +06:00 [INF] Executed DbCommand (2ms) [Parameters=[], CommandType='"Text"', CommandTimeout='30']
CREATE TABLE IF NOT EXISTS "LegalProcedures" (
    "Id" uuid NOT NULL,
    "LegalSectionId" uuid NOT NULL,
    "StepNumber" integer NOT NULL DEFAULT 0,
    "Title" character varying(500) NOT NULL,
    "Description" character varying(4000),
    "RequiredDocuments" character varying(2000),
    "RecommendedTimeline" character varying(200),
    "ResponsibleRole" character varying(50),
    "IsMandatory" boolean NOT NULL DEFAULT false,
    "CreatedAt" timestamp with time zone NOT NULL,
    "UpdatedAt" timestamp with time zone,
    "IsDeleted" boolean NOT NULL DEFAULT false,
    CONSTRAINT "PK_LegalProcedures" PRIMARY KEY ("Id"),
    CONSTRAINT "FK_LegalProcedures_LegalSections_LegalSectionId" FOREIGN KEY ("LegalSectionId") REFERENCES "LegalSections"("Id") ON DELETE CASCADE
);
2026-06-06 14:35:52.009 +06:00 [INF] Executed DbCommand (5ms) [Parameters=[], CommandType='"Text"', CommandTimeout='30']
ALTER TABLE "CaseLegalProcedures" ADD COLUMN IF NOT EXISTS "LegalProcedureId" uuid NOT NULL DEFAULT '00000000-0000-0000-0000-000000000000';
ALTER TABLE "CaseLegalProcedures" ADD COLUMN IF NOT EXISTS "IsCompleted" boolean NOT NULL DEFAULT false;
ALTER TABLE "CaseLegalProcedures" ADD COLUMN IF NOT EXISTS "CompletedBy" character varying(200);
2026-06-06 14:35:52.012 +06:00 [INF] Executed DbCommand (2ms) [Parameters=[], CommandType='"Text"', CommandTimeout='30']
CREATE TABLE IF NOT EXISTS "CaseLegalProcedures" (
    "Id" uuid NOT NULL,
    "CaseLegalSectionId" uuid NOT NULL,
    "LegalProcedureId" uuid NOT NULL,
    "IsCompleted" boolean NOT NULL DEFAULT false,
    "CompletedAt" timestamp with time zone,
    "CompletedBy" character varying(200),
    "Notes" character varying(4000),
    "CreatedAt" timestamp with time zone NOT NULL,
    "UpdatedAt" timestamp with time zone,
    "IsDeleted" boolean NOT NULL DEFAULT false,
    CONSTRAINT "PK_CaseLegalProcedures" PRIMARY KEY ("Id"),
    CONSTRAINT "FK_CaseLegalProcedures_CaseLegalSections_CaseLegalSectionId" FOREIGN KEY ("CaseLegalSectionId") REFERENCES "CaseLegalSections"("Id") ON DELETE CASCADE,
    CONSTRAINT "FK_CaseLegalProcedures_LegalProcedures_LegalProcedureId" FOREIGN KEY ("LegalProcedureId") REFERENCES "LegalProcedures"("Id") ON DELETE RESTRICT
);
2026-06-06 14:35:52.015 +06:00 [INF] Executed DbCommand (3ms) [Parameters=[], CommandType='"Text"', CommandTimeout='30']
CREATE TABLE IF NOT EXISTS "Bails" (
    "Id" uuid NOT NULL,
    "CaseId" uuid NOT NULL,
    "Status" character varying(20) NOT NULL DEFAULT 'Pending',
    "BailAmount" numeric(18,2),
    "BailConditions" character varying(2000),
    "BailGrantedAt" timestamp with time zone,
    "BailHearingDate" timestamp with time zone,
    "BondNumber" character varying(100),
    "SuretyName" character varying(255),
    "SuretyAddress" character varying(500),
    "SuretyContact" character varying(50),
    "RevokedAt" timestamp with time zone,
    "RevokedReason" character varying(2000),
    "GrantedBy" character varying(255),
    "Notes" character varying(2000),
    "CreatedAt" timestamp with time zone NOT NULL,
    "UpdatedAt" timestamp with time zone,
    "IsDeleted" boolean NOT NULL DEFAULT false,
    CONSTRAINT "PK_Bails" PRIMARY KEY ("Id"),
    CONSTRAINT "FK_Bails_Cases_CaseId" FOREIGN KEY ("CaseId") REFERENCES "Cases"("Id") ON DELETE CASCADE
);
2026-06-06 14:35:52.019 +06:00 [INF] Executed DbCommand (2ms) [Parameters=[], CommandType='"Text"', CommandTimeout='30']
CREATE TABLE IF NOT EXISTS "Leads" (
    "Id" uuid NOT NULL,
    "ChamberId" uuid NOT NULL,
    "Name" character varying(500) NOT NULL,
    "Phone" character varying(50) NOT NULL,
    "Email" character varying(320) NOT NULL,
    "CompanyName" character varying(500),
    "CaseType" character varying(200),
    "EstimatedValue" numeric NOT NULL DEFAULT 0,
    "LeadSource" character varying(200) NOT NULL DEFAULT '',
    "Stage" character varying(100) NOT NULL DEFAULT 'NewLead',
    "AssignedLawyerId" uuid,
    "Notes" text,
    "AttachmentsJson" text,
    "FollowUpDate" timestamp with time zone,
    "LastContactedAt" timestamp with time zone,
    "Score" integer NOT NULL DEFAULT 0,
    "ConvertedAt" timestamp with time zone NOT NULL DEFAULT '-infinity',
    "LostReason" character varying(1000),
    "CreatedAt" timestamp with time zone NOT NULL,
    "UpdatedAt" timestamp with time zone,
    "IsDeleted" boolean NOT NULL DEFAULT false,
    CONSTRAINT "PK_Leads" PRIMARY KEY ("Id"),
    CONSTRAINT "FK_Leads_Chambers_ChamberId" FOREIGN KEY ("ChamberId") REFERENCES "Chambers"("Id") ON DELETE CASCADE,
    CONSTRAINT "FK_Leads_Users_AssignedLawyerId" FOREIGN KEY ("AssignedLawyerId") REFERENCES "Users"("Id") ON DELETE SET NULL
);
2026-06-06 14:35:52.021 +06:00 [INF] Executed DbCommand (2ms) [Parameters=[], CommandType='"Text"', CommandTimeout='30']
CREATE TABLE IF NOT EXISTS "TimeEntries" (
    "Id" uuid NOT NULL,
    "UserId" uuid NOT NULL,
    "ClientId" uuid,
    "CaseId" uuid,
    "TaskId" uuid,
    "InvoiceId" uuid,
    "Description" character varying(2000) NOT NULL DEFAULT '',
    "Category" character varying(100) NOT NULL DEFAULT 'General',
    "StartTime" timestamp with time zone NOT NULL,
    "EndTime" timestamp with time zone,
    "DurationMinutes" double precision NOT NULL DEFAULT 0,
    "HourlyRate" numeric NOT NULL DEFAULT 0,
    "Billable" boolean NOT NULL DEFAULT true,
    "Status" character varying(50) NOT NULL DEFAULT 'Running',
    "ChamberId" uuid NOT NULL,
    "CreatedAt" timestamp with time zone NOT NULL,
    "UpdatedAt" timestamp with time zone,
    "IsDeleted" boolean NOT NULL DEFAULT false,
    CONSTRAINT "PK_TimeEntries" PRIMARY KEY ("Id"),
    CONSTRAINT "FK_TimeEntries_Users_UserId" FOREIGN KEY ("UserId") REFERENCES "Users"("Id") ON DELETE CASCADE,
    CONSTRAINT "FK_TimeEntries_Cases_CaseId" FOREIGN KEY ("CaseId") REFERENCES "Cases"("Id") ON DELETE SET NULL,
    CONSTRAINT "FK_TimeEntries_Tasks_TaskId" FOREIGN KEY ("TaskId") REFERENCES "Tasks"("Id") ON DELETE SET NULL,
    CONSTRAINT "FK_TimeEntries_Invoices_InvoiceId" FOREIGN KEY ("InvoiceId") REFERENCES "Invoices"("Id") ON DELETE SET NULL,
    CONSTRAINT "FK_TimeEntries_Clients_ClientId" FOREIGN KEY ("ClientId") REFERENCES "Clients"("Id") ON DELETE SET NULL,
    CONSTRAINT "FK_TimeEntries_Chambers_ChamberId" FOREIGN KEY ("ChamberId") REFERENCES "Chambers"("Id") ON DELETE CASCADE
);
2026-06-06 14:35:52.025 +06:00 [INF] Executed DbCommand (3ms) [Parameters=[], CommandType='"Text"', CommandTimeout='30']
CREATE TABLE IF NOT EXISTS "Messages" (
    "Id" uuid NOT NULL,
    "SenderId" uuid NOT NULL,
    "ReceiverId" uuid NOT NULL,
    "CaseId" uuid,
    "Content" text NOT NULL DEFAULT '',
    "AttachmentUrl" character varying(2000),
    "AttachmentFileName" character varying(500),
    "IsRead" boolean NOT NULL DEFAULT false,
    "ReadAt" timestamp with time zone,
    "IsClientVisible" boolean NOT NULL DEFAULT true,
    "CreatedAt" timestamp with time zone NOT NULL,
    "UpdatedAt" timestamp with time zone,
    "IsDeleted" boolean NOT NULL DEFAULT false,
    CONSTRAINT "PK_Messages" PRIMARY KEY ("Id"),
    CONSTRAINT "FK_Messages_Users_SenderId" FOREIGN KEY ("SenderId") REFERENCES "Users"("Id") ON DELETE CASCADE,
    CONSTRAINT "FK_Messages_Users_ReceiverId" FOREIGN KEY ("ReceiverId") REFERENCES "Users"("Id") ON DELETE CASCADE,
    CONSTRAINT "FK_Messages_Cases_CaseId" FOREIGN KEY ("CaseId") REFERENCES "Cases"("Id") ON DELETE SET NULL
);
2026-06-06 14:35:53.090 +06:00 [INF] Executed DbCommand (14ms) [Parameters=[], CommandType='"Text"', CommandTimeout='30']
SELECT EXISTS (
    SELECT 1
    FROM "Chambers" AS c
    WHERE c."Id" = 'c0000000-0000-0000-0000-000000000001')
2026-06-06 14:35:53.343 +06:00 [INF] Executed DbCommand (11ms) [Parameters=[@seed_Email='?'], CommandType='"Text"', CommandTimeout='30']
SELECT u."Id", u."AvatarUrl", u."BarCouncilId", u."ChamberId", u."ClientId", u."CreatedAt", u."Email", u."FullName", u."IsActive", u."IsDeleted", u."LastLoginAt", u."LastLoginIp", u."LockoutEnd", u."LoginAttempts", u."PasswordHash", u."Phone", u."RefreshToken", u."RefreshTokenExpiry", u."Role", u."Status", u."TwoFactorEnabled", u."TwoFactorSecret", u."TwoFactorVerifiedAt", u."UpdatedAt"
FROM "Users" AS u
WHERE u."Email" = @seed_Email
LIMIT 1
2026-06-06 14:35:53.922 +06:00 [INF] Executed DbCommand (3ms) [Parameters=[@seed_Email='?'], CommandType='"Text"', CommandTimeout='30']
SELECT u."Id", u."AvatarUrl", u."BarCouncilId", u."ChamberId", u."ClientId", u."CreatedAt", u."Email", u."FullName", u."IsActive", u."IsDeleted", u."LastLoginAt", u."LastLoginIp", u."LockoutEnd", u."LoginAttempts", u."PasswordHash", u."Phone", u."RefreshToken", u."RefreshTokenExpiry", u."Role", u."Status", u."TwoFactorEnabled", u."TwoFactorSecret", u."TwoFactorVerifiedAt", u."UpdatedAt"
FROM "Users" AS u
WHERE u."Email" = @seed_Email
LIMIT 1
2026-06-06 14:35:53.941 +06:00 [INF] Executed DbCommand (4ms) [Parameters=[], CommandType='"Text"', CommandTimeout='30']
SELECT EXISTS (
    SELECT 1
    FROM "Subscriptions" AS s
    WHERE s."Id" = 'b2c3d4e5-f6a7-8901-bcde-f12345678901')
2026-06-06 14:35:53.958 +06:00 [INF] Executed DbCommand (5ms) [Parameters=[], CommandType='"Text"', CommandTimeout='30']
SELECT EXISTS (
    SELECT 1
    FROM "Organizations" AS o
    WHERE o."Id" = 'd0000000-0000-0000-0000-000000000001')
2026-06-06 14:35:53.982 +06:00 [INF] Executed DbCommand (5ms) [Parameters=[], CommandType='"Text"', CommandTimeout='30']
SELECT EXISTS (
    SELECT 1
    FROM "OrganizationMembers" AS o
    WHERE o."OrganizationId" = 'd0000000-0000-0000-0000-000000000001' AND o."UserId" = 'a1b2c3d4-e5f6-7890-abcd-ef1234567890')
2026-06-06 14:35:54.236 +06:00 [INF] User profile is available. Using 'C:\Users\mdmah\AppData\Local\ASP.NET\DataProtection-Keys' as key repository and Windows DPAPI to encrypt keys at rest.
2026-06-06 14:35:54.319 +06:00 [INF] Reminder automation worker started
2026-06-06 14:35:54.496 +06:00 [INF] Executed DbCommand (2ms) [Parameters=[], CommandType='"Text"', CommandTimeout='30']
SELECT c."Id"
FROM "Chambers" AS c
WHERE NOT (c."IsDeleted")
2026-06-06 14:35:54.553 +06:00 [INF] Executed DbCommand (4ms) [Parameters=[@chamberId='?' (DbType = Guid)], CommandType='"Text"', CommandTimeout='30']
SELECT u."Id", u."AvatarUrl", u."BarCouncilId", u."ChamberId", u."ClientId", u."CreatedAt", u."Email", u."FullName", u."IsActive", u."IsDeleted", u."LastLoginAt", u."LastLoginIp", u."LockoutEnd", u."LoginAttempts", u."PasswordHash", u."Phone", u."RefreshToken", u."RefreshTokenExpiry", u."Role", u."Status", u."TwoFactorEnabled", u."TwoFactorSecret", u."TwoFactorVerifiedAt", u."UpdatedAt"
FROM "Users" AS u
WHERE NOT (u."IsDeleted") AND u."ChamberId" = @chamberId AND u."IsActive" AND NOT (u."IsDeleted")
2026-06-06 14:35:54.596 +06:00 [ERR] Hosting failed to start
System.IO.IOException: Failed to bind to address http://[::1]:5000: address already in use.
 ---> Microsoft.AspNetCore.Connections.AddressInUseException: Only one usage of each socket address (protocol/network address/port) is normally permitted.
 ---> System.Net.Sockets.SocketException (10048): Only one usage of each socket address (protocol/network address/port) is normally permitted.
   at System.Net.Sockets.Socket.UpdateStatusAfterSocketErrorAndThrowException(SocketError error, Boolean disconnectOnFailure, String callerName)
   at System.Net.Sockets.Socket.DoBind(EndPoint endPointSnapshot, SocketAddress socketAddress)
   at System.Net.Sockets.Socket.Bind(EndPoint localEP)
   at Microsoft.AspNetCore.Server.Kestrel.Transport.Sockets.SocketTransportOptions.CreateDefaultBoundListenSocket(EndPoint endpoint)
   at Microsoft.AspNetCore.Server.Kestrel.Transport.Sockets.SocketConnectionListener.Bind()
   --- End of inner exception stack trace ---
   at Microsoft.AspNetCore.Server.Kestrel.Transport.Sockets.SocketConnectionListener.Bind()
   at Microsoft.AspNetCore.Server.Kestrel.Transport.Sockets.SocketTransportFactory.BindAsync(EndPoint endpoint, CancellationToken cancellationToken)
   at Microsoft.AspNetCore.Server.Kestrel.Core.Internal.Infrastructure.TransportManager.BindAsync(EndPoint endPoint, ConnectionDelegate connectionDelegate, EndpointConfig endpointConfig, CancellationToken cancellationToken)
   at Microsoft.AspNetCore.Server.Kestrel.Core.KestrelServerImpl.<>c__DisplayClass28_0`1.<<StartAsync>g__OnBind|0>d.MoveNext()
--- End of stack trace from previous location ---
   at Microsoft.AspNetCore.Server.Kestrel.Core.Internal.AddressBinder.BindEndpointAsync(ListenOptions endpoint, AddressBindContext context, CancellationToken cancellationToken)
   --- End of inner exception stack trace ---
   at Microsoft.AspNetCore.Server.Kestrel.Core.Internal.AddressBinder.BindEndpointAsync(ListenOptions endpoint, AddressBindContext context, CancellationToken cancellationToken)
   at Microsoft.AspNetCore.Server.Kestrel.Core.LocalhostListenOptions.BindAsync(AddressBindContext context, CancellationToken cancellationToken)
   at Microsoft.AspNetCore.Server.Kestrel.Core.Internal.AddressBinder.AddressesStrategy.BindAsync(AddressBindContext context, CancellationToken cancellationToken)
   at Microsoft.AspNetCore.Server.Kestrel.Core.KestrelServerImpl.BindAsync(CancellationToken cancellationToken)
   at Microsoft.AspNetCore.Server.Kestrel.Core.KestrelServerImpl.StartAsync[TContext](IHttpApplication`1 application, CancellationToken cancellationToken)
   at Microsoft.AspNetCore.Hosting.GenericWebHostService.StartAsync(CancellationToken cancellationToken)
   at Microsoft.Extensions.Hosting.Internal.Host.<StartAsync>b__14_1(IHostedService service, CancellationToken token)
   at Microsoft.Extensions.Hosting.Internal.Host.ForeachService[T](IEnumerable`1 services, CancellationToken token, Boolean concurrent, Boolean abortOnFirstException, List`1 exceptions, Func`3 operation)
2026-06-06 14:35:54.633 +06:00 [FTL] Application terminated unexpectedly
System.IO.IOException: Failed to bind to address http://[::1]:5000: address already in use.
 ---> Microsoft.AspNetCore.Connections.AddressInUseException: Only one usage of each socket address (protocol/network address/port) is normally permitted.
 ---> System.Net.Sockets.SocketException (10048): Only one usage of each socket address (protocol/network address/port) is normally permitted.
   at System.Net.Sockets.Socket.UpdateStatusAfterSocketErrorAndThrowException(SocketError error, Boolean disconnectOnFailure, String callerName)
   at System.Net.Sockets.Socket.DoBind(EndPoint endPointSnapshot, SocketAddress socketAddress)
   at System.Net.Sockets.Socket.Bind(EndPoint localEP)
   at Microsoft.AspNetCore.Server.Kestrel.Transport.Sockets.SocketTransportOptions.CreateDefaultBoundListenSocket(EndPoint endpoint)
   at Microsoft.AspNetCore.Server.Kestrel.Transport.Sockets.SocketConnectionListener.Bind()
   --- End of inner exception stack trace ---
   at Microsoft.AspNetCore.Server.Kestrel.Transport.Sockets.SocketConnectionListener.Bind()
   at Microsoft.AspNetCore.Server.Kestrel.Transport.Sockets.SocketTransportFactory.BindAsync(EndPoint endpoint, CancellationToken cancellationToken)
   at Microsoft.AspNetCore.Server.Kestrel.Core.Internal.Infrastructure.TransportManager.BindAsync(EndPoint endPoint, ConnectionDelegate connectionDelegate, EndpointConfig endpointConfig, CancellationToken cancellationToken)
   at Microsoft.AspNetCore.Server.Kestrel.Core.KestrelServerImpl.<>c__DisplayClass28_0`1.<<StartAsync>g__OnBind|0>d.MoveNext()
--- End of stack trace from previous location ---
   at Microsoft.AspNetCore.Server.Kestrel.Core.Internal.AddressBinder.BindEndpointAsync(ListenOptions endpoint, AddressBindContext context, CancellationToken cancellationToken)
   --- End of inner exception stack trace ---
   at Microsoft.AspNetCore.Server.Kestrel.Core.Internal.AddressBinder.BindEndpointAsync(ListenOptions endpoint, AddressBindContext context, CancellationToken cancellationToken)
   at Microsoft.AspNetCore.Server.Kestrel.Core.LocalhostListenOptions.BindAsync(AddressBindContext context, CancellationToken cancellationToken)
   at Microsoft.AspNetCore.Server.Kestrel.Core.Internal.AddressBinder.AddressesStrategy.BindAsync(AddressBindContext context, CancellationToken cancellationToken)
   at Microsoft.AspNetCore.Server.Kestrel.Core.KestrelServerImpl.BindAsync(CancellationToken cancellationToken)
   at Microsoft.AspNetCore.Server.Kestrel.Core.KestrelServerImpl.StartAsync[TContext](IHttpApplication`1 application, CancellationToken cancellationToken)
   at Microsoft.AspNetCore.Hosting.GenericWebHostService.StartAsync(CancellationToken cancellationToken)
   at Microsoft.Extensions.Hosting.Internal.Host.<StartAsync>b__14_1(IHostedService service, CancellationToken token)
   at Microsoft.Extensions.Hosting.Internal.Host.ForeachService[T](IEnumerable`1 services, CancellationToken token, Boolean concurrent, Boolean abortOnFirstException, List`1 exceptions, Func`3 operation)
   at Microsoft.Extensions.Hosting.Internal.Host.StartAsync(CancellationToken cancellationToken)
   at Microsoft.Extensions.Hosting.HostingAbstractionsHostExtensions.RunAsync(IHost host, CancellationToken token)
   at Microsoft.Extensions.Hosting.HostingAbstractionsHostExtensions.RunAsync(IHost host, CancellationToken token)
   at Microsoft.Extensions.Hosting.HostingAbstractionsHostExtensions.Run(IHost host)
   at Program.<Main>$(String[] args) in C:\Users\mdmah\Desktop\Verdiq\backend\Verdiq.API\Program.cs:line 218
2026-06-06 14:36:26.216 +06:00 [WRN] Entity 'Document' has a global query filter defined and is the required end of a relationship with the entity 'DocumentActivity'. This may lead to unexpected results when the required entity is filtered out. Either configure the navigation as optional, or define matching query filters for both entities in the navigation. See https://go.microsoft.com/fwlink/?linkid=2131316 for more information.
2026-06-06 14:36:26.344 +06:00 [WRN] Entity 'Document' has a global query filter defined and is the required end of a relationship with the entity 'DocumentFavorite'. This may lead to unexpected results when the required entity is filtered out. Either configure the navigation as optional, or define matching query filters for both entities in the navigation. See https://go.microsoft.com/fwlink/?linkid=2131316 for more information.
2026-06-06 14:36:26.345 +06:00 [WRN] Entity 'Document' has a global query filter defined and is the required end of a relationship with the entity 'DocumentShare'. This may lead to unexpected results when the required entity is filtered out. Either configure the navigation as optional, or define matching query filters for both entities in the navigation. See https://go.microsoft.com/fwlink/?linkid=2131316 for more information.
2026-06-06 14:36:26.345 +06:00 [WRN] Entity 'Task' has a global query filter defined and is the required end of a relationship with the entity 'TaskAttachment'. This may lead to unexpected results when the required entity is filtered out. Either configure the navigation as optional, or define matching query filters for both entities in the navigation. See https://go.microsoft.com/fwlink/?linkid=2131316 for more information.
2026-06-06 14:36:26.345 +06:00 [WRN] Entity 'Task' has a global query filter defined and is the required end of a relationship with the entity 'TaskComment'. This may lead to unexpected results when the required entity is filtered out. Either configure the navigation as optional, or define matching query filters for both entities in the navigation. See https://go.microsoft.com/fwlink/?linkid=2131316 for more information.
2026-06-06 14:36:26.345 +06:00 [WRN] Entity 'Task' has a global query filter defined and is the required end of a relationship with the entity 'TaskWatcher'. This may lead to unexpected results when the required entity is filtered out. Either configure the navigation as optional, or define matching query filters for both entities in the navigation. See https://go.microsoft.com/fwlink/?linkid=2131316 for more information.
2026-06-06 14:36:32.148 +06:00 [FTL] Application terminated unexpectedly
System.InvalidOperationException: Cannot connect to the database.
   at Verdiq.Infrastructure.Data.DatabaseInitializer.InitializeAsync(AppDbContext db) in C:\Users\mdmah\Desktop\Verdiq\backend\Verdiq.Infrastructure\Data\DatabaseInitializer.cs:line 19
   at Program.<Main>$(String[] args) in C:\Users\mdmah\Desktop\Verdiq\backend\Verdiq.API\Program.cs:line 214
2026-06-06 14:37:02.336 +06:00 [WRN] Entity 'Document' has a global query filter defined and is the required end of a relationship with the entity 'DocumentActivity'. This may lead to unexpected results when the required entity is filtered out. Either configure the navigation as optional, or define matching query filters for both entities in the navigation. See https://go.microsoft.com/fwlink/?linkid=2131316 for more information.
2026-06-06 14:37:02.401 +06:00 [WRN] Entity 'Document' has a global query filter defined and is the required end of a relationship with the entity 'DocumentFavorite'. This may lead to unexpected results when the required entity is filtered out. Either configure the navigation as optional, or define matching query filters for both entities in the navigation. See https://go.microsoft.com/fwlink/?linkid=2131316 for more information.
2026-06-06 14:37:02.402 +06:00 [WRN] Entity 'Document' has a global query filter defined and is the required end of a relationship with the entity 'DocumentShare'. This may lead to unexpected results when the required entity is filtered out. Either configure the navigation as optional, or define matching query filters for both entities in the navigation. See https://go.microsoft.com/fwlink/?linkid=2131316 for more information.
2026-06-06 14:37:02.402 +06:00 [WRN] Entity 'Task' has a global query filter defined and is the required end of a relationship with the entity 'TaskAttachment'. This may lead to unexpected results when the required entity is filtered out. Either configure the navigation as optional, or define matching query filters for both entities in the navigation. See https://go.microsoft.com/fwlink/?linkid=2131316 for more information.
2026-06-06 14:37:02.402 +06:00 [WRN] Entity 'Task' has a global query filter defined and is the required end of a relationship with the entity 'TaskComment'. This may lead to unexpected results when the required entity is filtered out. Either configure the navigation as optional, or define matching query filters for both entities in the navigation. See https://go.microsoft.com/fwlink/?linkid=2131316 for more information.
2026-06-06 14:37:02.402 +06:00 [WRN] Entity 'Task' has a global query filter defined and is the required end of a relationship with the entity 'TaskWatcher'. This may lead to unexpected results when the required entity is filtered out. Either configure the navigation as optional, or define matching query filters for both entities in the navigation. See https://go.microsoft.com/fwlink/?linkid=2131316 for more information.
2026-06-06 14:37:08.002 +06:00 [FTL] Application terminated unexpectedly
System.InvalidOperationException: Cannot connect to the database.
   at Verdiq.Infrastructure.Data.DatabaseInitializer.InitializeAsync(AppDbContext db) in C:\Users\mdmah\Desktop\Verdiq\backend\Verdiq.Infrastructure\Data\DatabaseInitializer.cs:line 19
   at Program.<Main>$(String[] args) in C:\Users\mdmah\Desktop\Verdiq\backend\Verdiq.API\Program.cs:line 214
2026-06-06 17:12:59.948 +06:00 [WRN] Entity 'Document' has a global query filter defined and is the required end of a relationship with the entity 'DocumentActivity'. This may lead to unexpected results when the required entity is filtered out. Either configure the navigation as optional, or define matching query filters for both entities in the navigation. See https://go.microsoft.com/fwlink/?linkid=2131316 for more information.
2026-06-06 17:13:00.008 +06:00 [WRN] Entity 'Document' has a global query filter defined and is the required end of a relationship with the entity 'DocumentFavorite'. This may lead to unexpected results when the required entity is filtered out. Either configure the navigation as optional, or define matching query filters for both entities in the navigation. See https://go.microsoft.com/fwlink/?linkid=2131316 for more information.
2026-06-06 17:13:00.009 +06:00 [WRN] Entity 'Document' has a global query filter defined and is the required end of a relationship with the entity 'DocumentShare'. This may lead to unexpected results when the required entity is filtered out. Either configure the navigation as optional, or define matching query filters for both entities in the navigation. See https://go.microsoft.com/fwlink/?linkid=2131316 for more information.
2026-06-06 17:13:00.009 +06:00 [WRN] Entity 'Task' has a global query filter defined and is the required end of a relationship with the entity 'TaskAttachment'. This may lead to unexpected results when the required entity is filtered out. Either configure the navigation as optional, or define matching query filters for both entities in the navigation. See https://go.microsoft.com/fwlink/?linkid=2131316 for more information.
2026-06-06 17:13:00.009 +06:00 [WRN] Entity 'Task' has a global query filter defined and is the required end of a relationship with the entity 'TaskComment'. This may lead to unexpected results when the required entity is filtered out. Either configure the navigation as optional, or define matching query filters for both entities in the navigation. See https://go.microsoft.com/fwlink/?linkid=2131316 for more information.
2026-06-06 17:13:00.009 +06:00 [WRN] Entity 'Task' has a global query filter defined and is the required end of a relationship with the entity 'TaskWatcher'. This may lead to unexpected results when the required entity is filtered out. Either configure the navigation as optional, or define matching query filters for both entities in the navigation. See https://go.microsoft.com/fwlink/?linkid=2131316 for more information.
2026-06-06 17:13:01.224 +06:00 [INF] Executed DbCommand (103ms) [Parameters=[], CommandType='"Text"', CommandTimeout='30']
SELECT CASE WHEN COUNT(*) = 0 THEN FALSE ELSE TRUE END
FROM pg_class AS cls
JOIN pg_namespace AS ns ON ns.oid = cls.relnamespace
WHERE
        cls.relkind IN ('r', 'v', 'm', 'f', 'p') AND
        ns.nspname NOT IN ('pg_catalog', 'information_schema') AND
        -- Exclude tables which are members of PG extensions
        NOT EXISTS (
            SELECT 1 FROM pg_depend WHERE
                classid=(
                    SELECT cls.oid
                    FROM pg_class AS cls
                             JOIN pg_namespace AS ns ON ns.oid = cls.relnamespace
                    WHERE relname='pg_class' AND ns.nspname='pg_catalog'
                ) AND
                objid=cls.oid AND
                deptype IN ('e', 'x')
        )
2026-06-06 17:13:01.291 +06:00 [INF] Executed DbCommand (17ms) [Parameters=[], CommandType='"Text"', CommandTimeout='30']
ALTER TABLE "Users" ADD COLUMN IF NOT EXISTS "TwoFactorEnabled" boolean NOT NULL DEFAULT false;
ALTER TABLE "Users" ADD COLUMN IF NOT EXISTS "TwoFactorSecret" character varying(256);
ALTER TABLE "Users" ADD COLUMN IF NOT EXISTS "TwoFactorVerifiedAt" timestamp with time zone;
ALTER TABLE "Users" ADD COLUMN IF NOT EXISTS "LoginAttempts" integer NOT NULL DEFAULT 0;
ALTER TABLE "Users" ADD COLUMN IF NOT EXISTS "LockoutEnd" timestamp with time zone;
ALTER TABLE "Users" ADD COLUMN IF NOT EXISTS "LastLoginAt" timestamp with time zone;
ALTER TABLE "Users" ADD COLUMN IF NOT EXISTS "LastLoginIp" character varying(50);
ALTER TABLE "Users" ADD COLUMN IF NOT EXISTS "ClientId" uuid;
2026-06-06 17:13:01.298 +06:00 [INF] Executed DbCommand (6ms) [Parameters=[], CommandType='"Text"', CommandTimeout='30']
ALTER TABLE "Documents" ADD COLUMN IF NOT EXISTS "StorageProvider" character varying(50) NOT NULL DEFAULT 'Local';
ALTER TABLE "Documents" ADD COLUMN IF NOT EXISTS "StorageKey" character varying(500);
ALTER TABLE "Documents" ADD COLUMN IF NOT EXISTS "Version" integer NOT NULL DEFAULT 1;
ALTER TABLE "Documents" ADD COLUMN IF NOT EXISTS "Visibility" character varying(50) NOT NULL DEFAULT 'InternalOnly';
ALTER TABLE "Documents" ADD COLUMN IF NOT EXISTS "SharedWithClientId" uuid;
2026-06-06 17:13:01.308 +06:00 [INF] Executed DbCommand (9ms) [Parameters=[], CommandType='"Text"', CommandTimeout='30']
ALTER TABLE "Clients" ADD COLUMN IF NOT EXISTS "ClientType" character varying(100);
ALTER TABLE "Clients" ADD COLUMN IF NOT EXISTS "ClientCode" character varying(100);
ALTER TABLE "Clients" ADD COLUMN IF NOT EXISTS "PassportNumber" character varying(50);
ALTER TABLE "Clients" ADD COLUMN IF NOT EXISTS "DateOfBirth" timestamp with time zone;
ALTER TABLE "Clients" ADD COLUMN IF NOT EXISTS "Gender" character varying(20);
ALTER TABLE "Clients" ADD COLUMN IF NOT EXISTS "Occupation" character varying(200);
ALTER TABLE "Clients" ADD COLUMN IF NOT EXISTS "Nationality" character varying(100);
ALTER TABLE "Clients" ADD COLUMN IF NOT EXISTS "TradeLicense" character varying(200);
ALTER TABLE "Clients" ADD COLUMN IF NOT EXISTS "RegistrationNumber" character varying(200);
ALTER TABLE "Clients" ADD COLUMN IF NOT EXISTS "TaxVatNumber" character varying(200);
ALTER TABLE "Clients" ADD COLUMN IF NOT EXISTS "AuthorizedRepresentative" character varying(500);
ALTER TABLE "Clients" ADD COLUMN IF NOT EXISTS "Tags" character varying(1000);
ALTER TABLE "Clients" ADD COLUMN IF NOT EXISTS "RiskLevel" character varying(20);
ALTER TABLE "Clients" ADD COLUMN IF NOT EXISTS "ClientCategory" character varying(100);
ALTER TABLE "Clients" ADD COLUMN IF NOT EXISTS "BillingPreference" character varying(100);
ALTER TABLE "Clients" ADD COLUMN IF NOT EXISTS "PaymentTerms" character varying(100);
ALTER TABLE "Clients" ADD COLUMN IF NOT EXISTS "CreditLimit" numeric;
ALTER TABLE "Clients" ADD COLUMN IF NOT EXISTS "PreferredContactMethod" character varying(50);
ALTER TABLE "Clients" ADD COLUMN IF NOT EXISTS "WhatsAppNumber" character varying(50);
ALTER TABLE "Clients" ADD COLUMN IF NOT EXISTS "SecondaryPhone" character varying(50);
ALTER TABLE "Clients" ADD COLUMN IF NOT EXISTS "EmergencyContact" character varying(500);
ALTER TABLE "Clients" ADD COLUMN IF NOT EXISTS "IsBlacklisted" boolean NOT NULL DEFAULT false;
ALTER TABLE "Clients" ADD COLUMN IF NOT EXISTS "UserId" uuid;
2026-06-06 17:13:01.316 +06:00 [INF] Executed DbCommand (7ms) [Parameters=[], CommandType='"Text"', CommandTimeout='30']
ALTER TABLE "Cases" ADD COLUMN IF NOT EXISTS "ActsAndSections" character varying(1000);
ALTER TABLE "Cases" ADD COLUMN IF NOT EXISTS "FirNumber" character varying(100);
ALTER TABLE "Cases" ADD COLUMN IF NOT EXISTS "PoliceStation" character varying(200);
ALTER TABLE "Cases" ADD COLUMN IF NOT EXISTS "ClosingDate" timestamp with time zone;
ALTER TABLE "Cases" ADD COLUMN IF NOT EXISTS "GdNumber" character varying(100);
ALTER TABLE "Cases" ADD COLUMN IF NOT EXISTS "JudgeName" character varying(200);
ALTER TABLE "Cases" ADD COLUMN IF NOT EXISTS "Bench" character varying(200);
ALTER TABLE "Cases" ADD COLUMN IF NOT EXISTS "Prosecutor" character varying(200);
ALTER TABLE "Cases" ADD COLUMN IF NOT EXISTS "OpposingLawyer" character varying(200);
ALTER TABLE "Cases" ADD COLUMN IF NOT EXISTS "Jurisdiction" character varying(200);
ALTER TABLE "Cases" ADD COLUMN IF NOT EXISTS "AppealStatus" character varying(100);
ALTER TABLE "Cases" ADD COLUMN IF NOT EXISTS "RiskLevel" character varying(20);
ALTER TABLE "Cases" ADD COLUMN IF NOT EXISTS "ComplexityScore" integer;
ALTER TABLE "Cases" ADD COLUMN IF NOT EXISTS "PracticeArea" character varying(200);
ALTER TABLE "Cases" ADD COLUMN IF NOT EXISTS "Department" character varying(200);
ALTER TABLE "Cases" ADD COLUMN IF NOT EXISTS "InternalNotes" character varying(4000);
ALTER TABLE "Cases" ADD COLUMN IF NOT EXISTS "RetainerAmount" numeric;
ALTER TABLE "Cases" ADD COLUMN IF NOT EXISTS "BillingMethod" character varying(50);
ALTER TABLE "Cases" ADD COLUMN IF NOT EXISTS "FixedFee" numeric;
ALTER TABLE "Cases" ADD COLUMN IF NOT EXISTS "HourlyRate" numeric;
ALTER TABLE "Cases" ADD COLUMN IF NOT EXISTS "BudgetLimit" numeric;
ALTER TABLE "Cases" ADD COLUMN IF NOT EXISTS "ExpenseBudget" numeric;
ALTER TABLE "Cases" ADD COLUMN IF NOT EXISTS "NextHearingDate" timestamp with time zone;
ALTER TABLE "Cases" ADD COLUMN IF NOT EXISTS "CriticalDeadlines" character varying(2000);
ALTER TABLE "Cases" ADD COLUMN IF NOT EXISTS "LimitationExpiry" timestamp with time zone;
ALTER TABLE "Cases" ADD COLUMN IF NOT EXISTS "CaseTemplateId" uuid;
ALTER TABLE "Cases" ADD COLUMN IF NOT EXISTS "WorkflowTemplateId" uuid;
2026-06-06 17:13:01.319 +06:00 [INF] Executed DbCommand (3ms) [Parameters=[], CommandType='"Text"', CommandTimeout='30']
ALTER TABLE "ClientCases" ADD COLUMN IF NOT EXISTS "Role" character varying(100);
2026-06-06 17:13:01.324 +06:00 [INF] Executed DbCommand (5ms) [Parameters=[], CommandType='"Text"', CommandTimeout='30']
ALTER TABLE "CaseActivities" ADD COLUMN IF NOT EXISTS "IsClientVisible" boolean NOT NULL DEFAULT true;
2026-06-06 17:13:01.328 +06:00 [INF] Executed DbCommand (3ms) [Parameters=[], CommandType='"Text"', CommandTimeout='30']
CREATE TABLE IF NOT EXISTS "ChamberSettings" (
    "Id" uuid NOT NULL,
    "ChamberId" uuid NOT NULL,
    "SettingsJson" jsonb NOT NULL,
    "UpdatedBy" uuid,
    "CreatedAt" timestamp with time zone NOT NULL,
    "UpdatedAt" timestamp with time zone,
    "IsDeleted" boolean NOT NULL DEFAULT false,
    CONSTRAINT "PK_ChamberSettings" PRIMARY KEY ("Id"),
    CONSTRAINT "FK_ChamberSettings_Chambers_ChamberId" FOREIGN KEY ("ChamberId") REFERENCES "Chambers"("Id") ON DELETE CASCADE,
    CONSTRAINT "FK_ChamberSettings_Users_UpdatedBy" FOREIGN KEY ("UpdatedBy") REFERENCES "Users"("Id") ON DELETE SET NULL
);
CREATE UNIQUE INDEX IF NOT EXISTS "IX_ChamberSettings_ChamberId" ON "ChamberSettings"("ChamberId");
2026-06-06 17:13:01.331 +06:00 [INF] Executed DbCommand (3ms) [Parameters=[], CommandType='"Text"', CommandTimeout='30']
CREATE TABLE IF NOT EXISTS "LegalSections" (
    "Id" uuid NOT NULL,
    "SectionCode" character varying(50) NOT NULL,
    "SectionTitle" character varying(500) NOT NULL,
    "LawName" character varying(255) NOT NULL,
    "Country" character varying(100),
    "Category" character varying(100),
    "Description" character varying(4000),
    "Severity" character varying(20),
    "IsActive" boolean NOT NULL DEFAULT true,
    "ChamberId" uuid NOT NULL,
    "CreatedAt" timestamp with time zone NOT NULL,
    "UpdatedAt" timestamp with time zone,
    "IsDeleted" boolean NOT NULL DEFAULT false,
    CONSTRAINT "PK_LegalSections" PRIMARY KEY ("Id"),
    CONSTRAINT "FK_LegalSections_Chambers_ChamberId" FOREIGN KEY ("ChamberId") REFERENCES "Chambers"("Id") ON DELETE RESTRICT
);
CREATE INDEX IF NOT EXISTS "IX_LegalSections_SectionCode" ON "LegalSections"("SectionCode");
2026-06-06 17:13:01.333 +06:00 [INF] Executed DbCommand (1ms) [Parameters=[], CommandType='"Text"', CommandTimeout='30']
CREATE TABLE IF NOT EXISTS "WorkflowTemplates" (
    "Id" uuid NOT NULL,
    "ChamberId" uuid NOT NULL,
    "Name" character varying(255) NOT NULL,
    "Description" character varying(2000),
    "IsDefault" boolean NOT NULL DEFAULT false,
    "CreatedAt" timestamp with time zone NOT NULL,
    "UpdatedAt" timestamp with time zone,
    "IsDeleted" boolean NOT NULL DEFAULT false,
    CONSTRAINT "PK_WorkflowTemplates" PRIMARY KEY ("Id"),
    CONSTRAINT "FK_WorkflowTemplates_Chambers_ChamberId" FOREIGN KEY ("ChamberId") REFERENCES "Chambers"("Id") ON DELETE CASCADE
);
2026-06-06 17:13:01.336 +06:00 [INF] Executed DbCommand (3ms) [Parameters=[], CommandType='"Text"', CommandTimeout='30']
CREATE TABLE IF NOT EXISTS "WorkflowTemplateSections" (
    "Id" uuid NOT NULL,
    "TemplateId" uuid NOT NULL,
    "LegalSectionId" uuid NOT NULL,
    "DisplayOrder" integer NOT NULL,
    "CreatedAt" timestamp with time zone NOT NULL,
    "UpdatedAt" timestamp with time zone,
    "IsDeleted" boolean NOT NULL DEFAULT false,
    CONSTRAINT "PK_WorkflowTemplateSections" PRIMARY KEY ("Id"),
    CONSTRAINT "FK_WorkflowTemplateSections_WorkflowTemplates_TemplateId" FOREIGN KEY ("TemplateId") REFERENCES "WorkflowTemplates"("Id") ON DELETE CASCADE,
    CONSTRAINT "FK_WorkflowTemplateSections_LegalSections_LegalSectionId" FOREIGN KEY ("LegalSectionId") REFERENCES "LegalSections"("Id") ON DELETE RESTRICT
);
CREATE UNIQUE INDEX IF NOT EXISTS "IX_WorkflowTemplateSections_TemplateId_LegalSectionId" ON "WorkflowTemplateSections"("TemplateId", "LegalSectionId");
2026-06-06 17:13:01.339 +06:00 [INF] Executed DbCommand (2ms) [Parameters=[], CommandType='"Text"', CommandTimeout='30']
CREATE TABLE IF NOT EXISTS "CaseLegalSections" (
    "Id" uuid NOT NULL,
    "CaseId" uuid NOT NULL,
    "LegalSectionId" uuid NOT NULL,
    "CreatedAt" timestamp with time zone NOT NULL,
    "UpdatedAt" timestamp with time zone,
    "IsDeleted" boolean NOT NULL DEFAULT false,
    CONSTRAINT "PK_CaseLegalSections" PRIMARY KEY ("Id"),
    CONSTRAINT "FK_CaseLegalSections_Cases_CaseId" FOREIGN KEY ("CaseId") REFERENCES "Cases"("Id") ON DELETE CASCADE,
    CONSTRAINT "FK_CaseLegalSections_LegalSections_LegalSectionId" FOREIGN KEY ("LegalSectionId") REFERENCES "LegalSections"("Id") ON DELETE RESTRICT
);
CREATE UNIQUE INDEX IF NOT EXISTS "IX_CaseLegalSections_CaseId_LegalSectionId" ON "CaseLegalSections"("CaseId", "LegalSectionId");
2026-06-06 17:13:01.343 +06:00 [INF] Executed DbCommand (4ms) [Parameters=[], CommandType='"Text"', CommandTimeout='30']
ALTER TABLE "LegalProcedures" ADD COLUMN IF NOT EXISTS "StepNumber" integer NOT NULL DEFAULT 0;
ALTER TABLE "LegalProcedures" ADD COLUMN IF NOT EXISTS "Title" character varying(500) NOT NULL DEFAULT '';
ALTER TABLE "LegalProcedures" ADD COLUMN IF NOT EXISTS "RecommendedTimeline" character varying(200);
ALTER TABLE "LegalProcedures" ADD COLUMN IF NOT EXISTS "ResponsibleRole" character varying(50);
ALTER TABLE "LegalProcedures" ADD COLUMN IF NOT EXISTS "IsMandatory" boolean NOT NULL DEFAULT false;
2026-06-06 17:13:01.379 +06:00 [INF] Executed DbCommand (36ms) [Parameters=[], CommandType='"Text"', CommandTimeout='30']
DO $$
BEGIN
    IF EXISTS (SELECT FROM information_schema.columns WHERE table_schema = 'public' AND table_name = 'LegalProcedures' AND column_name = 'Name') THEN
        UPDATE "LegalProcedures" SET "Title" = "Name" WHERE "Title" = '' AND "Name" IS NOT NULL AND "Name" <> '';
    END IF;
    IF EXISTS (SELECT FROM information_schema.columns WHERE table_schema = 'public' AND table_name = 'LegalProcedures' AND column_name = 'Timeline') THEN
        UPDATE "LegalProcedures" SET "RecommendedTimeline" = "Timeline" WHERE "RecommendedTimeline" IS NULL AND "Timeline" IS NOT NULL;
    END IF;
END $$;
2026-06-06 17:13:01.381 +06:00 [INF] Executed DbCommand (1ms) [Parameters=[], CommandType='"Text"', CommandTimeout='30']
CREATE TABLE IF NOT EXISTS "LegalProcedures" (
    "Id" uuid NOT NULL,
    "LegalSectionId" uuid NOT NULL,
    "StepNumber" integer NOT NULL DEFAULT 0,
    "Title" character varying(500) NOT NULL,
    "Description" character varying(4000),
    "RequiredDocuments" character varying(2000),
    "RecommendedTimeline" character varying(200),
    "ResponsibleRole" character varying(50),
    "IsMandatory" boolean NOT NULL DEFAULT false,
    "CreatedAt" timestamp with time zone NOT NULL,
    "UpdatedAt" timestamp with time zone,
    "IsDeleted" boolean NOT NULL DEFAULT false,
    CONSTRAINT "PK_LegalProcedures" PRIMARY KEY ("Id"),
    CONSTRAINT "FK_LegalProcedures_LegalSections_LegalSectionId" FOREIGN KEY ("LegalSectionId") REFERENCES "LegalSections"("Id") ON DELETE CASCADE
);
2026-06-06 17:13:01.384 +06:00 [INF] Executed DbCommand (3ms) [Parameters=[], CommandType='"Text"', CommandTimeout='30']
ALTER TABLE "CaseLegalProcedures" ADD COLUMN IF NOT EXISTS "LegalProcedureId" uuid NOT NULL DEFAULT '00000000-0000-0000-0000-000000000000';
ALTER TABLE "CaseLegalProcedures" ADD COLUMN IF NOT EXISTS "IsCompleted" boolean NOT NULL DEFAULT false;
ALTER TABLE "CaseLegalProcedures" ADD COLUMN IF NOT EXISTS "CompletedBy" character varying(200);
2026-06-06 17:13:01.386 +06:00 [INF] Executed DbCommand (2ms) [Parameters=[], CommandType='"Text"', CommandTimeout='30']
CREATE TABLE IF NOT EXISTS "CaseLegalProcedures" (
    "Id" uuid NOT NULL,
    "CaseLegalSectionId" uuid NOT NULL,
    "LegalProcedureId" uuid NOT NULL,
    "IsCompleted" boolean NOT NULL DEFAULT false,
    "CompletedAt" timestamp with time zone,
    "CompletedBy" character varying(200),
    "Notes" character varying(4000),
    "CreatedAt" timestamp with time zone NOT NULL,
    "UpdatedAt" timestamp with time zone,
    "IsDeleted" boolean NOT NULL DEFAULT false,
    CONSTRAINT "PK_CaseLegalProcedures" PRIMARY KEY ("Id"),
    CONSTRAINT "FK_CaseLegalProcedures_CaseLegalSections_CaseLegalSectionId" FOREIGN KEY ("CaseLegalSectionId") REFERENCES "CaseLegalSections"("Id") ON DELETE CASCADE,
    CONSTRAINT "FK_CaseLegalProcedures_LegalProcedures_LegalProcedureId" FOREIGN KEY ("LegalProcedureId") REFERENCES "LegalProcedures"("Id") ON DELETE RESTRICT
);
2026-06-06 17:13:01.390 +06:00 [INF] Executed DbCommand (2ms) [Parameters=[], CommandType='"Text"', CommandTimeout='30']
CREATE TABLE IF NOT EXISTS "Bails" (
    "Id" uuid NOT NULL,
    "CaseId" uuid NOT NULL,
    "Status" character varying(20) NOT NULL DEFAULT 'Pending',
    "BailAmount" numeric(18,2),
    "BailConditions" character varying(2000),
    "BailGrantedAt" timestamp with time zone,
    "BailHearingDate" timestamp with time zone,
    "BondNumber" character varying(100),
    "SuretyName" character varying(255),
    "SuretyAddress" character varying(500),
    "SuretyContact" character varying(50),
    "RevokedAt" timestamp with time zone,
    "RevokedReason" character varying(2000),
    "GrantedBy" character varying(255),
    "Notes" character varying(2000),
    "CreatedAt" timestamp with time zone NOT NULL,
    "UpdatedAt" timestamp with time zone,
    "IsDeleted" boolean NOT NULL DEFAULT false,
    CONSTRAINT "PK_Bails" PRIMARY KEY ("Id"),
    CONSTRAINT "FK_Bails_Cases_CaseId" FOREIGN KEY ("CaseId") REFERENCES "Cases"("Id") ON DELETE CASCADE
);
2026-06-06 17:13:01.392 +06:00 [INF] Executed DbCommand (2ms) [Parameters=[], CommandType='"Text"', CommandTimeout='30']
CREATE TABLE IF NOT EXISTS "Leads" (
    "Id" uuid NOT NULL,
    "ChamberId" uuid NOT NULL,
    "Name" character varying(500) NOT NULL,
    "Phone" character varying(50) NOT NULL,
    "Email" character varying(320) NOT NULL,
    "CompanyName" character varying(500),
    "CaseType" character varying(200),
    "EstimatedValue" numeric NOT NULL DEFAULT 0,
    "LeadSource" character varying(200) NOT NULL DEFAULT '',
    "Stage" character varying(100) NOT NULL DEFAULT 'NewLead',
    "AssignedLawyerId" uuid,
    "Notes" text,
    "AttachmentsJson" text,
    "FollowUpDate" timestamp with time zone,
    "LastContactedAt" timestamp with time zone,
    "Score" integer NOT NULL DEFAULT 0,
    "ConvertedAt" timestamp with time zone NOT NULL DEFAULT '-infinity',
    "LostReason" character varying(1000),
    "CreatedAt" timestamp with time zone NOT NULL,
    "UpdatedAt" timestamp with time zone,
    "IsDeleted" boolean NOT NULL DEFAULT false,
    CONSTRAINT "PK_Leads" PRIMARY KEY ("Id"),
    CONSTRAINT "FK_Leads_Chambers_ChamberId" FOREIGN KEY ("ChamberId") REFERENCES "Chambers"("Id") ON DELETE CASCADE,
    CONSTRAINT "FK_Leads_Users_AssignedLawyerId" FOREIGN KEY ("AssignedLawyerId") REFERENCES "Users"("Id") ON DELETE SET NULL
);
2026-06-06 17:13:01.394 +06:00 [INF] Executed DbCommand (1ms) [Parameters=[], CommandType='"Text"', CommandTimeout='30']
CREATE TABLE IF NOT EXISTS "TimeEntries" (
    "Id" uuid NOT NULL,
    "UserId" uuid NOT NULL,
    "ClientId" uuid,
    "CaseId" uuid,
    "TaskId" uuid,
    "InvoiceId" uuid,
    "Description" character varying(2000) NOT NULL DEFAULT '',
    "Category" character varying(100) NOT NULL DEFAULT 'General',
    "StartTime" timestamp with time zone NOT NULL,
    "EndTime" timestamp with time zone,
    "DurationMinutes" double precision NOT NULL DEFAULT 0,
    "HourlyRate" numeric NOT NULL DEFAULT 0,
    "Billable" boolean NOT NULL DEFAULT true,
    "Status" character varying(50) NOT NULL DEFAULT 'Running',
    "ChamberId" uuid NOT NULL,
    "CreatedAt" timestamp with time zone NOT NULL,
    "UpdatedAt" timestamp with time zone,
    "IsDeleted" boolean NOT NULL DEFAULT false,
    CONSTRAINT "PK_TimeEntries" PRIMARY KEY ("Id"),
    CONSTRAINT "FK_TimeEntries_Users_UserId" FOREIGN KEY ("UserId") REFERENCES "Users"("Id") ON DELETE CASCADE,
    CONSTRAINT "FK_TimeEntries_Cases_CaseId" FOREIGN KEY ("CaseId") REFERENCES "Cases"("Id") ON DELETE SET NULL,
    CONSTRAINT "FK_TimeEntries_Tasks_TaskId" FOREIGN KEY ("TaskId") REFERENCES "Tasks"("Id") ON DELETE SET NULL,
    CONSTRAINT "FK_TimeEntries_Invoices_InvoiceId" FOREIGN KEY ("InvoiceId") REFERENCES "Invoices"("Id") ON DELETE SET NULL,
    CONSTRAINT "FK_TimeEntries_Clients_ClientId" FOREIGN KEY ("ClientId") REFERENCES "Clients"("Id") ON DELETE SET NULL,
    CONSTRAINT "FK_TimeEntries_Chambers_ChamberId" FOREIGN KEY ("ChamberId") REFERENCES "Chambers"("Id") ON DELETE CASCADE
);
2026-06-06 17:13:01.395 +06:00 [INF] Executed DbCommand (1ms) [Parameters=[], CommandType='"Text"', CommandTimeout='30']
CREATE TABLE IF NOT EXISTS "Messages" (
    "Id" uuid NOT NULL,
    "SenderId" uuid NOT NULL,
    "ReceiverId" uuid NOT NULL,
    "CaseId" uuid,
    "Content" text NOT NULL DEFAULT '',
    "AttachmentUrl" character varying(2000),
    "AttachmentFileName" character varying(500),
    "IsRead" boolean NOT NULL DEFAULT false,
    "ReadAt" timestamp with time zone,
    "IsClientVisible" boolean NOT NULL DEFAULT true,
    "CreatedAt" timestamp with time zone NOT NULL,
    "UpdatedAt" timestamp with time zone,
    "IsDeleted" boolean NOT NULL DEFAULT false,
    CONSTRAINT "PK_Messages" PRIMARY KEY ("Id"),
    CONSTRAINT "FK_Messages_Users_SenderId" FOREIGN KEY ("SenderId") REFERENCES "Users"("Id") ON DELETE CASCADE,
    CONSTRAINT "FK_Messages_Users_ReceiverId" FOREIGN KEY ("ReceiverId") REFERENCES "Users"("Id") ON DELETE CASCADE,
    CONSTRAINT "FK_Messages_Cases_CaseId" FOREIGN KEY ("CaseId") REFERENCES "Cases"("Id") ON DELETE SET NULL
);
2026-06-06 17:13:01.896 +06:00 [INF] Executed DbCommand (11ms) [Parameters=[], CommandType='"Text"', CommandTimeout='30']
SELECT EXISTS (
    SELECT 1
    FROM "Chambers" AS c
    WHERE c."Id" = 'c0000000-0000-0000-0000-000000000001')
2026-06-06 17:13:02.018 +06:00 [INF] Executed DbCommand (8ms) [Parameters=[@seed_Email='?'], CommandType='"Text"', CommandTimeout='30']
SELECT u."Id", u."AvatarUrl", u."BarCouncilId", u."ChamberId", u."ClientId", u."CreatedAt", u."Email", u."FullName", u."IsActive", u."IsDeleted", u."LastLoginAt", u."LastLoginIp", u."LockoutEnd", u."LoginAttempts", u."PasswordHash", u."Phone", u."RefreshToken", u."RefreshTokenExpiry", u."Role", u."Status", u."TwoFactorEnabled", u."TwoFactorSecret", u."TwoFactorVerifiedAt", u."UpdatedAt"
FROM "Users" AS u
WHERE u."Email" = @seed_Email
LIMIT 1
2026-06-06 17:13:02.334 +06:00 [INF] Executed DbCommand (2ms) [Parameters=[@seed_Email='?'], CommandType='"Text"', CommandTimeout='30']
SELECT u."Id", u."AvatarUrl", u."BarCouncilId", u."ChamberId", u."ClientId", u."CreatedAt", u."Email", u."FullName", u."IsActive", u."IsDeleted", u."LastLoginAt", u."LastLoginIp", u."LockoutEnd", u."LoginAttempts", u."PasswordHash", u."Phone", u."RefreshToken", u."RefreshTokenExpiry", u."Role", u."Status", u."TwoFactorEnabled", u."TwoFactorSecret", u."TwoFactorVerifiedAt", u."UpdatedAt"
FROM "Users" AS u
WHERE u."Email" = @seed_Email
LIMIT 1
2026-06-06 17:13:02.348 +06:00 [INF] Executed DbCommand (5ms) [Parameters=[], CommandType='"Text"', CommandTimeout='30']
SELECT EXISTS (
    SELECT 1
    FROM "Subscriptions" AS s
    WHERE s."Id" = 'b2c3d4e5-f6a7-8901-bcde-f12345678901')
2026-06-06 17:13:02.359 +06:00 [INF] Executed DbCommand (5ms) [Parameters=[], CommandType='"Text"', CommandTimeout='30']
SELECT EXISTS (
    SELECT 1
    FROM "Organizations" AS o
    WHERE o."Id" = 'd0000000-0000-0000-0000-000000000001')
2026-06-06 17:13:02.372 +06:00 [INF] Executed DbCommand (4ms) [Parameters=[], CommandType='"Text"', CommandTimeout='30']
SELECT EXISTS (
    SELECT 1
    FROM "OrganizationMembers" AS o
    WHERE o."OrganizationId" = 'd0000000-0000-0000-0000-000000000001' AND o."UserId" = 'a1b2c3d4-e5f6-7890-abcd-ef1234567890')
2026-06-06 17:13:02.486 +06:00 [INF] User profile is available. Using 'C:\Users\mdmah\AppData\Local\ASP.NET\DataProtection-Keys' as key repository and Windows DPAPI to encrypt keys at rest.
2026-06-06 17:13:02.527 +06:00 [INF] Reminder automation worker started
2026-06-06 17:13:02.594 +06:00 [INF] Executed DbCommand (1ms) [Parameters=[], CommandType='"Text"', CommandTimeout='30']
SELECT c."Id"
FROM "Chambers" AS c
WHERE NOT (c."IsDeleted")
2026-06-06 17:13:02.619 +06:00 [INF] Executed DbCommand (3ms) [Parameters=[@chamberId='?' (DbType = Guid)], CommandType='"Text"', CommandTimeout='30']
SELECT u."Id", u."AvatarUrl", u."BarCouncilId", u."ChamberId", u."ClientId", u."CreatedAt", u."Email", u."FullName", u."IsActive", u."IsDeleted", u."LastLoginAt", u."LastLoginIp", u."LockoutEnd", u."LoginAttempts", u."PasswordHash", u."Phone", u."RefreshToken", u."RefreshTokenExpiry", u."Role", u."Status", u."TwoFactorEnabled", u."TwoFactorSecret", u."TwoFactorVerifiedAt", u."UpdatedAt"
FROM "Users" AS u
WHERE NOT (u."IsDeleted") AND u."ChamberId" = @chamberId AND u."IsActive" AND NOT (u."IsDeleted")
2026-06-06 17:13:02.650 +06:00 [INF] Now listening on: http://localhost:5001
2026-06-06 17:13:02.651 +06:00 [INF] Application started. Press Ctrl+C to shut down.
2026-06-06 17:13:02.651 +06:00 [INF] Hosting environment: Development
2026-06-06 17:13:02.651 +06:00 [INF] Content root path: C:\Users\mdmah\Desktop\Verdiq\backend\Verdiq.API
2026-06-06 17:13:02.768 +06:00 [INF] Executed DbCommand (14ms) [Parameters=[@chamberId='?' (DbType = Guid), @user_Id='?' (DbType = Guid), @now='?' (DbType = DateTime)], CommandType='"Text"', CommandTimeout='30']
SELECT h."Id", h."CaseId", h."Courtroom", h."CreatedAt", h."HearingDate", h."IsDeleted", h."JudgeName", h."NextHearingDate", h."Notes", h."ReminderSent", h."Result", h."Status", h."UpdatedAt", c0."Id", c0."ActsAndSections", c0."AppealStatus", c0."AssignedLawyerId", c0."Bench", c0."BillingMethod", c0."BudgetLimit", c0."CaseNumber", c0."CaseTemplateId", c0."CaseType", c0."ChamberId", c0."ClosingDate", c0."ComplexityScore", c0."CourtName", c0."CreatedAt", c0."CriticalDeadlines", c0."Department", c0."Description", c0."ExpenseBudget", c0."FilingDate", c0."FirNumber", c0."FixedFee", c0."GdNumber", c0."HourlyRate", c0."InternalNotes", c0."IsDeleted", c0."JudgeName", c0."Jurisdiction", c0."LimitationExpiry", c0."NextHearingDate", c0."Opponent", c0."OpposingLawyer", c0."PoliceStation", c0."PracticeArea", c0."Priority", c0."Prosecutor", c0."RetainerAmount", c0."RiskLevel", c0."Status", c0."TeamId", c0."Title", c0."UpdatedAt", c0."WorkflowTemplateId"
FROM "Hearings" AS h
INNER JOIN (
    SELECT c."Id", c."ActsAndSections", c."AppealStatus", c."AssignedLawyerId", c."Bench", c."BillingMethod", c."BudgetLimit", c."CaseNumber", c."CaseTemplateId", c."CaseType", c."ChamberId", c."ClosingDate", c."ComplexityScore", c."CourtName", c."CreatedAt", c."CriticalDeadlines", c."Department", c."Description", c."ExpenseBudget", c."FilingDate", c."FirNumber", c."FixedFee", c."GdNumber", c."HourlyRate", c."InternalNotes", c."IsDeleted", c."JudgeName", c."Jurisdiction", c."LimitationExpiry", c."NextHearingDate", c."Opponent", c."OpposingLawyer", c."PoliceStation", c."PracticeArea", c."Priority", c."Prosecutor", c."RetainerAmount", c."RiskLevel", c."Status", c."TeamId", c."Title", c."UpdatedAt", c."WorkflowTemplateId"
    FROM "Cases" AS c
    WHERE NOT (c."IsDeleted")
) AS c0 ON h."CaseId" = c0."Id"
WHERE NOT (h."IsDeleted") AND c0."ChamberId" = @chamberId AND c0."AssignedLawyerId" = @user_Id AND NOT (h."IsDeleted") AND h."HearingDate" > @now
2026-06-06 17:13:02.793 +06:00 [INF] Executed DbCommand (6ms) [Parameters=[@chamberId='?' (DbType = Guid), @user_Id='?' (DbType = Guid), @now='?' (DbType = DateTime)], CommandType='"Text"', CommandTimeout='30']
SELECT t."Id", t."ActualHours", t."AssignedBy", t."AssignedTo", t."CaseId", t."ChamberId", t."CompletedAt", t."CreatedAt", t."Description", t."DueDate", t."EstimatedHours", t."IsDeleted", t."IsRecurring", t."Priority", t."RecurrenceInterval", t."RecurrencePattern", t."SortOrder", t."Status", t."Title", t."UpdatedAt"
FROM "Tasks" AS t
WHERE NOT (t."IsDeleted") AND t."ChamberId" = @chamberId AND NOT (t."IsDeleted") AND t."AssignedTo" = @user_Id AND t."Status" = 'Pending' AND t."DueDate" < @now
2026-06-06 17:13:02.839 +06:00 [INF] Executed DbCommand (7ms) [Parameters=[@chamberId='?' (DbType = Guid), @now='?' (DbType = DateTime)], CommandType='"Text"', CommandTimeout='30']
SELECT i."Id", i."Amount", i."CaseId", i."ClientId", i."CreatedAt", i."Currency", i."Description", i."DueDate", i."InvoiceNumber", i."IsDeleted", i."PaidAt", i."Status", i."UpdatedAt", c0."Id", c0."ActsAndSections", c0."AppealStatus", c0."AssignedLawyerId", c0."Bench", c0."BillingMethod", c0."BudgetLimit", c0."CaseNumber", c0."CaseTemplateId", c0."CaseType", c0."ChamberId", c0."ClosingDate", c0."ComplexityScore", c0."CourtName", c0."CreatedAt", c0."CriticalDeadlines", c0."Department", c0."Description", c0."ExpenseBudget", c0."FilingDate", c0."FirNumber", c0."FixedFee", c0."GdNumber", c0."HourlyRate", c0."InternalNotes", c0."IsDeleted", c0."JudgeName", c0."Jurisdiction", c0."LimitationExpiry", c0."NextHearingDate", c0."Opponent", c0."OpposingLawyer", c0."PoliceStation", c0."PracticeArea", c0."Priority", c0."Prosecutor", c0."RetainerAmount", c0."RiskLevel", c0."Status", c0."TeamId", c0."Title", c0."UpdatedAt", c0."WorkflowTemplateId"
FROM "Invoices" AS i
LEFT JOIN (
    SELECT c."Id", c."ActsAndSections", c."AppealStatus", c."AssignedLawyerId", c."Bench", c."BillingMethod", c."BudgetLimit", c."CaseNumber", c."CaseTemplateId", c."CaseType", c."ChamberId", c."ClosingDate", c."ComplexityScore", c."CourtName", c."CreatedAt", c."CriticalDeadlines", c."Department", c."Description", c."ExpenseBudget", c."FilingDate", c."FirNumber", c."FixedFee", c."GdNumber", c."HourlyRate", c."InternalNotes", c."IsDeleted", c."JudgeName", c."Jurisdiction", c."LimitationExpiry", c."NextHearingDate", c."Opponent", c."OpposingLawyer", c."PoliceStation", c."PracticeArea", c."Priority", c."Prosecutor", c."RetainerAmount", c."RiskLevel", c."Status", c."TeamId", c."Title", c."UpdatedAt", c."WorkflowTemplateId"
    FROM "Cases" AS c
    WHERE NOT (c."IsDeleted")
) AS c0 ON i."CaseId" = c0."Id"
WHERE NOT (i."IsDeleted") AND c0."Id" IS NOT NULL AND c0."ChamberId" = @chamberId AND NOT (i."IsDeleted") AND i."DueDate" IS NOT NULL AND i."DueDate" < @now AND i."Status" = 'Pending'
2026-06-06 17:13:02.861 +06:00 [INF] Executed DbCommand (4ms) [Parameters=[@chamberId='?' (DbType = Guid), @user_Id='?' (DbType = Guid)], CommandType='"Text"', CommandTimeout='30']
SELECT l."Id", l."AssignedLawyerId", l."AttachmentsJson", l."CaseType", l."ChamberId", l."CompanyName", l."ConvertedAt", l."CreatedAt", l."Email", l."EstimatedValue", l."FollowUpDate", l."IsDeleted", l."LastContactedAt", l."LeadSource", l."LostReason", l."Name", l."Notes", l."Phone", l."Score", l."Stage", l."UpdatedAt"
FROM "Leads" AS l
WHERE NOT (l."IsDeleted") AND l."ChamberId" = @chamberId AND NOT (l."IsDeleted") AND l."AssignedLawyerId" = @user_Id AND l."Stage" <> 'ConvertedToClient' AND l."Stage" <> 'LostLead' AND l."LastContactedAt" IS NOT NULL
2026-06-06 17:13:02.882 +06:00 [INF] Executed DbCommand (2ms) [Parameters=[@chamberId='?' (DbType = Guid), @user_Id='?' (DbType = Guid)], CommandType='"Text"', CommandTimeout='30']
SELECT c."Id", c."ActsAndSections", c."AppealStatus", c."AssignedLawyerId", c."Bench", c."BillingMethod", c."BudgetLimit", c."CaseNumber", c."CaseTemplateId", c."CaseType", c."ChamberId", c."ClosingDate", c."ComplexityScore", c."CourtName", c."CreatedAt", c."CriticalDeadlines", c."Department", c."Description", c."ExpenseBudget", c."FilingDate", c."FirNumber", c."FixedFee", c."GdNumber", c."HourlyRate", c."InternalNotes", c."IsDeleted", c."JudgeName", c."Jurisdiction", c."LimitationExpiry", c."NextHearingDate", c."Opponent", c."OpposingLawyer", c."PoliceStation", c."PracticeArea", c."Priority", c."Prosecutor", c."RetainerAmount", c."RiskLevel", c."Status", c."TeamId", c."Title", c."UpdatedAt", c."WorkflowTemplateId"
FROM "Cases" AS c
WHERE NOT (c."IsDeleted") AND c."ChamberId" = @chamberId AND NOT (c."IsDeleted") AND c."AssignedLawyerId" = @user_Id AND c."Status" <> 'Closed'
2026-06-06 17:13:02.930 +06:00 [INF] Executed DbCommand (8ms) [Parameters=[@chamberId='?' (DbType = Guid), @user_Id='?' (DbType = Guid), @todayStart='?' (DbType = DateTime), @AddDays='?' (DbType = DateTime)], CommandType='"Text"', CommandTimeout='30']
SELECT COALESCE(sum(t."DurationMinutes"), 0.0)
FROM "TimeEntries" AS t
WHERE NOT (t."IsDeleted") AND t."ChamberId" = @chamberId AND t."UserId" = @user_Id AND t."StartTime" >= @todayStart AND t."StartTime" < @AddDays
2026-06-06 17:13:02.943 +06:00 [INF] Executed DbCommand (2ms) [Parameters=[@chamberId='?' (DbType = Guid), @user_Id='?' (DbType = Guid), @weekStart='?' (DbType = DateTime)], CommandType='"Text"', CommandTimeout='30']
SELECT COALESCE(sum(t."DurationMinutes"), 0.0)
FROM "TimeEntries" AS t
WHERE NOT (t."IsDeleted") AND t."ChamberId" = @chamberId AND t."UserId" = @user_Id AND t."StartTime" >= @weekStart
2026-06-06 17:13:02.947 +06:00 [INF] Executed DbCommand (3ms) [Parameters=[@chamberId='?' (DbType = Guid), @user_Id='?' (DbType = Guid), @now='?' (DbType = DateTime)], CommandType='"Text"', CommandTimeout='30']
SELECT h."Id", h."CaseId", h."Courtroom", h."CreatedAt", h."HearingDate", h."IsDeleted", h."JudgeName", h."NextHearingDate", h."Notes", h."ReminderSent", h."Result", h."Status", h."UpdatedAt", c0."Id", c0."ActsAndSections", c0."AppealStatus", c0."AssignedLawyerId", c0."Bench", c0."BillingMethod", c0."BudgetLimit", c0."CaseNumber", c0."CaseTemplateId", c0."CaseType", c0."ChamberId", c0."ClosingDate", c0."ComplexityScore", c0."CourtName", c0."CreatedAt", c0."CriticalDeadlines", c0."Department", c0."Description", c0."ExpenseBudget", c0."FilingDate", c0."FirNumber", c0."FixedFee", c0."GdNumber", c0."HourlyRate", c0."InternalNotes", c0."IsDeleted", c0."JudgeName", c0."Jurisdiction", c0."LimitationExpiry", c0."NextHearingDate", c0."Opponent", c0."OpposingLawyer", c0."PoliceStation", c0."PracticeArea", c0."Priority", c0."Prosecutor", c0."RetainerAmount", c0."RiskLevel", c0."Status", c0."TeamId", c0."Title", c0."UpdatedAt", c0."WorkflowTemplateId"
FROM "Hearings" AS h
INNER JOIN (
    SELECT c."Id", c."ActsAndSections", c."AppealStatus", c."AssignedLawyerId", c."Bench", c."BillingMethod", c."BudgetLimit", c."CaseNumber", c."CaseTemplateId", c."CaseType", c."ChamberId", c."ClosingDate", c."ComplexityScore", c."CourtName", c."CreatedAt", c."CriticalDeadlines", c."Department", c."Description", c."ExpenseBudget", c."FilingDate", c."FirNumber", c."FixedFee", c."GdNumber", c."HourlyRate", c."InternalNotes", c."IsDeleted", c."JudgeName", c."Jurisdiction", c."LimitationExpiry", c."NextHearingDate", c."Opponent", c."OpposingLawyer", c."PoliceStation", c."PracticeArea", c."Priority", c."Prosecutor", c."RetainerAmount", c."RiskLevel", c."Status", c."TeamId", c."Title", c."UpdatedAt", c."WorkflowTemplateId"
    FROM "Cases" AS c
    WHERE NOT (c."IsDeleted")
) AS c0 ON h."CaseId" = c0."Id"
WHERE NOT (h."IsDeleted") AND c0."ChamberId" = @chamberId AND c0."AssignedLawyerId" = @user_Id AND NOT (h."IsDeleted") AND h."HearingDate" > @now
2026-06-06 17:13:02.949 +06:00 [INF] Executed DbCommand (2ms) [Parameters=[@chamberId='?' (DbType = Guid), @user_Id='?' (DbType = Guid), @now='?' (DbType = DateTime)], CommandType='"Text"', CommandTimeout='30']
SELECT t."Id", t."ActualHours", t."AssignedBy", t."AssignedTo", t."CaseId", t."ChamberId", t."CompletedAt", t."CreatedAt", t."Description", t."DueDate", t."EstimatedHours", t."IsDeleted", t."IsRecurring", t."Priority", t."RecurrenceInterval", t."RecurrencePattern", t."SortOrder", t."Status", t."Title", t."UpdatedAt"
FROM "Tasks" AS t
WHERE NOT (t."IsDeleted") AND t."ChamberId" = @chamberId AND NOT (t."IsDeleted") AND t."AssignedTo" = @user_Id AND t."Status" = 'Pending' AND t."DueDate" < @now
2026-06-06 17:13:02.955 +06:00 [INF] Executed DbCommand (4ms) [Parameters=[@chamberId='?' (DbType = Guid), @now='?' (DbType = DateTime)], CommandType='"Text"', CommandTimeout='30']
SELECT i."Id", i."Amount", i."CaseId", i."ClientId", i."CreatedAt", i."Currency", i."Description", i."DueDate", i."InvoiceNumber", i."IsDeleted", i."PaidAt", i."Status", i."UpdatedAt", c0."Id", c0."ActsAndSections", c0."AppealStatus", c0."AssignedLawyerId", c0."Bench", c0."BillingMethod", c0."BudgetLimit", c0."CaseNumber", c0."CaseTemplateId", c0."CaseType", c0."ChamberId", c0."ClosingDate", c0."ComplexityScore", c0."CourtName", c0."CreatedAt", c0."CriticalDeadlines", c0."Department", c0."Description", c0."ExpenseBudget", c0."FilingDate", c0."FirNumber", c0."FixedFee", c0."GdNumber", c0."HourlyRate", c0."InternalNotes", c0."IsDeleted", c0."JudgeName", c0."Jurisdiction", c0."LimitationExpiry", c0."NextHearingDate", c0."Opponent", c0."OpposingLawyer", c0."PoliceStation", c0."PracticeArea", c0."Priority", c0."Prosecutor", c0."RetainerAmount", c0."RiskLevel", c0."Status", c0."TeamId", c0."Title", c0."UpdatedAt", c0."WorkflowTemplateId"
FROM "Invoices" AS i
LEFT JOIN (
    SELECT c."Id", c."ActsAndSections", c."AppealStatus", c."AssignedLawyerId", c."Bench", c."BillingMethod", c."BudgetLimit", c."CaseNumber", c."CaseTemplateId", c."CaseType", c."ChamberId", c."ClosingDate", c."ComplexityScore", c."CourtName", c."CreatedAt", c."CriticalDeadlines", c."Department", c."Description", c."ExpenseBudget", c."FilingDate", c."FirNumber", c."FixedFee", c."GdNumber", c."HourlyRate", c."InternalNotes", c."IsDeleted", c."JudgeName", c."Jurisdiction", c."LimitationExpiry", c."NextHearingDate", c."Opponent", c."OpposingLawyer", c."PoliceStation", c."PracticeArea", c."Priority", c."Prosecutor", c."RetainerAmount", c."RiskLevel", c."Status", c."TeamId", c."Title", c."UpdatedAt", c."WorkflowTemplateId"
    FROM "Cases" AS c
    WHERE NOT (c."IsDeleted")
) AS c0 ON i."CaseId" = c0."Id"
WHERE NOT (i."IsDeleted") AND c0."Id" IS NOT NULL AND c0."ChamberId" = @chamberId AND NOT (i."IsDeleted") AND i."DueDate" IS NOT NULL AND i."DueDate" < @now AND i."Status" = 'Pending'
2026-06-06 17:13:02.958 +06:00 [INF] Executed DbCommand (2ms) [Parameters=[@chamberId='?' (DbType = Guid), @user_Id='?' (DbType = Guid)], CommandType='"Text"', CommandTimeout='30']
SELECT l."Id", l."AssignedLawyerId", l."AttachmentsJson", l."CaseType", l."ChamberId", l."CompanyName", l."ConvertedAt", l."CreatedAt", l."Email", l."EstimatedValue", l."FollowUpDate", l."IsDeleted", l."LastContactedAt", l."LeadSource", l."LostReason", l."Name", l."Notes", l."Phone", l."Score", l."Stage", l."UpdatedAt"
FROM "Leads" AS l
WHERE NOT (l."IsDeleted") AND l."ChamberId" = @chamberId AND NOT (l."IsDeleted") AND l."AssignedLawyerId" = @user_Id AND l."Stage" <> 'ConvertedToClient' AND l."Stage" <> 'LostLead' AND l."LastContactedAt" IS NOT NULL
2026-06-06 17:13:02.960 +06:00 [INF] Executed DbCommand (2ms) [Parameters=[@chamberId='?' (DbType = Guid), @user_Id='?' (DbType = Guid)], CommandType='"Text"', CommandTimeout='30']
SELECT c."Id", c."ActsAndSections", c."AppealStatus", c."AssignedLawyerId", c."Bench", c."BillingMethod", c."BudgetLimit", c."CaseNumber", c."CaseTemplateId", c."CaseType", c."ChamberId", c."ClosingDate", c."ComplexityScore", c."CourtName", c."CreatedAt", c."CriticalDeadlines", c."Department", c."Description", c."ExpenseBudget", c."FilingDate", c."FirNumber", c."FixedFee", c."GdNumber", c."HourlyRate", c."InternalNotes", c."IsDeleted", c."JudgeName", c."Jurisdiction", c."LimitationExpiry", c."NextHearingDate", c."Opponent", c."OpposingLawyer", c."PoliceStation", c."PracticeArea", c."Priority", c."Prosecutor", c."RetainerAmount", c."RiskLevel", c."Status", c."TeamId", c."Title", c."UpdatedAt", c."WorkflowTemplateId"
FROM "Cases" AS c
WHERE NOT (c."IsDeleted") AND c."ChamberId" = @chamberId AND NOT (c."IsDeleted") AND c."AssignedLawyerId" = @user_Id AND c."Status" <> 'Closed'
2026-06-06 17:13:02.963 +06:00 [INF] Executed DbCommand (1ms) [Parameters=[@chamberId='?' (DbType = Guid), @user_Id='?' (DbType = Guid), @todayStart='?' (DbType = DateTime), @AddDays='?' (DbType = DateTime)], CommandType='"Text"', CommandTimeout='30']
SELECT COALESCE(sum(t."DurationMinutes"), 0.0)
FROM "TimeEntries" AS t
WHERE NOT (t."IsDeleted") AND t."ChamberId" = @chamberId AND t."UserId" = @user_Id AND t."StartTime" >= @todayStart AND t."StartTime" < @AddDays
2026-06-06 17:13:02.965 +06:00 [INF] Executed DbCommand (1ms) [Parameters=[@chamberId='?' (DbType = Guid), @user_Id='?' (DbType = Guid), @weekStart='?' (DbType = DateTime)], CommandType='"Text"', CommandTimeout='30']
SELECT COALESCE(sum(t."DurationMinutes"), 0.0)
FROM "TimeEntries" AS t
WHERE NOT (t."IsDeleted") AND t."ChamberId" = @chamberId AND t."UserId" = @user_Id AND t."StartTime" >= @weekStart
2026-06-06 17:14:21.855 +06:00 [WRN] Entity 'Document' has a global query filter defined and is the required end of a relationship with the entity 'DocumentActivity'. This may lead to unexpected results when the required entity is filtered out. Either configure the navigation as optional, or define matching query filters for both entities in the navigation. See https://go.microsoft.com/fwlink/?linkid=2131316 for more information.
2026-06-06 17:14:21.904 +06:00 [WRN] Entity 'Document' has a global query filter defined and is the required end of a relationship with the entity 'DocumentFavorite'. This may lead to unexpected results when the required entity is filtered out. Either configure the navigation as optional, or define matching query filters for both entities in the navigation. See https://go.microsoft.com/fwlink/?linkid=2131316 for more information.
2026-06-06 17:14:21.904 +06:00 [WRN] Entity 'Document' has a global query filter defined and is the required end of a relationship with the entity 'DocumentShare'. This may lead to unexpected results when the required entity is filtered out. Either configure the navigation as optional, or define matching query filters for both entities in the navigation. See https://go.microsoft.com/fwlink/?linkid=2131316 for more information.
2026-06-06 17:14:21.904 +06:00 [WRN] Entity 'Task' has a global query filter defined and is the required end of a relationship with the entity 'TaskAttachment'. This may lead to unexpected results when the required entity is filtered out. Either configure the navigation as optional, or define matching query filters for both entities in the navigation. See https://go.microsoft.com/fwlink/?linkid=2131316 for more information.
2026-06-06 17:14:21.904 +06:00 [WRN] Entity 'Task' has a global query filter defined and is the required end of a relationship with the entity 'TaskComment'. This may lead to unexpected results when the required entity is filtered out. Either configure the navigation as optional, or define matching query filters for both entities in the navigation. See https://go.microsoft.com/fwlink/?linkid=2131316 for more information.
2026-06-06 17:14:21.904 +06:00 [WRN] Entity 'Task' has a global query filter defined and is the required end of a relationship with the entity 'TaskWatcher'. This may lead to unexpected results when the required entity is filtered out. Either configure the navigation as optional, or define matching query filters for both entities in the navigation. See https://go.microsoft.com/fwlink/?linkid=2131316 for more information.
2026-06-06 17:14:22.792 +06:00 [INF] Executed DbCommand (76ms) [Parameters=[], CommandType='"Text"', CommandTimeout='30']
SELECT CASE WHEN COUNT(*) = 0 THEN FALSE ELSE TRUE END
FROM pg_class AS cls
JOIN pg_namespace AS ns ON ns.oid = cls.relnamespace
WHERE
        cls.relkind IN ('r', 'v', 'm', 'f', 'p') AND
        ns.nspname NOT IN ('pg_catalog', 'information_schema') AND
        -- Exclude tables which are members of PG extensions
        NOT EXISTS (
            SELECT 1 FROM pg_depend WHERE
                classid=(
                    SELECT cls.oid
                    FROM pg_class AS cls
                             JOIN pg_namespace AS ns ON ns.oid = cls.relnamespace
                    WHERE relname='pg_class' AND ns.nspname='pg_catalog'
                ) AND
                objid=cls.oid AND
                deptype IN ('e', 'x')
        )
2026-06-06 17:14:22.853 +06:00 [INF] Executed DbCommand (14ms) [Parameters=[], CommandType='"Text"', CommandTimeout='30']
ALTER TABLE "Users" ADD COLUMN IF NOT EXISTS "TwoFactorEnabled" boolean NOT NULL DEFAULT false;
ALTER TABLE "Users" ADD COLUMN IF NOT EXISTS "TwoFactorSecret" character varying(256);
ALTER TABLE "Users" ADD COLUMN IF NOT EXISTS "TwoFactorVerifiedAt" timestamp with time zone;
ALTER TABLE "Users" ADD COLUMN IF NOT EXISTS "LoginAttempts" integer NOT NULL DEFAULT 0;
ALTER TABLE "Users" ADD COLUMN IF NOT EXISTS "LockoutEnd" timestamp with time zone;
ALTER TABLE "Users" ADD COLUMN IF NOT EXISTS "LastLoginAt" timestamp with time zone;
ALTER TABLE "Users" ADD COLUMN IF NOT EXISTS "LastLoginIp" character varying(50);
ALTER TABLE "Users" ADD COLUMN IF NOT EXISTS "ClientId" uuid;
2026-06-06 17:14:22.859 +06:00 [INF] Executed DbCommand (5ms) [Parameters=[], CommandType='"Text"', CommandTimeout='30']
ALTER TABLE "Documents" ADD COLUMN IF NOT EXISTS "StorageProvider" character varying(50) NOT NULL DEFAULT 'Local';
ALTER TABLE "Documents" ADD COLUMN IF NOT EXISTS "StorageKey" character varying(500);
ALTER TABLE "Documents" ADD COLUMN IF NOT EXISTS "Version" integer NOT NULL DEFAULT 1;
ALTER TABLE "Documents" ADD COLUMN IF NOT EXISTS "Visibility" character varying(50) NOT NULL DEFAULT 'InternalOnly';
ALTER TABLE "Documents" ADD COLUMN IF NOT EXISTS "SharedWithClientId" uuid;
2026-06-06 17:14:22.867 +06:00 [INF] Executed DbCommand (7ms) [Parameters=[], CommandType='"Text"', CommandTimeout='30']
ALTER TABLE "Clients" ADD COLUMN IF NOT EXISTS "ClientType" character varying(100);
ALTER TABLE "Clients" ADD COLUMN IF NOT EXISTS "ClientCode" character varying(100);
ALTER TABLE "Clients" ADD COLUMN IF NOT EXISTS "PassportNumber" character varying(50);
ALTER TABLE "Clients" ADD COLUMN IF NOT EXISTS "DateOfBirth" timestamp with time zone;
ALTER TABLE "Clients" ADD COLUMN IF NOT EXISTS "Gender" character varying(20);
ALTER TABLE "Clients" ADD COLUMN IF NOT EXISTS "Occupation" character varying(200);
ALTER TABLE "Clients" ADD COLUMN IF NOT EXISTS "Nationality" character varying(100);
ALTER TABLE "Clients" ADD COLUMN IF NOT EXISTS "TradeLicense" character varying(200);
ALTER TABLE "Clients" ADD COLUMN IF NOT EXISTS "RegistrationNumber" character varying(200);
ALTER TABLE "Clients" ADD COLUMN IF NOT EXISTS "TaxVatNumber" character varying(200);
ALTER TABLE "Clients" ADD COLUMN IF NOT EXISTS "AuthorizedRepresentative" character varying(500);
ALTER TABLE "Clients" ADD COLUMN IF NOT EXISTS "Tags" character varying(1000);
ALTER TABLE "Clients" ADD COLUMN IF NOT EXISTS "RiskLevel" character varying(20);
ALTER TABLE "Clients" ADD COLUMN IF NOT EXISTS "ClientCategory" character varying(100);
ALTER TABLE "Clients" ADD COLUMN IF NOT EXISTS "BillingPreference" character varying(100);
ALTER TABLE "Clients" ADD COLUMN IF NOT EXISTS "PaymentTerms" character varying(100);
ALTER TABLE "Clients" ADD COLUMN IF NOT EXISTS "CreditLimit" numeric;
ALTER TABLE "Clients" ADD COLUMN IF NOT EXISTS "PreferredContactMethod" character varying(50);
ALTER TABLE "Clients" ADD COLUMN IF NOT EXISTS "WhatsAppNumber" character varying(50);
ALTER TABLE "Clients" ADD COLUMN IF NOT EXISTS "SecondaryPhone" character varying(50);
ALTER TABLE "Clients" ADD COLUMN IF NOT EXISTS "EmergencyContact" character varying(500);
ALTER TABLE "Clients" ADD COLUMN IF NOT EXISTS "IsBlacklisted" boolean NOT NULL DEFAULT false;
ALTER TABLE "Clients" ADD COLUMN IF NOT EXISTS "UserId" uuid;
2026-06-06 17:14:22.875 +06:00 [INF] Executed DbCommand (7ms) [Parameters=[], CommandType='"Text"', CommandTimeout='30']
ALTER TABLE "Cases" ADD COLUMN IF NOT EXISTS "ActsAndSections" character varying(1000);
ALTER TABLE "Cases" ADD COLUMN IF NOT EXISTS "FirNumber" character varying(100);
ALTER TABLE "Cases" ADD COLUMN IF NOT EXISTS "PoliceStation" character varying(200);
ALTER TABLE "Cases" ADD COLUMN IF NOT EXISTS "ClosingDate" timestamp with time zone;
ALTER TABLE "Cases" ADD COLUMN IF NOT EXISTS "GdNumber" character varying(100);
ALTER TABLE "Cases" ADD COLUMN IF NOT EXISTS "JudgeName" character varying(200);
ALTER TABLE "Cases" ADD COLUMN IF NOT EXISTS "Bench" character varying(200);
ALTER TABLE "Cases" ADD COLUMN IF NOT EXISTS "Prosecutor" character varying(200);
ALTER TABLE "Cases" ADD COLUMN IF NOT EXISTS "OpposingLawyer" character varying(200);
ALTER TABLE "Cases" ADD COLUMN IF NOT EXISTS "Jurisdiction" character varying(200);
ALTER TABLE "Cases" ADD COLUMN IF NOT EXISTS "AppealStatus" character varying(100);
ALTER TABLE "Cases" ADD COLUMN IF NOT EXISTS "RiskLevel" character varying(20);
ALTER TABLE "Cases" ADD COLUMN IF NOT EXISTS "ComplexityScore" integer;
ALTER TABLE "Cases" ADD COLUMN IF NOT EXISTS "PracticeArea" character varying(200);
ALTER TABLE "Cases" ADD COLUMN IF NOT EXISTS "Department" character varying(200);
ALTER TABLE "Cases" ADD COLUMN IF NOT EXISTS "InternalNotes" character varying(4000);
ALTER TABLE "Cases" ADD COLUMN IF NOT EXISTS "RetainerAmount" numeric;
ALTER TABLE "Cases" ADD COLUMN IF NOT EXISTS "BillingMethod" character varying(50);
ALTER TABLE "Cases" ADD COLUMN IF NOT EXISTS "FixedFee" numeric;
ALTER TABLE "Cases" ADD COLUMN IF NOT EXISTS "HourlyRate" numeric;
ALTER TABLE "Cases" ADD COLUMN IF NOT EXISTS "BudgetLimit" numeric;
ALTER TABLE "Cases" ADD COLUMN IF NOT EXISTS "ExpenseBudget" numeric;
ALTER TABLE "Cases" ADD COLUMN IF NOT EXISTS "NextHearingDate" timestamp with time zone;
ALTER TABLE "Cases" ADD COLUMN IF NOT EXISTS "CriticalDeadlines" character varying(2000);
ALTER TABLE "Cases" ADD COLUMN IF NOT EXISTS "LimitationExpiry" timestamp with time zone;
ALTER TABLE "Cases" ADD COLUMN IF NOT EXISTS "CaseTemplateId" uuid;
ALTER TABLE "Cases" ADD COLUMN IF NOT EXISTS "WorkflowTemplateId" uuid;
2026-06-06 17:14:22.879 +06:00 [INF] Executed DbCommand (3ms) [Parameters=[], CommandType='"Text"', CommandTimeout='30']
ALTER TABLE "ClientCases" ADD COLUMN IF NOT EXISTS "Role" character varying(100);
2026-06-06 17:14:22.883 +06:00 [INF] Executed DbCommand (4ms) [Parameters=[], CommandType='"Text"', CommandTimeout='30']
ALTER TABLE "CaseActivities" ADD COLUMN IF NOT EXISTS "IsClientVisible" boolean NOT NULL DEFAULT true;
2026-06-06 17:14:22.887 +06:00 [INF] Executed DbCommand (4ms) [Parameters=[], CommandType='"Text"', CommandTimeout='30']
CREATE TABLE IF NOT EXISTS "ChamberSettings" (
    "Id" uuid NOT NULL,
    "ChamberId" uuid NOT NULL,
    "SettingsJson" jsonb NOT NULL,
    "UpdatedBy" uuid,
    "CreatedAt" timestamp with time zone NOT NULL,
    "UpdatedAt" timestamp with time zone,
    "IsDeleted" boolean NOT NULL DEFAULT false,
    CONSTRAINT "PK_ChamberSettings" PRIMARY KEY ("Id"),
    CONSTRAINT "FK_ChamberSettings_Chambers_ChamberId" FOREIGN KEY ("ChamberId") REFERENCES "Chambers"("Id") ON DELETE CASCADE,
    CONSTRAINT "FK_ChamberSettings_Users_UpdatedBy" FOREIGN KEY ("UpdatedBy") REFERENCES "Users"("Id") ON DELETE SET NULL
);
CREATE UNIQUE INDEX IF NOT EXISTS "IX_ChamberSettings_ChamberId" ON "ChamberSettings"("ChamberId");
2026-06-06 17:14:22.891 +06:00 [INF] Executed DbCommand (3ms) [Parameters=[], CommandType='"Text"', CommandTimeout='30']
CREATE TABLE IF NOT EXISTS "LegalSections" (
    "Id" uuid NOT NULL,
    "SectionCode" character varying(50) NOT NULL,
    "SectionTitle" character varying(500) NOT NULL,
    "LawName" character varying(255) NOT NULL,
    "Country" character varying(100),
    "Category" character varying(100),
    "Description" character varying(4000),
    "Severity" character varying(20),
    "IsActive" boolean NOT NULL DEFAULT true,
    "ChamberId" uuid NOT NULL,
    "CreatedAt" timestamp with time zone NOT NULL,
    "UpdatedAt" timestamp with time zone,
    "IsDeleted" boolean NOT NULL DEFAULT false,
    CONSTRAINT "PK_LegalSections" PRIMARY KEY ("Id"),
    CONSTRAINT "FK_LegalSections_Chambers_ChamberId" FOREIGN KEY ("ChamberId") REFERENCES "Chambers"("Id") ON DELETE RESTRICT
);
CREATE INDEX IF NOT EXISTS "IX_LegalSections_SectionCode" ON "LegalSections"("SectionCode");
2026-06-06 17:14:22.893 +06:00 [INF] Executed DbCommand (2ms) [Parameters=[], CommandType='"Text"', CommandTimeout='30']
CREATE TABLE IF NOT EXISTS "WorkflowTemplates" (
    "Id" uuid NOT NULL,
    "ChamberId" uuid NOT NULL,
    "Name" character varying(255) NOT NULL,
    "Description" character varying(2000),
    "IsDefault" boolean NOT NULL DEFAULT false,
    "CreatedAt" timestamp with time zone NOT NULL,
    "UpdatedAt" timestamp with time zone,
    "IsDeleted" boolean NOT NULL DEFAULT false,
    CONSTRAINT "PK_WorkflowTemplates" PRIMARY KEY ("Id"),
    CONSTRAINT "FK_WorkflowTemplates_Chambers_ChamberId" FOREIGN KEY ("ChamberId") REFERENCES "Chambers"("Id") ON DELETE CASCADE
);
2026-06-06 17:14:22.895 +06:00 [INF] Executed DbCommand (2ms) [Parameters=[], CommandType='"Text"', CommandTimeout='30']
CREATE TABLE IF NOT EXISTS "WorkflowTemplateSections" (
    "Id" uuid NOT NULL,
    "TemplateId" uuid NOT NULL,
    "LegalSectionId" uuid NOT NULL,
    "DisplayOrder" integer NOT NULL,
    "CreatedAt" timestamp with time zone NOT NULL,
    "UpdatedAt" timestamp with time zone,
    "IsDeleted" boolean NOT NULL DEFAULT false,
    CONSTRAINT "PK_WorkflowTemplateSections" PRIMARY KEY ("Id"),
    CONSTRAINT "FK_WorkflowTemplateSections_WorkflowTemplates_TemplateId" FOREIGN KEY ("TemplateId") REFERENCES "WorkflowTemplates"("Id") ON DELETE CASCADE,
    CONSTRAINT "FK_WorkflowTemplateSections_LegalSections_LegalSectionId" FOREIGN KEY ("LegalSectionId") REFERENCES "LegalSections"("Id") ON DELETE RESTRICT
);
CREATE UNIQUE INDEX IF NOT EXISTS "IX_WorkflowTemplateSections_TemplateId_LegalSectionId" ON "WorkflowTemplateSections"("TemplateId", "LegalSectionId");
2026-06-06 17:14:22.898 +06:00 [INF] Executed DbCommand (2ms) [Parameters=[], CommandType='"Text"', CommandTimeout='30']
CREATE TABLE IF NOT EXISTS "CaseLegalSections" (
    "Id" uuid NOT NULL,
    "CaseId" uuid NOT NULL,
    "LegalSectionId" uuid NOT NULL,
    "CreatedAt" timestamp with time zone NOT NULL,
    "UpdatedAt" timestamp with time zone,
    "IsDeleted" boolean NOT NULL DEFAULT false,
    CONSTRAINT "PK_CaseLegalSections" PRIMARY KEY ("Id"),
    CONSTRAINT "FK_CaseLegalSections_Cases_CaseId" FOREIGN KEY ("CaseId") REFERENCES "Cases"("Id") ON DELETE CASCADE,
    CONSTRAINT "FK_CaseLegalSections_LegalSections_LegalSectionId" FOREIGN KEY ("LegalSectionId") REFERENCES "LegalSections"("Id") ON DELETE RESTRICT
);
CREATE UNIQUE INDEX IF NOT EXISTS "IX_CaseLegalSections_CaseId_LegalSectionId" ON "CaseLegalSections"("CaseId", "LegalSectionId");
2026-06-06 17:14:22.903 +06:00 [INF] Executed DbCommand (5ms) [Parameters=[], CommandType='"Text"', CommandTimeout='30']
ALTER TABLE "LegalProcedures" ADD COLUMN IF NOT EXISTS "StepNumber" integer NOT NULL DEFAULT 0;
ALTER TABLE "LegalProcedures" ADD COLUMN IF NOT EXISTS "Title" character varying(500) NOT NULL DEFAULT '';
ALTER TABLE "LegalProcedures" ADD COLUMN IF NOT EXISTS "RecommendedTimeline" character varying(200);
ALTER TABLE "LegalProcedures" ADD COLUMN IF NOT EXISTS "ResponsibleRole" character varying(50);
ALTER TABLE "LegalProcedures" ADD COLUMN IF NOT EXISTS "IsMandatory" boolean NOT NULL DEFAULT false;
2026-06-06 17:14:22.925 +06:00 [INF] Executed DbCommand (21ms) [Parameters=[], CommandType='"Text"', CommandTimeout='30']
DO $$
BEGIN
    IF EXISTS (SELECT FROM information_schema.columns WHERE table_schema = 'public' AND table_name = 'LegalProcedures' AND column_name = 'Name') THEN
        UPDATE "LegalProcedures" SET "Title" = "Name" WHERE "Title" = '' AND "Name" IS NOT NULL AND "Name" <> '';
    END IF;
    IF EXISTS (SELECT FROM information_schema.columns WHERE table_schema = 'public' AND table_name = 'LegalProcedures' AND column_name = 'Timeline') THEN
        UPDATE "LegalProcedures" SET "RecommendedTimeline" = "Timeline" WHERE "RecommendedTimeline" IS NULL AND "Timeline" IS NOT NULL;
    END IF;
END $$;
2026-06-06 17:14:22.927 +06:00 [INF] Executed DbCommand (2ms) [Parameters=[], CommandType='"Text"', CommandTimeout='30']
CREATE TABLE IF NOT EXISTS "LegalProcedures" (
    "Id" uuid NOT NULL,
    "LegalSectionId" uuid NOT NULL,
    "StepNumber" integer NOT NULL DEFAULT 0,
    "Title" character varying(500) NOT NULL,
    "Description" character varying(4000),
    "RequiredDocuments" character varying(2000),
    "RecommendedTimeline" character varying(200),
    "ResponsibleRole" character varying(50),
    "IsMandatory" boolean NOT NULL DEFAULT false,
    "CreatedAt" timestamp with time zone NOT NULL,
    "UpdatedAt" timestamp with time zone,
    "IsDeleted" boolean NOT NULL DEFAULT false,
    CONSTRAINT "PK_LegalProcedures" PRIMARY KEY ("Id"),
    CONSTRAINT "FK_LegalProcedures_LegalSections_LegalSectionId" FOREIGN KEY ("LegalSectionId") REFERENCES "LegalSections"("Id") ON DELETE CASCADE
);
2026-06-06 17:14:22.931 +06:00 [INF] Executed DbCommand (4ms) [Parameters=[], CommandType='"Text"', CommandTimeout='30']
ALTER TABLE "CaseLegalProcedures" ADD COLUMN IF NOT EXISTS "LegalProcedureId" uuid NOT NULL DEFAULT '00000000-0000-0000-0000-000000000000';
ALTER TABLE "CaseLegalProcedures" ADD COLUMN IF NOT EXISTS "IsCompleted" boolean NOT NULL DEFAULT false;
ALTER TABLE "CaseLegalProcedures" ADD COLUMN IF NOT EXISTS "CompletedBy" character varying(200);
2026-06-06 17:14:22.933 +06:00 [INF] Executed DbCommand (1ms) [Parameters=[], CommandType='"Text"', CommandTimeout='30']
CREATE TABLE IF NOT EXISTS "CaseLegalProcedures" (
    "Id" uuid NOT NULL,
    "CaseLegalSectionId" uuid NOT NULL,
    "LegalProcedureId" uuid NOT NULL,
    "IsCompleted" boolean NOT NULL DEFAULT false,
    "CompletedAt" timestamp with time zone,
    "CompletedBy" character varying(200),
    "Notes" character varying(4000),
    "CreatedAt" timestamp with time zone NOT NULL,
    "UpdatedAt" timestamp with time zone,
    "IsDeleted" boolean NOT NULL DEFAULT false,
    CONSTRAINT "PK_CaseLegalProcedures" PRIMARY KEY ("Id"),
    CONSTRAINT "FK_CaseLegalProcedures_CaseLegalSections_CaseLegalSectionId" FOREIGN KEY ("CaseLegalSectionId") REFERENCES "CaseLegalSections"("Id") ON DELETE CASCADE,
    CONSTRAINT "FK_CaseLegalProcedures_LegalProcedures_LegalProcedureId" FOREIGN KEY ("LegalProcedureId") REFERENCES "LegalProcedures"("Id") ON DELETE RESTRICT
);
2026-06-06 17:14:22.935 +06:00 [INF] Executed DbCommand (1ms) [Parameters=[], CommandType='"Text"', CommandTimeout='30']
CREATE TABLE IF NOT EXISTS "Bails" (
    "Id" uuid NOT NULL,
    "CaseId" uuid NOT NULL,
    "Status" character varying(20) NOT NULL DEFAULT 'Pending',
    "BailAmount" numeric(18,2),
    "BailConditions" character varying(2000),
    "BailGrantedAt" timestamp with time zone,
    "BailHearingDate" timestamp with time zone,
    "BondNumber" character varying(100),
    "SuretyName" character varying(255),
    "SuretyAddress" character varying(500),
    "SuretyContact" character varying(50),
    "RevokedAt" timestamp with time zone,
    "RevokedReason" character varying(2000),
    "GrantedBy" character varying(255),
    "Notes" character varying(2000),
    "CreatedAt" timestamp with time zone NOT NULL,
    "UpdatedAt" timestamp with time zone,
    "IsDeleted" boolean NOT NULL DEFAULT false,
    CONSTRAINT "PK_Bails" PRIMARY KEY ("Id"),
    CONSTRAINT "FK_Bails_Cases_CaseId" FOREIGN KEY ("CaseId") REFERENCES "Cases"("Id") ON DELETE CASCADE
);
2026-06-06 17:14:22.937 +06:00 [INF] Executed DbCommand (1ms) [Parameters=[], CommandType='"Text"', CommandTimeout='30']
CREATE TABLE IF NOT EXISTS "Leads" (
    "Id" uuid NOT NULL,
    "ChamberId" uuid NOT NULL,
    "Name" character varying(500) NOT NULL,
    "Phone" character varying(50) NOT NULL,
    "Email" character varying(320) NOT NULL,
    "CompanyName" character varying(500),
    "CaseType" character varying(200),
    "EstimatedValue" numeric NOT NULL DEFAULT 0,
    "LeadSource" character varying(200) NOT NULL DEFAULT '',
    "Stage" character varying(100) NOT NULL DEFAULT 'NewLead',
    "AssignedLawyerId" uuid,
    "Notes" text,
    "AttachmentsJson" text,
    "FollowUpDate" timestamp with time zone,
    "LastContactedAt" timestamp with time zone,
    "Score" integer NOT NULL DEFAULT 0,
    "ConvertedAt" timestamp with time zone NOT NULL DEFAULT '-infinity',
    "LostReason" character varying(1000),
    "CreatedAt" timestamp with time zone NOT NULL,
    "UpdatedAt" timestamp with time zone,
    "IsDeleted" boolean NOT NULL DEFAULT false,
    CONSTRAINT "PK_Leads" PRIMARY KEY ("Id"),
    CONSTRAINT "FK_Leads_Chambers_ChamberId" FOREIGN KEY ("ChamberId") REFERENCES "Chambers"("Id") ON DELETE CASCADE,
    CONSTRAINT "FK_Leads_Users_AssignedLawyerId" FOREIGN KEY ("AssignedLawyerId") REFERENCES "Users"("Id") ON DELETE SET NULL
);
2026-06-06 17:14:22.939 +06:00 [INF] Executed DbCommand (2ms) [Parameters=[], CommandType='"Text"', CommandTimeout='30']
CREATE TABLE IF NOT EXISTS "TimeEntries" (
    "Id" uuid NOT NULL,
    "UserId" uuid NOT NULL,
    "ClientId" uuid,
    "CaseId" uuid,
    "TaskId" uuid,
    "InvoiceId" uuid,
    "Description" character varying(2000) NOT NULL DEFAULT '',
    "Category" character varying(100) NOT NULL DEFAULT 'General',
    "StartTime" timestamp with time zone NOT NULL,
    "EndTime" timestamp with time zone,
    "DurationMinutes" double precision NOT NULL DEFAULT 0,
    "HourlyRate" numeric NOT NULL DEFAULT 0,
    "Billable" boolean NOT NULL DEFAULT true,
    "Status" character varying(50) NOT NULL DEFAULT 'Running',
    "ChamberId" uuid NOT NULL,
    "CreatedAt" timestamp with time zone NOT NULL,
    "UpdatedAt" timestamp with time zone,
    "IsDeleted" boolean NOT NULL DEFAULT false,
    CONSTRAINT "PK_TimeEntries" PRIMARY KEY ("Id"),
    CONSTRAINT "FK_TimeEntries_Users_UserId" FOREIGN KEY ("UserId") REFERENCES "Users"("Id") ON DELETE CASCADE,
    CONSTRAINT "FK_TimeEntries_Cases_CaseId" FOREIGN KEY ("CaseId") REFERENCES "Cases"("Id") ON DELETE SET NULL,
    CONSTRAINT "FK_TimeEntries_Tasks_TaskId" FOREIGN KEY ("TaskId") REFERENCES "Tasks"("Id") ON DELETE SET NULL,
    CONSTRAINT "FK_TimeEntries_Invoices_InvoiceId" FOREIGN KEY ("InvoiceId") REFERENCES "Invoices"("Id") ON DELETE SET NULL,
    CONSTRAINT "FK_TimeEntries_Clients_ClientId" FOREIGN KEY ("ClientId") REFERENCES "Clients"("Id") ON DELETE SET NULL,
    CONSTRAINT "FK_TimeEntries_Chambers_ChamberId" FOREIGN KEY ("ChamberId") REFERENCES "Chambers"("Id") ON DELETE CASCADE
);
2026-06-06 17:14:22.940 +06:00 [INF] Executed DbCommand (1ms) [Parameters=[], CommandType='"Text"', CommandTimeout='30']
CREATE TABLE IF NOT EXISTS "Messages" (
    "Id" uuid NOT NULL,
    "SenderId" uuid NOT NULL,
    "ReceiverId" uuid NOT NULL,
    "CaseId" uuid,
    "Content" text NOT NULL DEFAULT '',
    "AttachmentUrl" character varying(2000),
    "AttachmentFileName" character varying(500),
    "IsRead" boolean NOT NULL DEFAULT false,
    "ReadAt" timestamp with time zone,
    "IsClientVisible" boolean NOT NULL DEFAULT true,
    "CreatedAt" timestamp with time zone NOT NULL,
    "UpdatedAt" timestamp with time zone,
    "IsDeleted" boolean NOT NULL DEFAULT false,
    CONSTRAINT "PK_Messages" PRIMARY KEY ("Id"),
    CONSTRAINT "FK_Messages_Users_SenderId" FOREIGN KEY ("SenderId") REFERENCES "Users"("Id") ON DELETE CASCADE,
    CONSTRAINT "FK_Messages_Users_ReceiverId" FOREIGN KEY ("ReceiverId") REFERENCES "Users"("Id") ON DELETE CASCADE,
    CONSTRAINT "FK_Messages_Cases_CaseId" FOREIGN KEY ("CaseId") REFERENCES "Cases"("Id") ON DELETE SET NULL
);
2026-06-06 17:14:23.379 +06:00 [INF] Executed DbCommand (6ms) [Parameters=[], CommandType='"Text"', CommandTimeout='30']
SELECT EXISTS (
    SELECT 1
    FROM "Chambers" AS c
    WHERE c."Id" = 'c0000000-0000-0000-0000-000000000001')
2026-06-06 17:14:23.473 +06:00 [INF] Executed DbCommand (6ms) [Parameters=[@seed_Email='?'], CommandType='"Text"', CommandTimeout='30']
SELECT u."Id", u."AvatarUrl", u."BarCouncilId", u."ChamberId", u."ClientId", u."CreatedAt", u."Email", u."FullName", u."IsActive", u."IsDeleted", u."LastLoginAt", u."LastLoginIp", u."LockoutEnd", u."LoginAttempts", u."PasswordHash", u."Phone", u."RefreshToken", u."RefreshTokenExpiry", u."Role", u."Status", u."TwoFactorEnabled", u."TwoFactorSecret", u."TwoFactorVerifiedAt", u."UpdatedAt"
FROM "Users" AS u
WHERE u."Email" = @seed_Email
LIMIT 1
2026-06-06 17:14:23.694 +06:00 [INF] Executed DbCommand (2ms) [Parameters=[@seed_Email='?'], CommandType='"Text"', CommandTimeout='30']
SELECT u."Id", u."AvatarUrl", u."BarCouncilId", u."ChamberId", u."ClientId", u."CreatedAt", u."Email", u."FullName", u."IsActive", u."IsDeleted", u."LastLoginAt", u."LastLoginIp", u."LockoutEnd", u."LoginAttempts", u."PasswordHash", u."Phone", u."RefreshToken", u."RefreshTokenExpiry", u."Role", u."Status", u."TwoFactorEnabled", u."TwoFactorSecret", u."TwoFactorVerifiedAt", u."UpdatedAt"
FROM "Users" AS u
WHERE u."Email" = @seed_Email
LIMIT 1
2026-06-06 17:14:23.708 +06:00 [INF] Executed DbCommand (2ms) [Parameters=[], CommandType='"Text"', CommandTimeout='30']
SELECT EXISTS (
    SELECT 1
    FROM "Subscriptions" AS s
    WHERE s."Id" = 'b2c3d4e5-f6a7-8901-bcde-f12345678901')
2026-06-06 17:14:23.718 +06:00 [INF] Executed DbCommand (3ms) [Parameters=[], CommandType='"Text"', CommandTimeout='30']
SELECT EXISTS (
    SELECT 1
    FROM "Organizations" AS o
    WHERE o."Id" = 'd0000000-0000-0000-0000-000000000001')
2026-06-06 17:14:23.730 +06:00 [INF] Executed DbCommand (3ms) [Parameters=[], CommandType='"Text"', CommandTimeout='30']
SELECT EXISTS (
    SELECT 1
    FROM "OrganizationMembers" AS o
    WHERE o."OrganizationId" = 'd0000000-0000-0000-0000-000000000001' AND o."UserId" = 'a1b2c3d4-e5f6-7890-abcd-ef1234567890')
2026-06-06 17:14:23.824 +06:00 [INF] User profile is available. Using 'C:\Users\mdmah\AppData\Local\ASP.NET\DataProtection-Keys' as key repository and Windows DPAPI to encrypt keys at rest.
2026-06-06 17:14:23.859 +06:00 [INF] Reminder automation worker started
2026-06-06 17:14:23.918 +06:00 [INF] Executed DbCommand (2ms) [Parameters=[], CommandType='"Text"', CommandTimeout='30']
SELECT c."Id"
FROM "Chambers" AS c
WHERE NOT (c."IsDeleted")
2026-06-06 17:14:23.951 +06:00 [INF] Executed DbCommand (4ms) [Parameters=[@chamberId='?' (DbType = Guid)], CommandType='"Text"', CommandTimeout='30']
SELECT u."Id", u."AvatarUrl", u."BarCouncilId", u."ChamberId", u."ClientId", u."CreatedAt", u."Email", u."FullName", u."IsActive", u."IsDeleted", u."LastLoginAt", u."LastLoginIp", u."LockoutEnd", u."LoginAttempts", u."PasswordHash", u."Phone", u."RefreshToken", u."RefreshTokenExpiry", u."Role", u."Status", u."TwoFactorEnabled", u."TwoFactorSecret", u."TwoFactorVerifiedAt", u."UpdatedAt"
FROM "Users" AS u
WHERE NOT (u."IsDeleted") AND u."ChamberId" = @chamberId AND u."IsActive" AND NOT (u."IsDeleted")
2026-06-06 17:14:23.955 +06:00 [INF] Now listening on: http://localhost:5001
2026-06-06 17:14:23.956 +06:00 [INF] Application started. Press Ctrl+C to shut down.
2026-06-06 17:14:23.956 +06:00 [INF] Hosting environment: Development
2026-06-06 17:14:23.956 +06:00 [INF] Content root path: C:\Users\mdmah\Desktop\Verdiq\backend\Verdiq.API
2026-06-06 17:14:24.060 +06:00 [INF] Executed DbCommand (7ms) [Parameters=[@chamberId='?' (DbType = Guid), @user_Id='?' (DbType = Guid), @now='?' (DbType = DateTime)], CommandType='"Text"', CommandTimeout='30']
SELECT h."Id", h."CaseId", h."Courtroom", h."CreatedAt", h."HearingDate", h."IsDeleted", h."JudgeName", h."NextHearingDate", h."Notes", h."ReminderSent", h."Result", h."Status", h."UpdatedAt", c0."Id", c0."ActsAndSections", c0."AppealStatus", c0."AssignedLawyerId", c0."Bench", c0."BillingMethod", c0."BudgetLimit", c0."CaseNumber", c0."CaseTemplateId", c0."CaseType", c0."ChamberId", c0."ClosingDate", c0."ComplexityScore", c0."CourtName", c0."CreatedAt", c0."CriticalDeadlines", c0."Department", c0."Description", c0."ExpenseBudget", c0."FilingDate", c0."FirNumber", c0."FixedFee", c0."GdNumber", c0."HourlyRate", c0."InternalNotes", c0."IsDeleted", c0."JudgeName", c0."Jurisdiction", c0."LimitationExpiry", c0."NextHearingDate", c0."Opponent", c0."OpposingLawyer", c0."PoliceStation", c0."PracticeArea", c0."Priority", c0."Prosecutor", c0."RetainerAmount", c0."RiskLevel", c0."Status", c0."TeamId", c0."Title", c0."UpdatedAt", c0."WorkflowTemplateId"
FROM "Hearings" AS h
INNER JOIN (
    SELECT c."Id", c."ActsAndSections", c."AppealStatus", c."AssignedLawyerId", c."Bench", c."BillingMethod", c."BudgetLimit", c."CaseNumber", c."CaseTemplateId", c."CaseType", c."ChamberId", c."ClosingDate", c."ComplexityScore", c."CourtName", c."CreatedAt", c."CriticalDeadlines", c."Department", c."Description", c."ExpenseBudget", c."FilingDate", c."FirNumber", c."FixedFee", c."GdNumber", c."HourlyRate", c."InternalNotes", c."IsDeleted", c."JudgeName", c."Jurisdiction", c."LimitationExpiry", c."NextHearingDate", c."Opponent", c."OpposingLawyer", c."PoliceStation", c."PracticeArea", c."Priority", c."Prosecutor", c."RetainerAmount", c."RiskLevel", c."Status", c."TeamId", c."Title", c."UpdatedAt", c."WorkflowTemplateId"
    FROM "Cases" AS c
    WHERE NOT (c."IsDeleted")
) AS c0 ON h."CaseId" = c0."Id"
WHERE NOT (h."IsDeleted") AND c0."ChamberId" = @chamberId AND c0."AssignedLawyerId" = @user_Id AND NOT (h."IsDeleted") AND h."HearingDate" > @now
2026-06-06 17:14:24.088 +06:00 [INF] Executed DbCommand (4ms) [Parameters=[@chamberId='?' (DbType = Guid), @user_Id='?' (DbType = Guid), @now='?' (DbType = DateTime)], CommandType='"Text"', CommandTimeout='30']
SELECT t."Id", t."ActualHours", t."AssignedBy", t."AssignedTo", t."CaseId", t."ChamberId", t."CompletedAt", t."CreatedAt", t."Description", t."DueDate", t."EstimatedHours", t."IsDeleted", t."IsRecurring", t."Priority", t."RecurrenceInterval", t."RecurrencePattern", t."SortOrder", t."Status", t."Title", t."UpdatedAt"
FROM "Tasks" AS t
WHERE NOT (t."IsDeleted") AND t."ChamberId" = @chamberId AND NOT (t."IsDeleted") AND t."AssignedTo" = @user_Id AND t."Status" = 'Pending' AND t."DueDate" < @now
2026-06-06 17:14:24.151 +06:00 [INF] Executed DbCommand (3ms) [Parameters=[@chamberId='?' (DbType = Guid), @now='?' (DbType = DateTime)], CommandType='"Text"', CommandTimeout='30']
SELECT i."Id", i."Amount", i."CaseId", i."ClientId", i."CreatedAt", i."Currency", i."Description", i."DueDate", i."InvoiceNumber", i."IsDeleted", i."PaidAt", i."Status", i."UpdatedAt", c0."Id", c0."ActsAndSections", c0."AppealStatus", c0."AssignedLawyerId", c0."Bench", c0."BillingMethod", c0."BudgetLimit", c0."CaseNumber", c0."CaseTemplateId", c0."CaseType", c0."ChamberId", c0."ClosingDate", c0."ComplexityScore", c0."CourtName", c0."CreatedAt", c0."CriticalDeadlines", c0."Department", c0."Description", c0."ExpenseBudget", c0."FilingDate", c0."FirNumber", c0."FixedFee", c0."GdNumber", c0."HourlyRate", c0."InternalNotes", c0."IsDeleted", c0."JudgeName", c0."Jurisdiction", c0."LimitationExpiry", c0."NextHearingDate", c0."Opponent", c0."OpposingLawyer", c0."PoliceStation", c0."PracticeArea", c0."Priority", c0."Prosecutor", c0."RetainerAmount", c0."RiskLevel", c0."Status", c0."TeamId", c0."Title", c0."UpdatedAt", c0."WorkflowTemplateId"
FROM "Invoices" AS i
LEFT JOIN (
    SELECT c."Id", c."ActsAndSections", c."AppealStatus", c."AssignedLawyerId", c."Bench", c."BillingMethod", c."BudgetLimit", c."CaseNumber", c."CaseTemplateId", c."CaseType", c."ChamberId", c."ClosingDate", c."ComplexityScore", c."CourtName", c."CreatedAt", c."CriticalDeadlines", c."Department", c."Description", c."ExpenseBudget", c."FilingDate", c."FirNumber", c."FixedFee", c."GdNumber", c."HourlyRate", c."InternalNotes", c."IsDeleted", c."JudgeName", c."Jurisdiction", c."LimitationExpiry", c."NextHearingDate", c."Opponent", c."OpposingLawyer", c."PoliceStation", c."PracticeArea", c."Priority", c."Prosecutor", c."RetainerAmount", c."RiskLevel", c."Status", c."TeamId", c."Title", c."UpdatedAt", c."WorkflowTemplateId"
    FROM "Cases" AS c
    WHERE NOT (c."IsDeleted")
) AS c0 ON i."CaseId" = c0."Id"
WHERE NOT (i."IsDeleted") AND c0."Id" IS NOT NULL AND c0."ChamberId" = @chamberId AND NOT (i."IsDeleted") AND i."DueDate" IS NOT NULL AND i."DueDate" < @now AND i."Status" = 'Pending'
2026-06-06 17:14:24.175 +06:00 [INF] Executed DbCommand (4ms) [Parameters=[@chamberId='?' (DbType = Guid), @user_Id='?' (DbType = Guid)], CommandType='"Text"', CommandTimeout='30']
SELECT l."Id", l."AssignedLawyerId", l."AttachmentsJson", l."CaseType", l."ChamberId", l."CompanyName", l."ConvertedAt", l."CreatedAt", l."Email", l."EstimatedValue", l."FollowUpDate", l."IsDeleted", l."LastContactedAt", l."LeadSource", l."LostReason", l."Name", l."Notes", l."Phone", l."Score", l."Stage", l."UpdatedAt"
FROM "Leads" AS l
WHERE NOT (l."IsDeleted") AND l."ChamberId" = @chamberId AND NOT (l."IsDeleted") AND l."AssignedLawyerId" = @user_Id AND l."Stage" <> 'ConvertedToClient' AND l."Stage" <> 'LostLead' AND l."LastContactedAt" IS NOT NULL
2026-06-06 17:14:24.204 +06:00 [INF] Executed DbCommand (3ms) [Parameters=[@chamberId='?' (DbType = Guid), @user_Id='?' (DbType = Guid)], CommandType='"Text"', CommandTimeout='30']
SELECT c."Id", c."ActsAndSections", c."AppealStatus", c."AssignedLawyerId", c."Bench", c."BillingMethod", c."BudgetLimit", c."CaseNumber", c."CaseTemplateId", c."CaseType", c."ChamberId", c."ClosingDate", c."ComplexityScore", c."CourtName", c."CreatedAt", c."CriticalDeadlines", c."Department", c."Description", c."ExpenseBudget", c."FilingDate", c."FirNumber", c."FixedFee", c."GdNumber", c."HourlyRate", c."InternalNotes", c."IsDeleted", c."JudgeName", c."Jurisdiction", c."LimitationExpiry", c."NextHearingDate", c."Opponent", c."OpposingLawyer", c."PoliceStation", c."PracticeArea", c."Priority", c."Prosecutor", c."RetainerAmount", c."RiskLevel", c."Status", c."TeamId", c."Title", c."UpdatedAt", c."WorkflowTemplateId"
FROM "Cases" AS c
WHERE NOT (c."IsDeleted") AND c."ChamberId" = @chamberId AND NOT (c."IsDeleted") AND c."AssignedLawyerId" = @user_Id AND c."Status" <> 'Closed'
2026-06-06 17:14:24.255 +06:00 [INF] Executed DbCommand (5ms) [Parameters=[@chamberId='?' (DbType = Guid), @user_Id='?' (DbType = Guid), @todayStart='?' (DbType = DateTime), @AddDays='?' (DbType = DateTime)], CommandType='"Text"', CommandTimeout='30']
SELECT COALESCE(sum(t."DurationMinutes"), 0.0)
FROM "TimeEntries" AS t
WHERE NOT (t."IsDeleted") AND t."ChamberId" = @chamberId AND t."UserId" = @user_Id AND t."StartTime" >= @todayStart AND t."StartTime" < @AddDays
2026-06-06 17:14:24.270 +06:00 [INF] Executed DbCommand (3ms) [Parameters=[@chamberId='?' (DbType = Guid), @user_Id='?' (DbType = Guid), @weekStart='?' (DbType = DateTime)], CommandType='"Text"', CommandTimeout='30']
SELECT COALESCE(sum(t."DurationMinutes"), 0.0)
FROM "TimeEntries" AS t
WHERE NOT (t."IsDeleted") AND t."ChamberId" = @chamberId AND t."UserId" = @user_Id AND t."StartTime" >= @weekStart
2026-06-06 17:14:24.274 +06:00 [INF] Executed DbCommand (3ms) [Parameters=[@chamberId='?' (DbType = Guid), @user_Id='?' (DbType = Guid), @now='?' (DbType = DateTime)], CommandType='"Text"', CommandTimeout='30']
SELECT h."Id", h."CaseId", h."Courtroom", h."CreatedAt", h."HearingDate", h."IsDeleted", h."JudgeName", h."NextHearingDate", h."Notes", h."ReminderSent", h."Result", h."Status", h."UpdatedAt", c0."Id", c0."ActsAndSections", c0."AppealStatus", c0."AssignedLawyerId", c0."Bench", c0."BillingMethod", c0."BudgetLimit", c0."CaseNumber", c0."CaseTemplateId", c0."CaseType", c0."ChamberId", c0."ClosingDate", c0."ComplexityScore", c0."CourtName", c0."CreatedAt", c0."CriticalDeadlines", c0."Department", c0."Description", c0."ExpenseBudget", c0."FilingDate", c0."FirNumber", c0."FixedFee", c0."GdNumber", c0."HourlyRate", c0."InternalNotes", c0."IsDeleted", c0."JudgeName", c0."Jurisdiction", c0."LimitationExpiry", c0."NextHearingDate", c0."Opponent", c0."OpposingLawyer", c0."PoliceStation", c0."PracticeArea", c0."Priority", c0."Prosecutor", c0."RetainerAmount", c0."RiskLevel", c0."Status", c0."TeamId", c0."Title", c0."UpdatedAt", c0."WorkflowTemplateId"
FROM "Hearings" AS h
INNER JOIN (
    SELECT c."Id", c."ActsAndSections", c."AppealStatus", c."AssignedLawyerId", c."Bench", c."BillingMethod", c."BudgetLimit", c."CaseNumber", c."CaseTemplateId", c."CaseType", c."ChamberId", c."ClosingDate", c."ComplexityScore", c."CourtName", c."CreatedAt", c."CriticalDeadlines", c."Department", c."Description", c."ExpenseBudget", c."FilingDate", c."FirNumber", c."FixedFee", c."GdNumber", c."HourlyRate", c."InternalNotes", c."IsDeleted", c."JudgeName", c."Jurisdiction", c."LimitationExpiry", c."NextHearingDate", c."Opponent", c."OpposingLawyer", c."PoliceStation", c."PracticeArea", c."Priority", c."Prosecutor", c."RetainerAmount", c."RiskLevel", c."Status", c."TeamId", c."Title", c."UpdatedAt", c."WorkflowTemplateId"
    FROM "Cases" AS c
    WHERE NOT (c."IsDeleted")
) AS c0 ON h."CaseId" = c0."Id"
WHERE NOT (h."IsDeleted") AND c0."ChamberId" = @chamberId AND c0."AssignedLawyerId" = @user_Id AND NOT (h."IsDeleted") AND h."HearingDate" > @now
2026-06-06 17:14:24.278 +06:00 [INF] Executed DbCommand (2ms) [Parameters=[@chamberId='?' (DbType = Guid), @user_Id='?' (DbType = Guid), @now='?' (DbType = DateTime)], CommandType='"Text"', CommandTimeout='30']
SELECT t."Id", t."ActualHours", t."AssignedBy", t."AssignedTo", t."CaseId", t."ChamberId", t."CompletedAt", t."CreatedAt", t."Description", t."DueDate", t."EstimatedHours", t."IsDeleted", t."IsRecurring", t."Priority", t."RecurrenceInterval", t."RecurrencePattern", t."SortOrder", t."Status", t."Title", t."UpdatedAt"
FROM "Tasks" AS t
WHERE NOT (t."IsDeleted") AND t."ChamberId" = @chamberId AND NOT (t."IsDeleted") AND t."AssignedTo" = @user_Id AND t."Status" = 'Pending' AND t."DueDate" < @now
2026-06-06 17:14:24.283 +06:00 [INF] Executed DbCommand (4ms) [Parameters=[@chamberId='?' (DbType = Guid), @now='?' (DbType = DateTime)], CommandType='"Text"', CommandTimeout='30']
SELECT i."Id", i."Amount", i."CaseId", i."ClientId", i."CreatedAt", i."Currency", i."Description", i."DueDate", i."InvoiceNumber", i."IsDeleted", i."PaidAt", i."Status", i."UpdatedAt", c0."Id", c0."ActsAndSections", c0."AppealStatus", c0."AssignedLawyerId", c0."Bench", c0."BillingMethod", c0."BudgetLimit", c0."CaseNumber", c0."CaseTemplateId", c0."CaseType", c0."ChamberId", c0."ClosingDate", c0."ComplexityScore", c0."CourtName", c0."CreatedAt", c0."CriticalDeadlines", c0."Department", c0."Description", c0."ExpenseBudget", c0."FilingDate", c0."FirNumber", c0."FixedFee", c0."GdNumber", c0."HourlyRate", c0."InternalNotes", c0."IsDeleted", c0."JudgeName", c0."Jurisdiction", c0."LimitationExpiry", c0."NextHearingDate", c0."Opponent", c0."OpposingLawyer", c0."PoliceStation", c0."PracticeArea", c0."Priority", c0."Prosecutor", c0."RetainerAmount", c0."RiskLevel", c0."Status", c0."TeamId", c0."Title", c0."UpdatedAt", c0."WorkflowTemplateId"
FROM "Invoices" AS i
LEFT JOIN (
    SELECT c."Id", c."ActsAndSections", c."AppealStatus", c."AssignedLawyerId", c."Bench", c."BillingMethod", c."BudgetLimit", c."CaseNumber", c."CaseTemplateId", c."CaseType", c."ChamberId", c."ClosingDate", c."ComplexityScore", c."CourtName", c."CreatedAt", c."CriticalDeadlines", c."Department", c."Description", c."ExpenseBudget", c."FilingDate", c."FirNumber", c."FixedFee", c."GdNumber", c."HourlyRate", c."InternalNotes", c."IsDeleted", c."JudgeName", c."Jurisdiction", c."LimitationExpiry", c."NextHearingDate", c."Opponent", c."OpposingLawyer", c."PoliceStation", c."PracticeArea", c."Priority", c."Prosecutor", c."RetainerAmount", c."RiskLevel", c."Status", c."TeamId", c."Title", c."UpdatedAt", c."WorkflowTemplateId"
    FROM "Cases" AS c
    WHERE NOT (c."IsDeleted")
) AS c0 ON i."CaseId" = c0."Id"
WHERE NOT (i."IsDeleted") AND c0."Id" IS NOT NULL AND c0."ChamberId" = @chamberId AND NOT (i."IsDeleted") AND i."DueDate" IS NOT NULL AND i."DueDate" < @now AND i."Status" = 'Pending'
2026-06-06 17:14:24.286 +06:00 [INF] Executed DbCommand (2ms) [Parameters=[@chamberId='?' (DbType = Guid), @user_Id='?' (DbType = Guid)], CommandType='"Text"', CommandTimeout='30']
SELECT l."Id", l."AssignedLawyerId", l."AttachmentsJson", l."CaseType", l."ChamberId", l."CompanyName", l."ConvertedAt", l."CreatedAt", l."Email", l."EstimatedValue", l."FollowUpDate", l."IsDeleted", l."LastContactedAt", l."LeadSource", l."LostReason", l."Name", l."Notes", l."Phone", l."Score", l."Stage", l."UpdatedAt"
FROM "Leads" AS l
WHERE NOT (l."IsDeleted") AND l."ChamberId" = @chamberId AND NOT (l."IsDeleted") AND l."AssignedLawyerId" = @user_Id AND l."Stage" <> 'ConvertedToClient' AND l."Stage" <> 'LostLead' AND l."LastContactedAt" IS NOT NULL
2026-06-06 17:14:24.290 +06:00 [INF] Executed DbCommand (2ms) [Parameters=[@chamberId='?' (DbType = Guid), @user_Id='?' (DbType = Guid)], CommandType='"Text"', CommandTimeout='30']
SELECT c."Id", c."ActsAndSections", c."AppealStatus", c."AssignedLawyerId", c."Bench", c."BillingMethod", c."BudgetLimit", c."CaseNumber", c."CaseTemplateId", c."CaseType", c."ChamberId", c."ClosingDate", c."ComplexityScore", c."CourtName", c."CreatedAt", c."CriticalDeadlines", c."Department", c."Description", c."ExpenseBudget", c."FilingDate", c."FirNumber", c."FixedFee", c."GdNumber", c."HourlyRate", c."InternalNotes", c."IsDeleted", c."JudgeName", c."Jurisdiction", c."LimitationExpiry", c."NextHearingDate", c."Opponent", c."OpposingLawyer", c."PoliceStation", c."PracticeArea", c."Priority", c."Prosecutor", c."RetainerAmount", c."RiskLevel", c."Status", c."TeamId", c."Title", c."UpdatedAt", c."WorkflowTemplateId"
FROM "Cases" AS c
WHERE NOT (c."IsDeleted") AND c."ChamberId" = @chamberId AND NOT (c."IsDeleted") AND c."AssignedLawyerId" = @user_Id AND c."Status" <> 'Closed'
2026-06-06 17:14:24.295 +06:00 [INF] Executed DbCommand (2ms) [Parameters=[@chamberId='?' (DbType = Guid), @user_Id='?' (DbType = Guid), @todayStart='?' (DbType = DateTime), @AddDays='?' (DbType = DateTime)], CommandType='"Text"', CommandTimeout='30']
SELECT COALESCE(sum(t."DurationMinutes"), 0.0)
FROM "TimeEntries" AS t
WHERE NOT (t."IsDeleted") AND t."ChamberId" = @chamberId AND t."UserId" = @user_Id AND t."StartTime" >= @todayStart AND t."StartTime" < @AddDays
2026-06-06 17:14:24.298 +06:00 [INF] Executed DbCommand (2ms) [Parameters=[@chamberId='?' (DbType = Guid), @user_Id='?' (DbType = Guid), @weekStart='?' (DbType = DateTime)], CommandType='"Text"', CommandTimeout='30']
SELECT COALESCE(sum(t."DurationMinutes"), 0.0)
FROM "TimeEntries" AS t
WHERE NOT (t."IsDeleted") AND t."ChamberId" = @chamberId AND t."UserId" = @user_Id AND t."StartTime" >= @weekStart
2026-06-06 17:15:01.995 +06:00 [WRN] Entity 'Document' has a global query filter defined and is the required end of a relationship with the entity 'DocumentActivity'. This may lead to unexpected results when the required entity is filtered out. Either configure the navigation as optional, or define matching query filters for both entities in the navigation. See https://go.microsoft.com/fwlink/?linkid=2131316 for more information.
2026-06-06 17:15:02.042 +06:00 [WRN] Entity 'Document' has a global query filter defined and is the required end of a relationship with the entity 'DocumentFavorite'. This may lead to unexpected results when the required entity is filtered out. Either configure the navigation as optional, or define matching query filters for both entities in the navigation. See https://go.microsoft.com/fwlink/?linkid=2131316 for more information.
2026-06-06 17:15:02.044 +06:00 [WRN] Entity 'Document' has a global query filter defined and is the required end of a relationship with the entity 'DocumentShare'. This may lead to unexpected results when the required entity is filtered out. Either configure the navigation as optional, or define matching query filters for both entities in the navigation. See https://go.microsoft.com/fwlink/?linkid=2131316 for more information.
2026-06-06 17:15:02.045 +06:00 [WRN] Entity 'Task' has a global query filter defined and is the required end of a relationship with the entity 'TaskAttachment'. This may lead to unexpected results when the required entity is filtered out. Either configure the navigation as optional, or define matching query filters for both entities in the navigation. See https://go.microsoft.com/fwlink/?linkid=2131316 for more information.
2026-06-06 17:15:02.046 +06:00 [WRN] Entity 'Task' has a global query filter defined and is the required end of a relationship with the entity 'TaskComment'. This may lead to unexpected results when the required entity is filtered out. Either configure the navigation as optional, or define matching query filters for both entities in the navigation. See https://go.microsoft.com/fwlink/?linkid=2131316 for more information.
2026-06-06 17:15:02.047 +06:00 [WRN] Entity 'Task' has a global query filter defined and is the required end of a relationship with the entity 'TaskWatcher'. This may lead to unexpected results when the required entity is filtered out. Either configure the navigation as optional, or define matching query filters for both entities in the navigation. See https://go.microsoft.com/fwlink/?linkid=2131316 for more information.
2026-06-06 17:15:02.974 +06:00 [INF] Executed DbCommand (69ms) [Parameters=[], CommandType='"Text"', CommandTimeout='30']
SELECT CASE WHEN COUNT(*) = 0 THEN FALSE ELSE TRUE END
FROM pg_class AS cls
JOIN pg_namespace AS ns ON ns.oid = cls.relnamespace
WHERE
        cls.relkind IN ('r', 'v', 'm', 'f', 'p') AND
        ns.nspname NOT IN ('pg_catalog', 'information_schema') AND
        -- Exclude tables which are members of PG extensions
        NOT EXISTS (
            SELECT 1 FROM pg_depend WHERE
                classid=(
                    SELECT cls.oid
                    FROM pg_class AS cls
                             JOIN pg_namespace AS ns ON ns.oid = cls.relnamespace
                    WHERE relname='pg_class' AND ns.nspname='pg_catalog'
                ) AND
                objid=cls.oid AND
                deptype IN ('e', 'x')
        )
2026-06-06 17:15:03.027 +06:00 [INF] Executed DbCommand (10ms) [Parameters=[], CommandType='"Text"', CommandTimeout='30']
ALTER TABLE "Users" ADD COLUMN IF NOT EXISTS "TwoFactorEnabled" boolean NOT NULL DEFAULT false;
ALTER TABLE "Users" ADD COLUMN IF NOT EXISTS "TwoFactorSecret" character varying(256);
ALTER TABLE "Users" ADD COLUMN IF NOT EXISTS "TwoFactorVerifiedAt" timestamp with time zone;
ALTER TABLE "Users" ADD COLUMN IF NOT EXISTS "LoginAttempts" integer NOT NULL DEFAULT 0;
ALTER TABLE "Users" ADD COLUMN IF NOT EXISTS "LockoutEnd" timestamp with time zone;
ALTER TABLE "Users" ADD COLUMN IF NOT EXISTS "LastLoginAt" timestamp with time zone;
ALTER TABLE "Users" ADD COLUMN IF NOT EXISTS "LastLoginIp" character varying(50);
ALTER TABLE "Users" ADD COLUMN IF NOT EXISTS "ClientId" uuid;
2026-06-06 17:15:03.035 +06:00 [INF] Executed DbCommand (4ms) [Parameters=[], CommandType='"Text"', CommandTimeout='30']
ALTER TABLE "Documents" ADD COLUMN IF NOT EXISTS "StorageProvider" character varying(50) NOT NULL DEFAULT 'Local';
ALTER TABLE "Documents" ADD COLUMN IF NOT EXISTS "StorageKey" character varying(500);
ALTER TABLE "Documents" ADD COLUMN IF NOT EXISTS "Version" integer NOT NULL DEFAULT 1;
ALTER TABLE "Documents" ADD COLUMN IF NOT EXISTS "Visibility" character varying(50) NOT NULL DEFAULT 'InternalOnly';
ALTER TABLE "Documents" ADD COLUMN IF NOT EXISTS "SharedWithClientId" uuid;
2026-06-06 17:15:03.043 +06:00 [INF] Executed DbCommand (6ms) [Parameters=[], CommandType='"Text"', CommandTimeout='30']
ALTER TABLE "Clients" ADD COLUMN IF NOT EXISTS "ClientType" character varying(100);
ALTER TABLE "Clients" ADD COLUMN IF NOT EXISTS "ClientCode" character varying(100);
ALTER TABLE "Clients" ADD COLUMN IF NOT EXISTS "PassportNumber" character varying(50);
ALTER TABLE "Clients" ADD COLUMN IF NOT EXISTS "DateOfBirth" timestamp with time zone;
ALTER TABLE "Clients" ADD COLUMN IF NOT EXISTS "Gender" character varying(20);
ALTER TABLE "Clients" ADD COLUMN IF NOT EXISTS "Occupation" character varying(200);
ALTER TABLE "Clients" ADD COLUMN IF NOT EXISTS "Nationality" character varying(100);
ALTER TABLE "Clients" ADD COLUMN IF NOT EXISTS "TradeLicense" character varying(200);
ALTER TABLE "Clients" ADD COLUMN IF NOT EXISTS "RegistrationNumber" character varying(200);
ALTER TABLE "Clients" ADD COLUMN IF NOT EXISTS "TaxVatNumber" character varying(200);
ALTER TABLE "Clients" ADD COLUMN IF NOT EXISTS "AuthorizedRepresentative" character varying(500);
ALTER TABLE "Clients" ADD COLUMN IF NOT EXISTS "Tags" character varying(1000);
ALTER TABLE "Clients" ADD COLUMN IF NOT EXISTS "RiskLevel" character varying(20);
ALTER TABLE "Clients" ADD COLUMN IF NOT EXISTS "ClientCategory" character varying(100);
ALTER TABLE "Clients" ADD COLUMN IF NOT EXISTS "BillingPreference" character varying(100);
ALTER TABLE "Clients" ADD COLUMN IF NOT EXISTS "PaymentTerms" character varying(100);
ALTER TABLE "Clients" ADD COLUMN IF NOT EXISTS "CreditLimit" numeric;
ALTER TABLE "Clients" ADD COLUMN IF NOT EXISTS "PreferredContactMethod" character varying(50);
ALTER TABLE "Clients" ADD COLUMN IF NOT EXISTS "WhatsAppNumber" character varying(50);
ALTER TABLE "Clients" ADD COLUMN IF NOT EXISTS "SecondaryPhone" character varying(50);
ALTER TABLE "Clients" ADD COLUMN IF NOT EXISTS "EmergencyContact" character varying(500);
ALTER TABLE "Clients" ADD COLUMN IF NOT EXISTS "IsBlacklisted" boolean NOT NULL DEFAULT false;
ALTER TABLE "Clients" ADD COLUMN IF NOT EXISTS "UserId" uuid;
2026-06-06 17:15:03.052 +06:00 [INF] Executed DbCommand (5ms) [Parameters=[], CommandType='"Text"', CommandTimeout='30']
ALTER TABLE "Cases" ADD COLUMN IF NOT EXISTS "ActsAndSections" character varying(1000);
ALTER TABLE "Cases" ADD COLUMN IF NOT EXISTS "FirNumber" character varying(100);
ALTER TABLE "Cases" ADD COLUMN IF NOT EXISTS "PoliceStation" character varying(200);
ALTER TABLE "Cases" ADD COLUMN IF NOT EXISTS "ClosingDate" timestamp with time zone;
ALTER TABLE "Cases" ADD COLUMN IF NOT EXISTS "GdNumber" character varying(100);
ALTER TABLE "Cases" ADD COLUMN IF NOT EXISTS "JudgeName" character varying(200);
ALTER TABLE "Cases" ADD COLUMN IF NOT EXISTS "Bench" character varying(200);
ALTER TABLE "Cases" ADD COLUMN IF NOT EXISTS "Prosecutor" character varying(200);
ALTER TABLE "Cases" ADD COLUMN IF NOT EXISTS "OpposingLawyer" character varying(200);
ALTER TABLE "Cases" ADD COLUMN IF NOT EXISTS "Jurisdiction" character varying(200);
ALTER TABLE "Cases" ADD COLUMN IF NOT EXISTS "AppealStatus" character varying(100);
ALTER TABLE "Cases" ADD COLUMN IF NOT EXISTS "RiskLevel" character varying(20);
ALTER TABLE "Cases" ADD COLUMN IF NOT EXISTS "ComplexityScore" integer;
ALTER TABLE "Cases" ADD COLUMN IF NOT EXISTS "PracticeArea" character varying(200);
ALTER TABLE "Cases" ADD COLUMN IF NOT EXISTS "Department" character varying(200);
ALTER TABLE "Cases" ADD COLUMN IF NOT EXISTS "InternalNotes" character varying(4000);
ALTER TABLE "Cases" ADD COLUMN IF NOT EXISTS "RetainerAmount" numeric;
ALTER TABLE "Cases" ADD COLUMN IF NOT EXISTS "BillingMethod" character varying(50);
ALTER TABLE "Cases" ADD COLUMN IF NOT EXISTS "FixedFee" numeric;
ALTER TABLE "Cases" ADD COLUMN IF NOT EXISTS "HourlyRate" numeric;
ALTER TABLE "Cases" ADD COLUMN IF NOT EXISTS "BudgetLimit" numeric;
ALTER TABLE "Cases" ADD COLUMN IF NOT EXISTS "ExpenseBudget" numeric;
ALTER TABLE "Cases" ADD COLUMN IF NOT EXISTS "NextHearingDate" timestamp with time zone;
ALTER TABLE "Cases" ADD COLUMN IF NOT EXISTS "CriticalDeadlines" character varying(2000);
ALTER TABLE "Cases" ADD COLUMN IF NOT EXISTS "LimitationExpiry" timestamp with time zone;
ALTER TABLE "Cases" ADD COLUMN IF NOT EXISTS "CaseTemplateId" uuid;
ALTER TABLE "Cases" ADD COLUMN IF NOT EXISTS "WorkflowTemplateId" uuid;
2026-06-06 17:15:03.058 +06:00 [INF] Executed DbCommand (3ms) [Parameters=[], CommandType='"Text"', CommandTimeout='30']
ALTER TABLE "ClientCases" ADD COLUMN IF NOT EXISTS "Role" character varying(100);
2026-06-06 17:15:03.061 +06:00 [INF] Executed DbCommand (3ms) [Parameters=[], CommandType='"Text"', CommandTimeout='30']
ALTER TABLE "CaseActivities" ADD COLUMN IF NOT EXISTS "IsClientVisible" boolean NOT NULL DEFAULT true;
2026-06-06 17:15:03.065 +06:00 [INF] Executed DbCommand (3ms) [Parameters=[], CommandType='"Text"', CommandTimeout='30']
CREATE TABLE IF NOT EXISTS "ChamberSettings" (
    "Id" uuid NOT NULL,
    "ChamberId" uuid NOT NULL,
    "SettingsJson" jsonb NOT NULL,
    "UpdatedBy" uuid,
    "CreatedAt" timestamp with time zone NOT NULL,
    "UpdatedAt" timestamp with time zone,
    "IsDeleted" boolean NOT NULL DEFAULT false,
    CONSTRAINT "PK_ChamberSettings" PRIMARY KEY ("Id"),
    CONSTRAINT "FK_ChamberSettings_Chambers_ChamberId" FOREIGN KEY ("ChamberId") REFERENCES "Chambers"("Id") ON DELETE CASCADE,
    CONSTRAINT "FK_ChamberSettings_Users_UpdatedBy" FOREIGN KEY ("UpdatedBy") REFERENCES "Users"("Id") ON DELETE SET NULL
);
CREATE UNIQUE INDEX IF NOT EXISTS "IX_ChamberSettings_ChamberId" ON "ChamberSettings"("ChamberId");
2026-06-06 17:15:03.070 +06:00 [INF] Executed DbCommand (3ms) [Parameters=[], CommandType='"Text"', CommandTimeout='30']
CREATE TABLE IF NOT EXISTS "LegalSections" (
    "Id" uuid NOT NULL,
    "SectionCode" character varying(50) NOT NULL,
    "SectionTitle" character varying(500) NOT NULL,
    "LawName" character varying(255) NOT NULL,
    "Country" character varying(100),
    "Category" character varying(100),
    "Description" character varying(4000),
    "Severity" character varying(20),
    "IsActive" boolean NOT NULL DEFAULT true,
    "ChamberId" uuid NOT NULL,
    "CreatedAt" timestamp with time zone NOT NULL,
    "UpdatedAt" timestamp with time zone,
    "IsDeleted" boolean NOT NULL DEFAULT false,
    CONSTRAINT "PK_LegalSections" PRIMARY KEY ("Id"),
    CONSTRAINT "FK_LegalSections_Chambers_ChamberId" FOREIGN KEY ("ChamberId") REFERENCES "Chambers"("Id") ON DELETE RESTRICT
);
CREATE INDEX IF NOT EXISTS "IX_LegalSections_SectionCode" ON "LegalSections"("SectionCode");
2026-06-06 17:15:03.074 +06:00 [INF] Executed DbCommand (2ms) [Parameters=[], CommandType='"Text"', CommandTimeout='30']
CREATE TABLE IF NOT EXISTS "WorkflowTemplates" (
    "Id" uuid NOT NULL,
    "ChamberId" uuid NOT NULL,
    "Name" character varying(255) NOT NULL,
    "Description" character varying(2000),
    "IsDefault" boolean NOT NULL DEFAULT false,
    "CreatedAt" timestamp with time zone NOT NULL,
    "UpdatedAt" timestamp with time zone,
    "IsDeleted" boolean NOT NULL DEFAULT false,
    CONSTRAINT "PK_WorkflowTemplates" PRIMARY KEY ("Id"),
    CONSTRAINT "FK_WorkflowTemplates_Chambers_ChamberId" FOREIGN KEY ("ChamberId") REFERENCES "Chambers"("Id") ON DELETE CASCADE
);
2026-06-06 17:15:03.077 +06:00 [INF] Executed DbCommand (2ms) [Parameters=[], CommandType='"Text"', CommandTimeout='30']
CREATE TABLE IF NOT EXISTS "WorkflowTemplateSections" (
    "Id" uuid NOT NULL,
    "TemplateId" uuid NOT NULL,
    "LegalSectionId" uuid NOT NULL,
    "DisplayOrder" integer NOT NULL,
    "CreatedAt" timestamp with time zone NOT NULL,
    "UpdatedAt" timestamp with time zone,
    "IsDeleted" boolean NOT NULL DEFAULT false,
    CONSTRAINT "PK_WorkflowTemplateSections" PRIMARY KEY ("Id"),
    CONSTRAINT "FK_WorkflowTemplateSections_WorkflowTemplates_TemplateId" FOREIGN KEY ("TemplateId") REFERENCES "WorkflowTemplates"("Id") ON DELETE CASCADE,
    CONSTRAINT "FK_WorkflowTemplateSections_LegalSections_LegalSectionId" FOREIGN KEY ("LegalSectionId") REFERENCES "LegalSections"("Id") ON DELETE RESTRICT
);
CREATE UNIQUE INDEX IF NOT EXISTS "IX_WorkflowTemplateSections_TemplateId_LegalSectionId" ON "WorkflowTemplateSections"("TemplateId", "LegalSectionId");
2026-06-06 17:15:03.081 +06:00 [INF] Executed DbCommand (2ms) [Parameters=[], CommandType='"Text"', CommandTimeout='30']
CREATE TABLE IF NOT EXISTS "CaseLegalSections" (
    "Id" uuid NOT NULL,
    "CaseId" uuid NOT NULL,
    "LegalSectionId" uuid NOT NULL,
    "CreatedAt" timestamp with time zone NOT NULL,
    "UpdatedAt" timestamp with time zone,
    "IsDeleted" boolean NOT NULL DEFAULT false,
    CONSTRAINT "PK_CaseLegalSections" PRIMARY KEY ("Id"),
    CONSTRAINT "FK_CaseLegalSections_Cases_CaseId" FOREIGN KEY ("CaseId") REFERENCES "Cases"("Id") ON DELETE CASCADE,
    CONSTRAINT "FK_CaseLegalSections_LegalSections_LegalSectionId" FOREIGN KEY ("LegalSectionId") REFERENCES "LegalSections"("Id") ON DELETE RESTRICT
);
CREATE UNIQUE INDEX IF NOT EXISTS "IX_CaseLegalSections_CaseId_LegalSectionId" ON "CaseLegalSections"("CaseId", "LegalSectionId");
2026-06-06 17:15:03.085 +06:00 [INF] Executed DbCommand (3ms) [Parameters=[], CommandType='"Text"', CommandTimeout='30']
ALTER TABLE "LegalProcedures" ADD COLUMN IF NOT EXISTS "StepNumber" integer NOT NULL DEFAULT 0;
ALTER TABLE "LegalProcedures" ADD COLUMN IF NOT EXISTS "Title" character varying(500) NOT NULL DEFAULT '';
ALTER TABLE "LegalProcedures" ADD COLUMN IF NOT EXISTS "RecommendedTimeline" character varying(200);
ALTER TABLE "LegalProcedures" ADD COLUMN IF NOT EXISTS "ResponsibleRole" character varying(50);
ALTER TABLE "LegalProcedures" ADD COLUMN IF NOT EXISTS "IsMandatory" boolean NOT NULL DEFAULT false;
2026-06-06 17:15:03.101 +06:00 [INF] Executed DbCommand (14ms) [Parameters=[], CommandType='"Text"', CommandTimeout='30']
DO $$
BEGIN
    IF EXISTS (SELECT FROM information_schema.columns WHERE table_schema = 'public' AND table_name = 'LegalProcedures' AND column_name = 'Name') THEN
        UPDATE "LegalProcedures" SET "Title" = "Name" WHERE "Title" = '' AND "Name" IS NOT NULL AND "Name" <> '';
    END IF;
    IF EXISTS (SELECT FROM information_schema.columns WHERE table_schema = 'public' AND table_name = 'LegalProcedures' AND column_name = 'Timeline') THEN
        UPDATE "LegalProcedures" SET "RecommendedTimeline" = "Timeline" WHERE "RecommendedTimeline" IS NULL AND "Timeline" IS NOT NULL;
    END IF;
END $$;
2026-06-06 17:15:03.105 +06:00 [INF] Executed DbCommand (2ms) [Parameters=[], CommandType='"Text"', CommandTimeout='30']
CREATE TABLE IF NOT EXISTS "LegalProcedures" (
    "Id" uuid NOT NULL,
    "LegalSectionId" uuid NOT NULL,
    "StepNumber" integer NOT NULL DEFAULT 0,
    "Title" character varying(500) NOT NULL,
    "Description" character varying(4000),
    "RequiredDocuments" character varying(2000),
    "RecommendedTimeline" character varying(200),
    "ResponsibleRole" character varying(50),
    "IsMandatory" boolean NOT NULL DEFAULT false,
    "CreatedAt" timestamp with time zone NOT NULL,
    "UpdatedAt" timestamp with time zone,
    "IsDeleted" boolean NOT NULL DEFAULT false,
    CONSTRAINT "PK_LegalProcedures" PRIMARY KEY ("Id"),
    CONSTRAINT "FK_LegalProcedures_LegalSections_LegalSectionId" FOREIGN KEY ("LegalSectionId") REFERENCES "LegalSections"("Id") ON DELETE CASCADE
);
2026-06-06 17:15:03.110 +06:00 [INF] Executed DbCommand (4ms) [Parameters=[], CommandType='"Text"', CommandTimeout='30']
ALTER TABLE "CaseLegalProcedures" ADD COLUMN IF NOT EXISTS "LegalProcedureId" uuid NOT NULL DEFAULT '00000000-0000-0000-0000-000000000000';
ALTER TABLE "CaseLegalProcedures" ADD COLUMN IF NOT EXISTS "IsCompleted" boolean NOT NULL DEFAULT false;
ALTER TABLE "CaseLegalProcedures" ADD COLUMN IF NOT EXISTS "CompletedBy" character varying(200);
2026-06-06 17:15:03.113 +06:00 [INF] Executed DbCommand (2ms) [Parameters=[], CommandType='"Text"', CommandTimeout='30']
CREATE TABLE IF NOT EXISTS "CaseLegalProcedures" (
    "Id" uuid NOT NULL,
    "CaseLegalSectionId" uuid NOT NULL,
    "LegalProcedureId" uuid NOT NULL,
    "IsCompleted" boolean NOT NULL DEFAULT false,
    "CompletedAt" timestamp with time zone,
    "CompletedBy" character varying(200),
    "Notes" character varying(4000),
    "CreatedAt" timestamp with time zone NOT NULL,
    "UpdatedAt" timestamp with time zone,
    "IsDeleted" boolean NOT NULL DEFAULT false,
    CONSTRAINT "PK_CaseLegalProcedures" PRIMARY KEY ("Id"),
    CONSTRAINT "FK_CaseLegalProcedures_CaseLegalSections_CaseLegalSectionId" FOREIGN KEY ("CaseLegalSectionId") REFERENCES "CaseLegalSections"("Id") ON DELETE CASCADE,
    CONSTRAINT "FK_CaseLegalProcedures_LegalProcedures_LegalProcedureId" FOREIGN KEY ("LegalProcedureId") REFERENCES "LegalProcedures"("Id") ON DELETE RESTRICT
);
2026-06-06 17:15:03.118 +06:00 [INF] Executed DbCommand (2ms) [Parameters=[], CommandType='"Text"', CommandTimeout='30']
CREATE TABLE IF NOT EXISTS "Bails" (
    "Id" uuid NOT NULL,
    "CaseId" uuid NOT NULL,
    "Status" character varying(20) NOT NULL DEFAULT 'Pending',
    "BailAmount" numeric(18,2),
    "BailConditions" character varying(2000),
    "BailGrantedAt" timestamp with time zone,
    "BailHearingDate" timestamp with time zone,
    "BondNumber" character varying(100),
    "SuretyName" character varying(255),
    "SuretyAddress" character varying(500),
    "SuretyContact" character varying(50),
    "RevokedAt" timestamp with time zone,
    "RevokedReason" character varying(2000),
    "GrantedBy" character varying(255),
    "Notes" character varying(2000),
    "CreatedAt" timestamp with time zone NOT NULL,
    "UpdatedAt" timestamp with time zone,
    "IsDeleted" boolean NOT NULL DEFAULT false,
    CONSTRAINT "PK_Bails" PRIMARY KEY ("Id"),
    CONSTRAINT "FK_Bails_Cases_CaseId" FOREIGN KEY ("CaseId") REFERENCES "Cases"("Id") ON DELETE CASCADE
);
2026-06-06 17:15:03.121 +06:00 [INF] Executed DbCommand (2ms) [Parameters=[], CommandType='"Text"', CommandTimeout='30']
CREATE TABLE IF NOT EXISTS "Leads" (
    "Id" uuid NOT NULL,
    "ChamberId" uuid NOT NULL,
    "Name" character varying(500) NOT NULL,
    "Phone" character varying(50) NOT NULL,
    "Email" character varying(320) NOT NULL,
    "CompanyName" character varying(500),
    "CaseType" character varying(200),
    "EstimatedValue" numeric NOT NULL DEFAULT 0,
    "LeadSource" character varying(200) NOT NULL DEFAULT '',
    "Stage" character varying(100) NOT NULL DEFAULT 'NewLead',
    "AssignedLawyerId" uuid,
    "Notes" text,
    "AttachmentsJson" text,
    "FollowUpDate" timestamp with time zone,
    "LastContactedAt" timestamp with time zone,
    "Score" integer NOT NULL DEFAULT 0,
    "ConvertedAt" timestamp with time zone NOT NULL DEFAULT '-infinity',
    "LostReason" character varying(1000),
    "CreatedAt" timestamp with time zone NOT NULL,
    "UpdatedAt" timestamp with time zone,
    "IsDeleted" boolean NOT NULL DEFAULT false,
    CONSTRAINT "PK_Leads" PRIMARY KEY ("Id"),
    CONSTRAINT "FK_Leads_Chambers_ChamberId" FOREIGN KEY ("ChamberId") REFERENCES "Chambers"("Id") ON DELETE CASCADE,
    CONSTRAINT "FK_Leads_Users_AssignedLawyerId" FOREIGN KEY ("AssignedLawyerId") REFERENCES "Users"("Id") ON DELETE SET NULL
);
2026-06-06 17:15:03.124 +06:00 [INF] Executed DbCommand (2ms) [Parameters=[], CommandType='"Text"', CommandTimeout='30']
CREATE TABLE IF NOT EXISTS "TimeEntries" (
    "Id" uuid NOT NULL,
    "UserId" uuid NOT NULL,
    "ClientId" uuid,
    "CaseId" uuid,
    "TaskId" uuid,
    "InvoiceId" uuid,
    "Description" character varying(2000) NOT NULL DEFAULT '',
    "Category" character varying(100) NOT NULL DEFAULT 'General',
    "StartTime" timestamp with time zone NOT NULL,
    "EndTime" timestamp with time zone,
    "DurationMinutes" double precision NOT NULL DEFAULT 0,
    "HourlyRate" numeric NOT NULL DEFAULT 0,
    "Billable" boolean NOT NULL DEFAULT true,
    "Status" character varying(50) NOT NULL DEFAULT 'Running',
    "ChamberId" uuid NOT NULL,
    "CreatedAt" timestamp with time zone NOT NULL,
    "UpdatedAt" timestamp with time zone,
    "IsDeleted" boolean NOT NULL DEFAULT false,
    CONSTRAINT "PK_TimeEntries" PRIMARY KEY ("Id"),
    CONSTRAINT "FK_TimeEntries_Users_UserId" FOREIGN KEY ("UserId") REFERENCES "Users"("Id") ON DELETE CASCADE,
    CONSTRAINT "FK_TimeEntries_Cases_CaseId" FOREIGN KEY ("CaseId") REFERENCES "Cases"("Id") ON DELETE SET NULL,
    CONSTRAINT "FK_TimeEntries_Tasks_TaskId" FOREIGN KEY ("TaskId") REFERENCES "Tasks"("Id") ON DELETE SET NULL,
    CONSTRAINT "FK_TimeEntries_Invoices_InvoiceId" FOREIGN KEY ("InvoiceId") REFERENCES "Invoices"("Id") ON DELETE SET NULL,
    CONSTRAINT "FK_TimeEntries_Clients_ClientId" FOREIGN KEY ("ClientId") REFERENCES "Clients"("Id") ON DELETE SET NULL,
    CONSTRAINT "FK_TimeEntries_Chambers_ChamberId" FOREIGN KEY ("ChamberId") REFERENCES "Chambers"("Id") ON DELETE CASCADE
);
2026-06-06 17:15:03.129 +06:00 [INF] Executed DbCommand (2ms) [Parameters=[], CommandType='"Text"', CommandTimeout='30']
CREATE TABLE IF NOT EXISTS "Messages" (
    "Id" uuid NOT NULL,
    "SenderId" uuid NOT NULL,
    "ReceiverId" uuid NOT NULL,
    "CaseId" uuid,
    "Content" text NOT NULL DEFAULT '',
    "AttachmentUrl" character varying(2000),
    "AttachmentFileName" character varying(500),
    "IsRead" boolean NOT NULL DEFAULT false,
    "ReadAt" timestamp with time zone,
    "IsClientVisible" boolean NOT NULL DEFAULT true,
    "CreatedAt" timestamp with time zone NOT NULL,
    "UpdatedAt" timestamp with time zone,
    "IsDeleted" boolean NOT NULL DEFAULT false,
    CONSTRAINT "PK_Messages" PRIMARY KEY ("Id"),
    CONSTRAINT "FK_Messages_Users_SenderId" FOREIGN KEY ("SenderId") REFERENCES "Users"("Id") ON DELETE CASCADE,
    CONSTRAINT "FK_Messages_Users_ReceiverId" FOREIGN KEY ("ReceiverId") REFERENCES "Users"("Id") ON DELETE CASCADE,
    CONSTRAINT "FK_Messages_Cases_CaseId" FOREIGN KEY ("CaseId") REFERENCES "Cases"("Id") ON DELETE SET NULL
);
2026-06-06 17:15:03.533 +06:00 [INF] Executed DbCommand (6ms) [Parameters=[], CommandType='"Text"', CommandTimeout='30']
SELECT EXISTS (
    SELECT 1
    FROM "Chambers" AS c
    WHERE c."Id" = 'c0000000-0000-0000-0000-000000000001')
2026-06-06 17:15:03.629 +06:00 [INF] Executed DbCommand (7ms) [Parameters=[@seed_Email='?'], CommandType='"Text"', CommandTimeout='30']
SELECT u."Id", u."AvatarUrl", u."BarCouncilId", u."ChamberId", u."ClientId", u."CreatedAt", u."Email", u."FullName", u."IsActive", u."IsDeleted", u."LastLoginAt", u."LastLoginIp", u."LockoutEnd", u."LoginAttempts", u."PasswordHash", u."Phone", u."RefreshToken", u."RefreshTokenExpiry", u."Role", u."Status", u."TwoFactorEnabled", u."TwoFactorSecret", u."TwoFactorVerifiedAt", u."UpdatedAt"
FROM "Users" AS u
WHERE u."Email" = @seed_Email
LIMIT 1
2026-06-06 17:15:03.827 +06:00 [INF] Executed DbCommand (2ms) [Parameters=[@seed_Email='?'], CommandType='"Text"', CommandTimeout='30']
SELECT u."Id", u."AvatarUrl", u."BarCouncilId", u."ChamberId", u."ClientId", u."CreatedAt", u."Email", u."FullName", u."IsActive", u."IsDeleted", u."LastLoginAt", u."LastLoginIp", u."LockoutEnd", u."LoginAttempts", u."PasswordHash", u."Phone", u."RefreshToken", u."RefreshTokenExpiry", u."Role", u."Status", u."TwoFactorEnabled", u."TwoFactorSecret", u."TwoFactorVerifiedAt", u."UpdatedAt"
FROM "Users" AS u
WHERE u."Email" = @seed_Email
LIMIT 1
2026-06-06 17:15:03.837 +06:00 [INF] Executed DbCommand (3ms) [Parameters=[], CommandType='"Text"', CommandTimeout='30']
SELECT EXISTS (
    SELECT 1
    FROM "Subscriptions" AS s
    WHERE s."Id" = 'b2c3d4e5-f6a7-8901-bcde-f12345678901')
2026-06-06 17:15:03.846 +06:00 [INF] Executed DbCommand (3ms) [Parameters=[], CommandType='"Text"', CommandTimeout='30']
SELECT EXISTS (
    SELECT 1
    FROM "Organizations" AS o
    WHERE o."Id" = 'd0000000-0000-0000-0000-000000000001')
2026-06-06 17:15:03.855 +06:00 [INF] Executed DbCommand (2ms) [Parameters=[], CommandType='"Text"', CommandTimeout='30']
SELECT EXISTS (
    SELECT 1
    FROM "OrganizationMembers" AS o
    WHERE o."OrganizationId" = 'd0000000-0000-0000-0000-000000000001' AND o."UserId" = 'a1b2c3d4-e5f6-7890-abcd-ef1234567890')
2026-06-06 17:15:03.948 +06:00 [INF] User profile is available. Using 'C:\Users\mdmah\AppData\Local\ASP.NET\DataProtection-Keys' as key repository and Windows DPAPI to encrypt keys at rest.
2026-06-06 17:15:03.978 +06:00 [INF] Reminder automation worker started
2026-06-06 17:15:04.046 +06:00 [INF] Executed DbCommand (2ms) [Parameters=[], CommandType='"Text"', CommandTimeout='30']
SELECT c."Id"
FROM "Chambers" AS c
WHERE NOT (c."IsDeleted")
2026-06-06 17:15:04.071 +06:00 [INF] Now listening on: http://localhost:5001
2026-06-06 17:15:04.071 +06:00 [INF] Executed DbCommand (3ms) [Parameters=[@chamberId='?' (DbType = Guid)], CommandType='"Text"', CommandTimeout='30']
SELECT u."Id", u."AvatarUrl", u."BarCouncilId", u."ChamberId", u."ClientId", u."CreatedAt", u."Email", u."FullName", u."IsActive", u."IsDeleted", u."LastLoginAt", u."LastLoginIp", u."LockoutEnd", u."LoginAttempts", u."PasswordHash", u."Phone", u."RefreshToken", u."RefreshTokenExpiry", u."Role", u."Status", u."TwoFactorEnabled", u."TwoFactorSecret", u."TwoFactorVerifiedAt", u."UpdatedAt"
FROM "Users" AS u
WHERE NOT (u."IsDeleted") AND u."ChamberId" = @chamberId AND u."IsActive" AND NOT (u."IsDeleted")
2026-06-06 17:15:04.072 +06:00 [INF] Application started. Press Ctrl+C to shut down.
2026-06-06 17:15:04.073 +06:00 [INF] Hosting environment: Development
2026-06-06 17:15:04.073 +06:00 [INF] Content root path: C:\Users\mdmah\Desktop\Verdiq\backend\Verdiq.API
2026-06-06 17:15:04.216 +06:00 [INF] Executed DbCommand (9ms) [Parameters=[@chamberId='?' (DbType = Guid), @user_Id='?' (DbType = Guid), @now='?' (DbType = DateTime)], CommandType='"Text"', CommandTimeout='30']
SELECT h."Id", h."CaseId", h."Courtroom", h."CreatedAt", h."HearingDate", h."IsDeleted", h."JudgeName", h."NextHearingDate", h."Notes", h."ReminderSent", h."Result", h."Status", h."UpdatedAt", c0."Id", c0."ActsAndSections", c0."AppealStatus", c0."AssignedLawyerId", c0."Bench", c0."BillingMethod", c0."BudgetLimit", c0."CaseNumber", c0."CaseTemplateId", c0."CaseType", c0."ChamberId", c0."ClosingDate", c0."ComplexityScore", c0."CourtName", c0."CreatedAt", c0."CriticalDeadlines", c0."Department", c0."Description", c0."ExpenseBudget", c0."FilingDate", c0."FirNumber", c0."FixedFee", c0."GdNumber", c0."HourlyRate", c0."InternalNotes", c0."IsDeleted", c0."JudgeName", c0."Jurisdiction", c0."LimitationExpiry", c0."NextHearingDate", c0."Opponent", c0."OpposingLawyer", c0."PoliceStation", c0."PracticeArea", c0."Priority", c0."Prosecutor", c0."RetainerAmount", c0."RiskLevel", c0."Status", c0."TeamId", c0."Title", c0."UpdatedAt", c0."WorkflowTemplateId"
FROM "Hearings" AS h
INNER JOIN (
    SELECT c."Id", c."ActsAndSections", c."AppealStatus", c."AssignedLawyerId", c."Bench", c."BillingMethod", c."BudgetLimit", c."CaseNumber", c."CaseTemplateId", c."CaseType", c."ChamberId", c."ClosingDate", c."ComplexityScore", c."CourtName", c."CreatedAt", c."CriticalDeadlines", c."Department", c."Description", c."ExpenseBudget", c."FilingDate", c."FirNumber", c."FixedFee", c."GdNumber", c."HourlyRate", c."InternalNotes", c."IsDeleted", c."JudgeName", c."Jurisdiction", c."LimitationExpiry", c."NextHearingDate", c."Opponent", c."OpposingLawyer", c."PoliceStation", c."PracticeArea", c."Priority", c."Prosecutor", c."RetainerAmount", c."RiskLevel", c."Status", c."TeamId", c."Title", c."UpdatedAt", c."WorkflowTemplateId"
    FROM "Cases" AS c
    WHERE NOT (c."IsDeleted")
) AS c0 ON h."CaseId" = c0."Id"
WHERE NOT (h."IsDeleted") AND c0."ChamberId" = @chamberId AND c0."AssignedLawyerId" = @user_Id AND NOT (h."IsDeleted") AND h."HearingDate" > @now
2026-06-06 17:15:04.241 +06:00 [INF] Executed DbCommand (4ms) [Parameters=[@chamberId='?' (DbType = Guid), @user_Id='?' (DbType = Guid), @now='?' (DbType = DateTime)], CommandType='"Text"', CommandTimeout='30']
SELECT t."Id", t."ActualHours", t."AssignedBy", t."AssignedTo", t."CaseId", t."ChamberId", t."CompletedAt", t."CreatedAt", t."Description", t."DueDate", t."EstimatedHours", t."IsDeleted", t."IsRecurring", t."Priority", t."RecurrenceInterval", t."RecurrencePattern", t."SortOrder", t."Status", t."Title", t."UpdatedAt"
FROM "Tasks" AS t
WHERE NOT (t."IsDeleted") AND t."ChamberId" = @chamberId AND NOT (t."IsDeleted") AND t."AssignedTo" = @user_Id AND t."Status" = 'Pending' AND t."DueDate" < @now
2026-06-06 17:15:04.308 +06:00 [INF] Executed DbCommand (5ms) [Parameters=[@chamberId='?' (DbType = Guid), @now='?' (DbType = DateTime)], CommandType='"Text"', CommandTimeout='30']
SELECT i."Id", i."Amount", i."CaseId", i."ClientId", i."CreatedAt", i."Currency", i."Description", i."DueDate", i."InvoiceNumber", i."IsDeleted", i."PaidAt", i."Status", i."UpdatedAt", c0."Id", c0."ActsAndSections", c0."AppealStatus", c0."AssignedLawyerId", c0."Bench", c0."BillingMethod", c0."BudgetLimit", c0."CaseNumber", c0."CaseTemplateId", c0."CaseType", c0."ChamberId", c0."ClosingDate", c0."ComplexityScore", c0."CourtName", c0."CreatedAt", c0."CriticalDeadlines", c0."Department", c0."Description", c0."ExpenseBudget", c0."FilingDate", c0."FirNumber", c0."FixedFee", c0."GdNumber", c0."HourlyRate", c0."InternalNotes", c0."IsDeleted", c0."JudgeName", c0."Jurisdiction", c0."LimitationExpiry", c0."NextHearingDate", c0."Opponent", c0."OpposingLawyer", c0."PoliceStation", c0."PracticeArea", c0."Priority", c0."Prosecutor", c0."RetainerAmount", c0."RiskLevel", c0."Status", c0."TeamId", c0."Title", c0."UpdatedAt", c0."WorkflowTemplateId"
FROM "Invoices" AS i
LEFT JOIN (
    SELECT c."Id", c."ActsAndSections", c."AppealStatus", c."AssignedLawyerId", c."Bench", c."BillingMethod", c."BudgetLimit", c."CaseNumber", c."CaseTemplateId", c."CaseType", c."ChamberId", c."ClosingDate", c."ComplexityScore", c."CourtName", c."CreatedAt", c."CriticalDeadlines", c."Department", c."Description", c."ExpenseBudget", c."FilingDate", c."FirNumber", c."FixedFee", c."GdNumber", c."HourlyRate", c."InternalNotes", c."IsDeleted", c."JudgeName", c."Jurisdiction", c."LimitationExpiry", c."NextHearingDate", c."Opponent", c."OpposingLawyer", c."PoliceStation", c."PracticeArea", c."Priority", c."Prosecutor", c."RetainerAmount", c."RiskLevel", c."Status", c."TeamId", c."Title", c."UpdatedAt", c."WorkflowTemplateId"
    FROM "Cases" AS c
    WHERE NOT (c."IsDeleted")
) AS c0 ON i."CaseId" = c0."Id"
WHERE NOT (i."IsDeleted") AND c0."Id" IS NOT NULL AND c0."ChamberId" = @chamberId AND NOT (i."IsDeleted") AND i."DueDate" IS NOT NULL AND i."DueDate" < @now AND i."Status" = 'Pending'
2026-06-06 17:15:04.338 +06:00 [INF] Executed DbCommand (4ms) [Parameters=[@chamberId='?' (DbType = Guid), @user_Id='?' (DbType = Guid)], CommandType='"Text"', CommandTimeout='30']
SELECT l."Id", l."AssignedLawyerId", l."AttachmentsJson", l."CaseType", l."ChamberId", l."CompanyName", l."ConvertedAt", l."CreatedAt", l."Email", l."EstimatedValue", l."FollowUpDate", l."IsDeleted", l."LastContactedAt", l."LeadSource", l."LostReason", l."Name", l."Notes", l."Phone", l."Score", l."Stage", l."UpdatedAt"
FROM "Leads" AS l
WHERE NOT (l."IsDeleted") AND l."ChamberId" = @chamberId AND NOT (l."IsDeleted") AND l."AssignedLawyerId" = @user_Id AND l."Stage" <> 'ConvertedToClient' AND l."Stage" <> 'LostLead' AND l."LastContactedAt" IS NOT NULL
2026-06-06 17:15:04.371 +06:00 [INF] Executed DbCommand (2ms) [Parameters=[@chamberId='?' (DbType = Guid), @user_Id='?' (DbType = Guid)], CommandType='"Text"', CommandTimeout='30']
SELECT c."Id", c."ActsAndSections", c."AppealStatus", c."AssignedLawyerId", c."Bench", c."BillingMethod", c."BudgetLimit", c."CaseNumber", c."CaseTemplateId", c."CaseType", c."ChamberId", c."ClosingDate", c."ComplexityScore", c."CourtName", c."CreatedAt", c."CriticalDeadlines", c."Department", c."Description", c."ExpenseBudget", c."FilingDate", c."FirNumber", c."FixedFee", c."GdNumber", c."HourlyRate", c."InternalNotes", c."IsDeleted", c."JudgeName", c."Jurisdiction", c."LimitationExpiry", c."NextHearingDate", c."Opponent", c."OpposingLawyer", c."PoliceStation", c."PracticeArea", c."Priority", c."Prosecutor", c."RetainerAmount", c."RiskLevel", c."Status", c."TeamId", c."Title", c."UpdatedAt", c."WorkflowTemplateId"
FROM "Cases" AS c
WHERE NOT (c."IsDeleted") AND c."ChamberId" = @chamberId AND NOT (c."IsDeleted") AND c."AssignedLawyerId" = @user_Id AND c."Status" <> 'Closed'
2026-06-06 17:15:04.414 +06:00 [INF] Executed DbCommand (4ms) [Parameters=[@chamberId='?' (DbType = Guid), @user_Id='?' (DbType = Guid), @todayStart='?' (DbType = DateTime), @AddDays='?' (DbType = DateTime)], CommandType='"Text"', CommandTimeout='30']
SELECT COALESCE(sum(t."DurationMinutes"), 0.0)
FROM "TimeEntries" AS t
WHERE NOT (t."IsDeleted") AND t."ChamberId" = @chamberId AND t."UserId" = @user_Id AND t."StartTime" >= @todayStart AND t."StartTime" < @AddDays
2026-06-06 17:15:04.425 +06:00 [INF] Executed DbCommand (2ms) [Parameters=[@chamberId='?' (DbType = Guid), @user_Id='?' (DbType = Guid), @weekStart='?' (DbType = DateTime)], CommandType='"Text"', CommandTimeout='30']
SELECT COALESCE(sum(t."DurationMinutes"), 0.0)
FROM "TimeEntries" AS t
WHERE NOT (t."IsDeleted") AND t."ChamberId" = @chamberId AND t."UserId" = @user_Id AND t."StartTime" >= @weekStart
2026-06-06 17:15:04.432 +06:00 [INF] Executed DbCommand (4ms) [Parameters=[@chamberId='?' (DbType = Guid), @user_Id='?' (DbType = Guid), @now='?' (DbType = DateTime)], CommandType='"Text"', CommandTimeout='30']
SELECT h."Id", h."CaseId", h."Courtroom", h."CreatedAt", h."HearingDate", h."IsDeleted", h."JudgeName", h."NextHearingDate", h."Notes", h."ReminderSent", h."Result", h."Status", h."UpdatedAt", c0."Id", c0."ActsAndSections", c0."AppealStatus", c0."AssignedLawyerId", c0."Bench", c0."BillingMethod", c0."BudgetLimit", c0."CaseNumber", c0."CaseTemplateId", c0."CaseType", c0."ChamberId", c0."ClosingDate", c0."ComplexityScore", c0."CourtName", c0."CreatedAt", c0."CriticalDeadlines", c0."Department", c0."Description", c0."ExpenseBudget", c0."FilingDate", c0."FirNumber", c0."FixedFee", c0."GdNumber", c0."HourlyRate", c0."InternalNotes", c0."IsDeleted", c0."JudgeName", c0."Jurisdiction", c0."LimitationExpiry", c0."NextHearingDate", c0."Opponent", c0."OpposingLawyer", c0."PoliceStation", c0."PracticeArea", c0."Priority", c0."Prosecutor", c0."RetainerAmount", c0."RiskLevel", c0."Status", c0."TeamId", c0."Title", c0."UpdatedAt", c0."WorkflowTemplateId"
FROM "Hearings" AS h
INNER JOIN (
    SELECT c."Id", c."ActsAndSections", c."AppealStatus", c."AssignedLawyerId", c."Bench", c."BillingMethod", c."BudgetLimit", c."CaseNumber", c."CaseTemplateId", c."CaseType", c."ChamberId", c."ClosingDate", c."ComplexityScore", c."CourtName", c."CreatedAt", c."CriticalDeadlines", c."Department", c."Description", c."ExpenseBudget", c."FilingDate", c."FirNumber", c."FixedFee", c."GdNumber", c."HourlyRate", c."InternalNotes", c."IsDeleted", c."JudgeName", c."Jurisdiction", c."LimitationExpiry", c."NextHearingDate", c."Opponent", c."OpposingLawyer", c."PoliceStation", c."PracticeArea", c."Priority", c."Prosecutor", c."RetainerAmount", c."RiskLevel", c."Status", c."TeamId", c."Title", c."UpdatedAt", c."WorkflowTemplateId"
    FROM "Cases" AS c
    WHERE NOT (c."IsDeleted")
) AS c0 ON h."CaseId" = c0."Id"
WHERE NOT (h."IsDeleted") AND c0."ChamberId" = @chamberId AND c0."AssignedLawyerId" = @user_Id AND NOT (h."IsDeleted") AND h."HearingDate" > @now
2026-06-06 17:15:04.437 +06:00 [INF] Executed DbCommand (2ms) [Parameters=[@chamberId='?' (DbType = Guid), @user_Id='?' (DbType = Guid), @now='?' (DbType = DateTime)], CommandType='"Text"', CommandTimeout='30']
SELECT t."Id", t."ActualHours", t."AssignedBy", t."AssignedTo", t."CaseId", t."ChamberId", t."CompletedAt", t."CreatedAt", t."Description", t."DueDate", t."EstimatedHours", t."IsDeleted", t."IsRecurring", t."Priority", t."RecurrenceInterval", t."RecurrencePattern", t."SortOrder", t."Status", t."Title", t."UpdatedAt"
FROM "Tasks" AS t
WHERE NOT (t."IsDeleted") AND t."ChamberId" = @chamberId AND NOT (t."IsDeleted") AND t."AssignedTo" = @user_Id AND t."Status" = 'Pending' AND t."DueDate" < @now
2026-06-06 17:15:04.441 +06:00 [INF] Executed DbCommand (3ms) [Parameters=[@chamberId='?' (DbType = Guid), @now='?' (DbType = DateTime)], CommandType='"Text"', CommandTimeout='30']
SELECT i."Id", i."Amount", i."CaseId", i."ClientId", i."CreatedAt", i."Currency", i."Description", i."DueDate", i."InvoiceNumber", i."IsDeleted", i."PaidAt", i."Status", i."UpdatedAt", c0."Id", c0."ActsAndSections", c0."AppealStatus", c0."AssignedLawyerId", c0."Bench", c0."BillingMethod", c0."BudgetLimit", c0."CaseNumber", c0."CaseTemplateId", c0."CaseType", c0."ChamberId", c0."ClosingDate", c0."ComplexityScore", c0."CourtName", c0."CreatedAt", c0."CriticalDeadlines", c0."Department", c0."Description", c0."ExpenseBudget", c0."FilingDate", c0."FirNumber", c0."FixedFee", c0."GdNumber", c0."HourlyRate", c0."InternalNotes", c0."IsDeleted", c0."JudgeName", c0."Jurisdiction", c0."LimitationExpiry", c0."NextHearingDate", c0."Opponent", c0."OpposingLawyer", c0."PoliceStation", c0."PracticeArea", c0."Priority", c0."Prosecutor", c0."RetainerAmount", c0."RiskLevel", c0."Status", c0."TeamId", c0."Title", c0."UpdatedAt", c0."WorkflowTemplateId"
FROM "Invoices" AS i
LEFT JOIN (
    SELECT c."Id", c."ActsAndSections", c."AppealStatus", c."AssignedLawyerId", c."Bench", c."BillingMethod", c."BudgetLimit", c."CaseNumber", c."CaseTemplateId", c."CaseType", c."ChamberId", c."ClosingDate", c."ComplexityScore", c."CourtName", c."CreatedAt", c."CriticalDeadlines", c."Department", c."Description", c."ExpenseBudget", c."FilingDate", c."FirNumber", c."FixedFee", c."GdNumber", c."HourlyRate", c."InternalNotes", c."IsDeleted", c."JudgeName", c."Jurisdiction", c."LimitationExpiry", c."NextHearingDate", c."Opponent", c."OpposingLawyer", c."PoliceStation", c."PracticeArea", c."Priority", c."Prosecutor", c."RetainerAmount", c."RiskLevel", c."Status", c."TeamId", c."Title", c."UpdatedAt", c."WorkflowTemplateId"
    FROM "Cases" AS c
    WHERE NOT (c."IsDeleted")
) AS c0 ON i."CaseId" = c0."Id"
WHERE NOT (i."IsDeleted") AND c0."Id" IS NOT NULL AND c0."ChamberId" = @chamberId AND NOT (i."IsDeleted") AND i."DueDate" IS NOT NULL AND i."DueDate" < @now AND i."Status" = 'Pending'
2026-06-06 17:15:04.446 +06:00 [INF] Executed DbCommand (2ms) [Parameters=[@chamberId='?' (DbType = Guid), @user_Id='?' (DbType = Guid)], CommandType='"Text"', CommandTimeout='30']
SELECT l."Id", l."AssignedLawyerId", l."AttachmentsJson", l."CaseType", l."ChamberId", l."CompanyName", l."ConvertedAt", l."CreatedAt", l."Email", l."EstimatedValue", l."FollowUpDate", l."IsDeleted", l."LastContactedAt", l."LeadSource", l."LostReason", l."Name", l."Notes", l."Phone", l."Score", l."Stage", l."UpdatedAt"
FROM "Leads" AS l
WHERE NOT (l."IsDeleted") AND l."ChamberId" = @chamberId AND NOT (l."IsDeleted") AND l."AssignedLawyerId" = @user_Id AND l."Stage" <> 'ConvertedToClient' AND l."Stage" <> 'LostLead' AND l."LastContactedAt" IS NOT NULL
2026-06-06 17:15:04.449 +06:00 [INF] Executed DbCommand (2ms) [Parameters=[@chamberId='?' (DbType = Guid), @user_Id='?' (DbType = Guid)], CommandType='"Text"', CommandTimeout='30']
SELECT c."Id", c."ActsAndSections", c."AppealStatus", c."AssignedLawyerId", c."Bench", c."BillingMethod", c."BudgetLimit", c."CaseNumber", c."CaseTemplateId", c."CaseType", c."ChamberId", c."ClosingDate", c."ComplexityScore", c."CourtName", c."CreatedAt", c."CriticalDeadlines", c."Department", c."Description", c."ExpenseBudget", c."FilingDate", c."FirNumber", c."FixedFee", c."GdNumber", c."HourlyRate", c."InternalNotes", c."IsDeleted", c."JudgeName", c."Jurisdiction", c."LimitationExpiry", c."NextHearingDate", c."Opponent", c."OpposingLawyer", c."PoliceStation", c."PracticeArea", c."Priority", c."Prosecutor", c."RetainerAmount", c."RiskLevel", c."Status", c."TeamId", c."Title", c."UpdatedAt", c."WorkflowTemplateId"
FROM "Cases" AS c
WHERE NOT (c."IsDeleted") AND c."ChamberId" = @chamberId AND NOT (c."IsDeleted") AND c."AssignedLawyerId" = @user_Id AND c."Status" <> 'Closed'
2026-06-06 17:15:04.454 +06:00 [INF] Executed DbCommand (2ms) [Parameters=[@chamberId='?' (DbType = Guid), @user_Id='?' (DbType = Guid), @todayStart='?' (DbType = DateTime), @AddDays='?' (DbType = DateTime)], CommandType='"Text"', CommandTimeout='30']
SELECT COALESCE(sum(t."DurationMinutes"), 0.0)
FROM "TimeEntries" AS t
WHERE NOT (t."IsDeleted") AND t."ChamberId" = @chamberId AND t."UserId" = @user_Id AND t."StartTime" >= @todayStart AND t."StartTime" < @AddDays
2026-06-06 17:15:04.456 +06:00 [INF] Executed DbCommand (1ms) [Parameters=[@chamberId='?' (DbType = Guid), @user_Id='?' (DbType = Guid), @weekStart='?' (DbType = DateTime)], CommandType='"Text"', CommandTimeout='30']
SELECT COALESCE(sum(t."DurationMinutes"), 0.0)
FROM "TimeEntries" AS t
WHERE NOT (t."IsDeleted") AND t."ChamberId" = @chamberId AND t."UserId" = @user_Id AND t."StartTime" >= @weekStart
2026-06-06 17:16:55.779 +06:00 [INF] Request starting HTTP/1.1 GET http://localhost:5001/swagger/v1/swagger.json - null null
2026-06-06 17:16:56.186 +06:00 [ERR] Unhandled exception
Swashbuckle.AspNetCore.SwaggerGen.SwaggerGeneratorException: Failed to generate Operation for action - Verdiq.API.Controllers.SuperAdminController.CreateChamber (Verdiq.API). See inner exception
 ---> Swashbuckle.AspNetCore.SwaggerGen.SwaggerGeneratorException: Failed to generate schema for type - Verdiq.Application.DTOs.SuperAdmin.CreateChamberDto. See inner exception
 ---> System.InvalidOperationException: Can't use schemaId "$CreateChamberDto" for type "$Verdiq.Application.DTOs.SuperAdmin.CreateChamberDto". The same schemaId is already used for type "$Verdiq.Application.DTOs.Chamber.CreateChamberDto"
   at Swashbuckle.AspNetCore.SwaggerGen.SchemaRepository.RegisterType(Type type, String schemaId)
   at Swashbuckle.AspNetCore.SwaggerGen.SchemaGenerator.GenerateReferencedSchema(DataContract dataContract, SchemaRepository schemaRepository, Func`1 definitionFactory)
   at Swashbuckle.AspNetCore.SwaggerGen.SchemaGenerator.GenerateConcreteSchema(DataContract dataContract, SchemaRepository schemaRepository)
   at Swashbuckle.AspNetCore.SwaggerGen.SchemaGenerator.GenerateSchemaForParameter(Type modelType, SchemaRepository schemaRepository, ParameterInfo parameterInfo, ApiParameterRouteInfo routeInfo)
   at Swashbuckle.AspNetCore.SwaggerGen.SchemaGenerator.GenerateSchema(Type modelType, SchemaRepository schemaRepository, MemberInfo memberInfo, ParameterInfo parameterInfo, ApiParameterRouteInfo routeInfo)
   at Swashbuckle.AspNetCore.SwaggerGen.SwaggerGenerator.GenerateSchema(Type type, SchemaRepository schemaRepository, PropertyInfo propertyInfo, ParameterInfo parameterInfo, ApiParameterRouteInfo routeInfo)
   --- End of inner exception stack trace ---
   at Swashbuckle.AspNetCore.SwaggerGen.SwaggerGenerator.GenerateSchema(Type type, SchemaRepository schemaRepository, PropertyInfo propertyInfo, ParameterInfo parameterInfo, ApiParameterRouteInfo routeInfo)
   at Swashbuckle.AspNetCore.SwaggerGen.SwaggerGenerator.GenerateRequestBodyFromBodyParameter(ApiDescription apiDescription, SchemaRepository schemaRepository, ApiParameterDescription bodyParameter)
   at Swashbuckle.AspNetCore.SwaggerGen.SwaggerGenerator.GenerateRequestBodyAndFilterContext(ApiDescription apiDescription, SchemaRepository schemaRepository, OpenApiDocument document)
   at Swashbuckle.AspNetCore.SwaggerGen.SwaggerGenerator.GenerateRequestBodyAsync(ApiDescription apiDescription, SchemaRepository schemaRepository, OpenApiDocument document)
   at Swashbuckle.AspNetCore.SwaggerGen.SwaggerGenerator.GenerateOperationAsync(OpenApiDocument document, ApiDescription apiDescription, SchemaRepository schemaRepository, Func`4 parametersGenerator, Func`4 bodyGenerator, Func`3 applyFilters)
   --- End of inner exception stack trace ---
   at Swashbuckle.AspNetCore.SwaggerGen.SwaggerGenerator.GenerateOperationAsync(OpenApiDocument document, ApiDescription apiDescription, SchemaRepository schemaRepository, Func`4 parametersGenerator, Func`4 bodyGenerator, Func`3 applyFilters)
   at Swashbuckle.AspNetCore.SwaggerGen.SwaggerGenerator.GenerateOperationAsync(OpenApiDocument document, ApiDescription apiDescription, SchemaRepository schemaRepository)
   at Swashbuckle.AspNetCore.SwaggerGen.SwaggerGenerator.GenerateOperationsAsync(OpenApiDocument document, IEnumerable`1 apiDescriptions, SchemaRepository schemaRepository)
   at Swashbuckle.AspNetCore.SwaggerGen.SwaggerGenerator.GeneratePathsAsync(OpenApiDocument document, IEnumerable`1 apiDescriptions, SchemaRepository schemaRepository, Func`4 operationsGenerator)
   at Swashbuckle.AspNetCore.SwaggerGen.SwaggerGenerator.GeneratePathsAsync(OpenApiDocument document, IEnumerable`1 apiDescriptions, SchemaRepository schemaRepository)
   at Swashbuckle.AspNetCore.SwaggerGen.SwaggerGenerator.GetSwaggerAsync(String documentName, String host, String basePath)
   at Swashbuckle.AspNetCore.Swagger.SwaggerMiddleware.Invoke(HttpContext httpContext, ISwaggerProvider swaggerProvider)
   at Microsoft.AspNetCore.RateLimiting.RateLimitingMiddleware.InvokeInternal(HttpContext context, EnableRateLimitingAttribute enableRateLimitingAttribute)
   at Verdiq.API.Middleware.RequestLoggingMiddleware.InvokeAsync(HttpContext context) in C:\Users\mdmah\Desktop\Verdiq\backend\Verdiq.API\Middleware\RequestLoggingMiddleware.cs:line 24
   at Verdiq.API.Middleware.ExceptionMiddleware.InvokeAsync(HttpContext context) in C:\Users\mdmah\Desktop\Verdiq\backend\Verdiq.API\Middleware\ExceptionMiddleware.cs:line 21
2026-06-06 17:16:56.227 +06:00 [ERR] HTTP GET /swagger/v1/swagger.json responded 500 in 402.3446 ms
2026-06-06 17:16:56.231 +06:00 [INF] Request finished HTTP/1.1 GET http://localhost:5001/swagger/v1/swagger.json - 500 null application/json 453.1252ms
2026-06-06 17:17:11.552 +06:00 [INF] Request starting HTTP/1.1 GET http://localhost:5001/health - null null
2026-06-06 17:17:13.214 +06:00 [INF] Executing endpoint 'Health checks'
2026-06-06 17:17:13.224 +06:00 [INF] Executed endpoint 'Health checks'
2026-06-06 17:17:13.226 +06:00 [INF] HTTP GET /health responded 200 in 1670ms [User: anon]
2026-06-06 17:17:13.228 +06:00 [INF] HTTP GET /health responded 200 in 1673.4586 ms
2026-06-06 17:17:13.229 +06:00 [INF] Request finished HTTP/1.1 GET http://localhost:5001/health - 200 null text/plain 1676.8249ms
2026-06-06 17:18:17.568 +06:00 [WRN] Entity 'Document' has a global query filter defined and is the required end of a relationship with the entity 'DocumentActivity'. This may lead to unexpected results when the required entity is filtered out. Either configure the navigation as optional, or define matching query filters for both entities in the navigation. See https://go.microsoft.com/fwlink/?linkid=2131316 for more information.
2026-06-06 17:18:17.623 +06:00 [WRN] Entity 'Document' has a global query filter defined and is the required end of a relationship with the entity 'DocumentFavorite'. This may lead to unexpected results when the required entity is filtered out. Either configure the navigation as optional, or define matching query filters for both entities in the navigation. See https://go.microsoft.com/fwlink/?linkid=2131316 for more information.
2026-06-06 17:18:17.624 +06:00 [WRN] Entity 'Document' has a global query filter defined and is the required end of a relationship with the entity 'DocumentShare'. This may lead to unexpected results when the required entity is filtered out. Either configure the navigation as optional, or define matching query filters for both entities in the navigation. See https://go.microsoft.com/fwlink/?linkid=2131316 for more information.
2026-06-06 17:18:17.625 +06:00 [WRN] Entity 'Task' has a global query filter defined and is the required end of a relationship with the entity 'TaskAttachment'. This may lead to unexpected results when the required entity is filtered out. Either configure the navigation as optional, or define matching query filters for both entities in the navigation. See https://go.microsoft.com/fwlink/?linkid=2131316 for more information.
2026-06-06 17:18:17.626 +06:00 [WRN] Entity 'Task' has a global query filter defined and is the required end of a relationship with the entity 'TaskComment'. This may lead to unexpected results when the required entity is filtered out. Either configure the navigation as optional, or define matching query filters for both entities in the navigation. See https://go.microsoft.com/fwlink/?linkid=2131316 for more information.
2026-06-06 17:18:17.626 +06:00 [WRN] Entity 'Task' has a global query filter defined and is the required end of a relationship with the entity 'TaskWatcher'. This may lead to unexpected results when the required entity is filtered out. Either configure the navigation as optional, or define matching query filters for both entities in the navigation. See https://go.microsoft.com/fwlink/?linkid=2131316 for more information.
2026-06-06 17:18:18.511 +06:00 [INF] Executed DbCommand (76ms) [Parameters=[], CommandType='"Text"', CommandTimeout='30']
SELECT CASE WHEN COUNT(*) = 0 THEN FALSE ELSE TRUE END
FROM pg_class AS cls
JOIN pg_namespace AS ns ON ns.oid = cls.relnamespace
WHERE
        cls.relkind IN ('r', 'v', 'm', 'f', 'p') AND
        ns.nspname NOT IN ('pg_catalog', 'information_schema') AND
        -- Exclude tables which are members of PG extensions
        NOT EXISTS (
            SELECT 1 FROM pg_depend WHERE
                classid=(
                    SELECT cls.oid
                    FROM pg_class AS cls
                             JOIN pg_namespace AS ns ON ns.oid = cls.relnamespace
                    WHERE relname='pg_class' AND ns.nspname='pg_catalog'
                ) AND
                objid=cls.oid AND
                deptype IN ('e', 'x')
        )
2026-06-06 17:18:18.561 +06:00 [INF] Executed DbCommand (10ms) [Parameters=[], CommandType='"Text"', CommandTimeout='30']
ALTER TABLE "Users" ADD COLUMN IF NOT EXISTS "TwoFactorEnabled" boolean NOT NULL DEFAULT false;
ALTER TABLE "Users" ADD COLUMN IF NOT EXISTS "TwoFactorSecret" character varying(256);
ALTER TABLE "Users" ADD COLUMN IF NOT EXISTS "TwoFactorVerifiedAt" timestamp with time zone;
ALTER TABLE "Users" ADD COLUMN IF NOT EXISTS "LoginAttempts" integer NOT NULL DEFAULT 0;
ALTER TABLE "Users" ADD COLUMN IF NOT EXISTS "LockoutEnd" timestamp with time zone;
ALTER TABLE "Users" ADD COLUMN IF NOT EXISTS "LastLoginAt" timestamp with time zone;
ALTER TABLE "Users" ADD COLUMN IF NOT EXISTS "LastLoginIp" character varying(50);
ALTER TABLE "Users" ADD COLUMN IF NOT EXISTS "ClientId" uuid;
2026-06-06 17:18:18.568 +06:00 [INF] Executed DbCommand (4ms) [Parameters=[], CommandType='"Text"', CommandTimeout='30']
ALTER TABLE "Documents" ADD COLUMN IF NOT EXISTS "StorageProvider" character varying(50) NOT NULL DEFAULT 'Local';
ALTER TABLE "Documents" ADD COLUMN IF NOT EXISTS "StorageKey" character varying(500);
ALTER TABLE "Documents" ADD COLUMN IF NOT EXISTS "Version" integer NOT NULL DEFAULT 1;
ALTER TABLE "Documents" ADD COLUMN IF NOT EXISTS "Visibility" character varying(50) NOT NULL DEFAULT 'InternalOnly';
ALTER TABLE "Documents" ADD COLUMN IF NOT EXISTS "SharedWithClientId" uuid;
2026-06-06 17:18:18.576 +06:00 [INF] Executed DbCommand (6ms) [Parameters=[], CommandType='"Text"', CommandTimeout='30']
ALTER TABLE "Clients" ADD COLUMN IF NOT EXISTS "ClientType" character varying(100);
ALTER TABLE "Clients" ADD COLUMN IF NOT EXISTS "ClientCode" character varying(100);
ALTER TABLE "Clients" ADD COLUMN IF NOT EXISTS "PassportNumber" character varying(50);
ALTER TABLE "Clients" ADD COLUMN IF NOT EXISTS "DateOfBirth" timestamp with time zone;
ALTER TABLE "Clients" ADD COLUMN IF NOT EXISTS "Gender" character varying(20);
ALTER TABLE "Clients" ADD COLUMN IF NOT EXISTS "Occupation" character varying(200);
ALTER TABLE "Clients" ADD COLUMN IF NOT EXISTS "Nationality" character varying(100);
ALTER TABLE "Clients" ADD COLUMN IF NOT EXISTS "TradeLicense" character varying(200);
ALTER TABLE "Clients" ADD COLUMN IF NOT EXISTS "RegistrationNumber" character varying(200);
ALTER TABLE "Clients" ADD COLUMN IF NOT EXISTS "TaxVatNumber" character varying(200);
ALTER TABLE "Clients" ADD COLUMN IF NOT EXISTS "AuthorizedRepresentative" character varying(500);
ALTER TABLE "Clients" ADD COLUMN IF NOT EXISTS "Tags" character varying(1000);
ALTER TABLE "Clients" ADD COLUMN IF NOT EXISTS "RiskLevel" character varying(20);
ALTER TABLE "Clients" ADD COLUMN IF NOT EXISTS "ClientCategory" character varying(100);
ALTER TABLE "Clients" ADD COLUMN IF NOT EXISTS "BillingPreference" character varying(100);
ALTER TABLE "Clients" ADD COLUMN IF NOT EXISTS "PaymentTerms" character varying(100);
ALTER TABLE "Clients" ADD COLUMN IF NOT EXISTS "CreditLimit" numeric;
ALTER TABLE "Clients" ADD COLUMN IF NOT EXISTS "PreferredContactMethod" character varying(50);
ALTER TABLE "Clients" ADD COLUMN IF NOT EXISTS "WhatsAppNumber" character varying(50);
ALTER TABLE "Clients" ADD COLUMN IF NOT EXISTS "SecondaryPhone" character varying(50);
ALTER TABLE "Clients" ADD COLUMN IF NOT EXISTS "EmergencyContact" character varying(500);
ALTER TABLE "Clients" ADD COLUMN IF NOT EXISTS "IsBlacklisted" boolean NOT NULL DEFAULT false;
ALTER TABLE "Clients" ADD COLUMN IF NOT EXISTS "UserId" uuid;
2026-06-06 17:18:18.586 +06:00 [INF] Executed DbCommand (7ms) [Parameters=[], CommandType='"Text"', CommandTimeout='30']
ALTER TABLE "Cases" ADD COLUMN IF NOT EXISTS "ActsAndSections" character varying(1000);
ALTER TABLE "Cases" ADD COLUMN IF NOT EXISTS "FirNumber" character varying(100);
ALTER TABLE "Cases" ADD COLUMN IF NOT EXISTS "PoliceStation" character varying(200);
ALTER TABLE "Cases" ADD COLUMN IF NOT EXISTS "ClosingDate" timestamp with time zone;
ALTER TABLE "Cases" ADD COLUMN IF NOT EXISTS "GdNumber" character varying(100);
ALTER TABLE "Cases" ADD COLUMN IF NOT EXISTS "JudgeName" character varying(200);
ALTER TABLE "Cases" ADD COLUMN IF NOT EXISTS "Bench" character varying(200);
ALTER TABLE "Cases" ADD COLUMN IF NOT EXISTS "Prosecutor" character varying(200);
ALTER TABLE "Cases" ADD COLUMN IF NOT EXISTS "OpposingLawyer" character varying(200);
ALTER TABLE "Cases" ADD COLUMN IF NOT EXISTS "Jurisdiction" character varying(200);
ALTER TABLE "Cases" ADD COLUMN IF NOT EXISTS "AppealStatus" character varying(100);
ALTER TABLE "Cases" ADD COLUMN IF NOT EXISTS "RiskLevel" character varying(20);
ALTER TABLE "Cases" ADD COLUMN IF NOT EXISTS "ComplexityScore" integer;
ALTER TABLE "Cases" ADD COLUMN IF NOT EXISTS "PracticeArea" character varying(200);
ALTER TABLE "Cases" ADD COLUMN IF NOT EXISTS "Department" character varying(200);
ALTER TABLE "Cases" ADD COLUMN IF NOT EXISTS "InternalNotes" character varying(4000);
ALTER TABLE "Cases" ADD COLUMN IF NOT EXISTS "RetainerAmount" numeric;
ALTER TABLE "Cases" ADD COLUMN IF NOT EXISTS "BillingMethod" character varying(50);
ALTER TABLE "Cases" ADD COLUMN IF NOT EXISTS "FixedFee" numeric;
ALTER TABLE "Cases" ADD COLUMN IF NOT EXISTS "HourlyRate" numeric;
ALTER TABLE "Cases" ADD COLUMN IF NOT EXISTS "BudgetLimit" numeric;
ALTER TABLE "Cases" ADD COLUMN IF NOT EXISTS "ExpenseBudget" numeric;
ALTER TABLE "Cases" ADD COLUMN IF NOT EXISTS "NextHearingDate" timestamp with time zone;
ALTER TABLE "Cases" ADD COLUMN IF NOT EXISTS "CriticalDeadlines" character varying(2000);
ALTER TABLE "Cases" ADD COLUMN IF NOT EXISTS "LimitationExpiry" timestamp with time zone;
ALTER TABLE "Cases" ADD COLUMN IF NOT EXISTS "CaseTemplateId" uuid;
ALTER TABLE "Cases" ADD COLUMN IF NOT EXISTS "WorkflowTemplateId" uuid;
2026-06-06 17:18:18.592 +06:00 [INF] Executed DbCommand (3ms) [Parameters=[], CommandType='"Text"', CommandTimeout='30']
ALTER TABLE "ClientCases" ADD COLUMN IF NOT EXISTS "Role" character varying(100);
2026-06-06 17:18:18.595 +06:00 [INF] Executed DbCommand (3ms) [Parameters=[], CommandType='"Text"', CommandTimeout='30']
ALTER TABLE "CaseActivities" ADD COLUMN IF NOT EXISTS "IsClientVisible" boolean NOT NULL DEFAULT true;
2026-06-06 17:18:18.599 +06:00 [INF] Executed DbCommand (3ms) [Parameters=[], CommandType='"Text"', CommandTimeout='30']
CREATE TABLE IF NOT EXISTS "ChamberSettings" (
    "Id" uuid NOT NULL,
    "ChamberId" uuid NOT NULL,
    "SettingsJson" jsonb NOT NULL,
    "UpdatedBy" uuid,
    "CreatedAt" timestamp with time zone NOT NULL,
    "UpdatedAt" timestamp with time zone,
    "IsDeleted" boolean NOT NULL DEFAULT false,
    CONSTRAINT "PK_ChamberSettings" PRIMARY KEY ("Id"),
    CONSTRAINT "FK_ChamberSettings_Chambers_ChamberId" FOREIGN KEY ("ChamberId") REFERENCES "Chambers"("Id") ON DELETE CASCADE,
    CONSTRAINT "FK_ChamberSettings_Users_UpdatedBy" FOREIGN KEY ("UpdatedBy") REFERENCES "Users"("Id") ON DELETE SET NULL
);
CREATE UNIQUE INDEX IF NOT EXISTS "IX_ChamberSettings_ChamberId" ON "ChamberSettings"("ChamberId");
2026-06-06 17:18:18.603 +06:00 [INF] Executed DbCommand (2ms) [Parameters=[], CommandType='"Text"', CommandTimeout='30']
CREATE TABLE IF NOT EXISTS "LegalSections" (
    "Id" uuid NOT NULL,
    "SectionCode" character varying(50) NOT NULL,
    "SectionTitle" character varying(500) NOT NULL,
    "LawName" character varying(255) NOT NULL,
    "Country" character varying(100),
    "Category" character varying(100),
    "Description" character varying(4000),
    "Severity" character varying(20),
    "IsActive" boolean NOT NULL DEFAULT true,
    "ChamberId" uuid NOT NULL,
    "CreatedAt" timestamp with time zone NOT NULL,
    "UpdatedAt" timestamp with time zone,
    "IsDeleted" boolean NOT NULL DEFAULT false,
    CONSTRAINT "PK_LegalSections" PRIMARY KEY ("Id"),
    CONSTRAINT "FK_LegalSections_Chambers_ChamberId" FOREIGN KEY ("ChamberId") REFERENCES "Chambers"("Id") ON DELETE RESTRICT
);
CREATE INDEX IF NOT EXISTS "IX_LegalSections_SectionCode" ON "LegalSections"("SectionCode");
2026-06-06 17:18:18.606 +06:00 [INF] Executed DbCommand (2ms) [Parameters=[], CommandType='"Text"', CommandTimeout='30']
CREATE TABLE IF NOT EXISTS "WorkflowTemplates" (
    "Id" uuid NOT NULL,
    "ChamberId" uuid NOT NULL,
    "Name" character varying(255) NOT NULL,
    "Description" character varying(2000),
    "IsDefault" boolean NOT NULL DEFAULT false,
    "CreatedAt" timestamp with time zone NOT NULL,
    "UpdatedAt" timestamp with time zone,
    "IsDeleted" boolean NOT NULL DEFAULT false,
    CONSTRAINT "PK_WorkflowTemplates" PRIMARY KEY ("Id"),
    CONSTRAINT "FK_WorkflowTemplates_Chambers_ChamberId" FOREIGN KEY ("ChamberId") REFERENCES "Chambers"("Id") ON DELETE CASCADE
);
2026-06-06 17:18:18.610 +06:00 [INF] Executed DbCommand (3ms) [Parameters=[], CommandType='"Text"', CommandTimeout='30']
CREATE TABLE IF NOT EXISTS "WorkflowTemplateSections" (
    "Id" uuid NOT NULL,
    "TemplateId" uuid NOT NULL,
    "LegalSectionId" uuid NOT NULL,
    "DisplayOrder" integer NOT NULL,
    "CreatedAt" timestamp with time zone NOT NULL,
    "UpdatedAt" timestamp with time zone,
    "IsDeleted" boolean NOT NULL DEFAULT false,
    CONSTRAINT "PK_WorkflowTemplateSections" PRIMARY KEY ("Id"),
    CONSTRAINT "FK_WorkflowTemplateSections_WorkflowTemplates_TemplateId" FOREIGN KEY ("TemplateId") REFERENCES "WorkflowTemplates"("Id") ON DELETE CASCADE,
    CONSTRAINT "FK_WorkflowTemplateSections_LegalSections_LegalSectionId" FOREIGN KEY ("LegalSectionId") REFERENCES "LegalSections"("Id") ON DELETE RESTRICT
);
CREATE UNIQUE INDEX IF NOT EXISTS "IX_WorkflowTemplateSections_TemplateId_LegalSectionId" ON "WorkflowTemplateSections"("TemplateId", "LegalSectionId");
2026-06-06 17:18:18.615 +06:00 [INF] Executed DbCommand (2ms) [Parameters=[], CommandType='"Text"', CommandTimeout='30']
CREATE TABLE IF NOT EXISTS "CaseLegalSections" (
    "Id" uuid NOT NULL,
    "CaseId" uuid NOT NULL,
    "LegalSectionId" uuid NOT NULL,
    "CreatedAt" timestamp with time zone NOT NULL,
    "UpdatedAt" timestamp with time zone,
    "IsDeleted" boolean NOT NULL DEFAULT false,
    CONSTRAINT "PK_CaseLegalSections" PRIMARY KEY ("Id"),
    CONSTRAINT "FK_CaseLegalSections_Cases_CaseId" FOREIGN KEY ("CaseId") REFERENCES "Cases"("Id") ON DELETE CASCADE,
    CONSTRAINT "FK_CaseLegalSections_LegalSections_LegalSectionId" FOREIGN KEY ("LegalSectionId") REFERENCES "LegalSections"("Id") ON DELETE RESTRICT
);
CREATE UNIQUE INDEX IF NOT EXISTS "IX_CaseLegalSections_CaseId_LegalSectionId" ON "CaseLegalSections"("CaseId", "LegalSectionId");
2026-06-06 17:18:18.619 +06:00 [INF] Executed DbCommand (3ms) [Parameters=[], CommandType='"Text"', CommandTimeout='30']
ALTER TABLE "LegalProcedures" ADD COLUMN IF NOT EXISTS "StepNumber" integer NOT NULL DEFAULT 0;
ALTER TABLE "LegalProcedures" ADD COLUMN IF NOT EXISTS "Title" character varying(500) NOT NULL DEFAULT '';
ALTER TABLE "LegalProcedures" ADD COLUMN IF NOT EXISTS "RecommendedTimeline" character varying(200);
ALTER TABLE "LegalProcedures" ADD COLUMN IF NOT EXISTS "ResponsibleRole" character varying(50);
ALTER TABLE "LegalProcedures" ADD COLUMN IF NOT EXISTS "IsMandatory" boolean NOT NULL DEFAULT false;
2026-06-06 17:18:18.634 +06:00 [INF] Executed DbCommand (14ms) [Parameters=[], CommandType='"Text"', CommandTimeout='30']
DO $$
BEGIN
    IF EXISTS (SELECT FROM information_schema.columns WHERE table_schema = 'public' AND table_name = 'LegalProcedures' AND column_name = 'Name') THEN
        UPDATE "LegalProcedures" SET "Title" = "Name" WHERE "Title" = '' AND "Name" IS NOT NULL AND "Name" <> '';
    END IF;
    IF EXISTS (SELECT FROM information_schema.columns WHERE table_schema = 'public' AND table_name = 'LegalProcedures' AND column_name = 'Timeline') THEN
        UPDATE "LegalProcedures" SET "RecommendedTimeline" = "Timeline" WHERE "RecommendedTimeline" IS NULL AND "Timeline" IS NOT NULL;
    END IF;
END $$;
2026-06-06 17:18:18.636 +06:00 [INF] Executed DbCommand (1ms) [Parameters=[], CommandType='"Text"', CommandTimeout='30']
CREATE TABLE IF NOT EXISTS "LegalProcedures" (
    "Id" uuid NOT NULL,
    "LegalSectionId" uuid NOT NULL,
    "StepNumber" integer NOT NULL DEFAULT 0,
    "Title" character varying(500) NOT NULL,
    "Description" character varying(4000),
    "RequiredDocuments" character varying(2000),
    "RecommendedTimeline" character varying(200),
    "ResponsibleRole" character varying(50),
    "IsMandatory" boolean NOT NULL DEFAULT false,
    "CreatedAt" timestamp with time zone NOT NULL,
    "UpdatedAt" timestamp with time zone,
    "IsDeleted" boolean NOT NULL DEFAULT false,
    CONSTRAINT "PK_LegalProcedures" PRIMARY KEY ("Id"),
    CONSTRAINT "FK_LegalProcedures_LegalSections_LegalSectionId" FOREIGN KEY ("LegalSectionId") REFERENCES "LegalSections"("Id") ON DELETE CASCADE
);
2026-06-06 17:18:18.641 +06:00 [INF] Executed DbCommand (3ms) [Parameters=[], CommandType='"Text"', CommandTimeout='30']
ALTER TABLE "CaseLegalProcedures" ADD COLUMN IF NOT EXISTS "LegalProcedureId" uuid NOT NULL DEFAULT '00000000-0000-0000-0000-000000000000';
ALTER TABLE "CaseLegalProcedures" ADD COLUMN IF NOT EXISTS "IsCompleted" boolean NOT NULL DEFAULT false;
ALTER TABLE "CaseLegalProcedures" ADD COLUMN IF NOT EXISTS "CompletedBy" character varying(200);
2026-06-06 17:18:18.643 +06:00 [INF] Executed DbCommand (1ms) [Parameters=[], CommandType='"Text"', CommandTimeout='30']
CREATE TABLE IF NOT EXISTS "CaseLegalProcedures" (
    "Id" uuid NOT NULL,
    "CaseLegalSectionId" uuid NOT NULL,
    "LegalProcedureId" uuid NOT NULL,
    "IsCompleted" boolean NOT NULL DEFAULT false,
    "CompletedAt" timestamp with time zone,
    "CompletedBy" character varying(200),
    "Notes" character varying(4000),
    "CreatedAt" timestamp with time zone NOT NULL,
    "UpdatedAt" timestamp with time zone,
    "IsDeleted" boolean NOT NULL DEFAULT false,
    CONSTRAINT "PK_CaseLegalProcedures" PRIMARY KEY ("Id"),
    CONSTRAINT "FK_CaseLegalProcedures_CaseLegalSections_CaseLegalSectionId" FOREIGN KEY ("CaseLegalSectionId") REFERENCES "CaseLegalSections"("Id") ON DELETE CASCADE,
    CONSTRAINT "FK_CaseLegalProcedures_LegalProcedures_LegalProcedureId" FOREIGN KEY ("LegalProcedureId") REFERENCES "LegalProcedures"("Id") ON DELETE RESTRICT
);
2026-06-06 17:18:18.646 +06:00 [INF] Executed DbCommand (2ms) [Parameters=[], CommandType='"Text"', CommandTimeout='30']
CREATE TABLE IF NOT EXISTS "Bails" (
    "Id" uuid NOT NULL,
    "CaseId" uuid NOT NULL,
    "Status" character varying(20) NOT NULL DEFAULT 'Pending',
    "BailAmount" numeric(18,2),
    "BailConditions" character varying(2000),
    "BailGrantedAt" timestamp with time zone,
    "BailHearingDate" timestamp with time zone,
    "BondNumber" character varying(100),
    "SuretyName" character varying(255),
    "SuretyAddress" character varying(500),
    "SuretyContact" character varying(50),
    "RevokedAt" timestamp with time zone,
    "RevokedReason" character varying(2000),
    "GrantedBy" character varying(255),
    "Notes" character varying(2000),
    "CreatedAt" timestamp with time zone NOT NULL,
    "UpdatedAt" timestamp with time zone,
    "IsDeleted" boolean NOT NULL DEFAULT false,
    CONSTRAINT "PK_Bails" PRIMARY KEY ("Id"),
    CONSTRAINT "FK_Bails_Cases_CaseId" FOREIGN KEY ("CaseId") REFERENCES "Cases"("Id") ON DELETE CASCADE
);
2026-06-06 17:18:18.649 +06:00 [INF] Executed DbCommand (2ms) [Parameters=[], CommandType='"Text"', CommandTimeout='30']
CREATE TABLE IF NOT EXISTS "Leads" (
    "Id" uuid NOT NULL,
    "ChamberId" uuid NOT NULL,
    "Name" character varying(500) NOT NULL,
    "Phone" character varying(50) NOT NULL,
    "Email" character varying(320) NOT NULL,
    "CompanyName" character varying(500),
    "CaseType" character varying(200),
    "EstimatedValue" numeric NOT NULL DEFAULT 0,
    "LeadSource" character varying(200) NOT NULL DEFAULT '',
    "Stage" character varying(100) NOT NULL DEFAULT 'NewLead',
    "AssignedLawyerId" uuid,
    "Notes" text,
    "AttachmentsJson" text,
    "FollowUpDate" timestamp with time zone,
    "LastContactedAt" timestamp with time zone,
    "Score" integer NOT NULL DEFAULT 0,
    "ConvertedAt" timestamp with time zone NOT NULL DEFAULT '-infinity',
    "LostReason" character varying(1000),
    "CreatedAt" timestamp with time zone NOT NULL,
    "UpdatedAt" timestamp with time zone,
    "IsDeleted" boolean NOT NULL DEFAULT false,
    CONSTRAINT "PK_Leads" PRIMARY KEY ("Id"),
    CONSTRAINT "FK_Leads_Chambers_ChamberId" FOREIGN KEY ("ChamberId") REFERENCES "Chambers"("Id") ON DELETE CASCADE,
    CONSTRAINT "FK_Leads_Users_AssignedLawyerId" FOREIGN KEY ("AssignedLawyerId") REFERENCES "Users"("Id") ON DELETE SET NULL
);
2026-06-06 17:18:18.652 +06:00 [INF] Executed DbCommand (2ms) [Parameters=[], CommandType='"Text"', CommandTimeout='30']
CREATE TABLE IF NOT EXISTS "TimeEntries" (
    "Id" uuid NOT NULL,
    "UserId" uuid NOT NULL,
    "ClientId" uuid,
    "CaseId" uuid,
    "TaskId" uuid,
    "InvoiceId" uuid,
    "Description" character varying(2000) NOT NULL DEFAULT '',
    "Category" character varying(100) NOT NULL DEFAULT 'General',
    "StartTime" timestamp with time zone NOT NULL,
    "EndTime" timestamp with time zone,
    "DurationMinutes" double precision NOT NULL DEFAULT 0,
    "HourlyRate" numeric NOT NULL DEFAULT 0,
    "Billable" boolean NOT NULL DEFAULT true,
    "Status" character varying(50) NOT NULL DEFAULT 'Running',
    "ChamberId" uuid NOT NULL,
    "CreatedAt" timestamp with time zone NOT NULL,
    "UpdatedAt" timestamp with time zone,
    "IsDeleted" boolean NOT NULL DEFAULT false,
    CONSTRAINT "PK_TimeEntries" PRIMARY KEY ("Id"),
    CONSTRAINT "FK_TimeEntries_Users_UserId" FOREIGN KEY ("UserId") REFERENCES "Users"("Id") ON DELETE CASCADE,
    CONSTRAINT "FK_TimeEntries_Cases_CaseId" FOREIGN KEY ("CaseId") REFERENCES "Cases"("Id") ON DELETE SET NULL,
    CONSTRAINT "FK_TimeEntries_Tasks_TaskId" FOREIGN KEY ("TaskId") REFERENCES "Tasks"("Id") ON DELETE SET NULL,
    CONSTRAINT "FK_TimeEntries_Invoices_InvoiceId" FOREIGN KEY ("InvoiceId") REFERENCES "Invoices"("Id") ON DELETE SET NULL,
    CONSTRAINT "FK_TimeEntries_Clients_ClientId" FOREIGN KEY ("ClientId") REFERENCES "Clients"("Id") ON DELETE SET NULL,
    CONSTRAINT "FK_TimeEntries_Chambers_ChamberId" FOREIGN KEY ("ChamberId") REFERENCES "Chambers"("Id") ON DELETE CASCADE
);
2026-06-06 17:18:18.658 +06:00 [INF] Executed DbCommand (2ms) [Parameters=[], CommandType='"Text"', CommandTimeout='30']
CREATE TABLE IF NOT EXISTS "Messages" (
    "Id" uuid NOT NULL,
    "SenderId" uuid NOT NULL,
    "ReceiverId" uuid NOT NULL,
    "CaseId" uuid,
    "Content" text NOT NULL DEFAULT '',
    "AttachmentUrl" character varying(2000),
    "AttachmentFileName" character varying(500),
    "IsRead" boolean NOT NULL DEFAULT false,
    "ReadAt" timestamp with time zone,
    "IsClientVisible" boolean NOT NULL DEFAULT true,
    "CreatedAt" timestamp with time zone NOT NULL,
    "UpdatedAt" timestamp with time zone,
    "IsDeleted" boolean NOT NULL DEFAULT false,
    CONSTRAINT "PK_Messages" PRIMARY KEY ("Id"),
    CONSTRAINT "FK_Messages_Users_SenderId" FOREIGN KEY ("SenderId") REFERENCES "Users"("Id") ON DELETE CASCADE,
    CONSTRAINT "FK_Messages_Users_ReceiverId" FOREIGN KEY ("ReceiverId") REFERENCES "Users"("Id") ON DELETE CASCADE,
    CONSTRAINT "FK_Messages_Cases_CaseId" FOREIGN KEY ("CaseId") REFERENCES "Cases"("Id") ON DELETE SET NULL
);
2026-06-06 17:18:19.085 +06:00 [INF] Executed DbCommand (6ms) [Parameters=[], CommandType='"Text"', CommandTimeout='30']
SELECT EXISTS (
    SELECT 1
    FROM "Chambers" AS c
    WHERE c."Id" = 'c0000000-0000-0000-0000-000000000001')
2026-06-06 17:18:19.174 +06:00 [INF] Executed DbCommand (6ms) [Parameters=[@seed_Email='?'], CommandType='"Text"', CommandTimeout='30']
SELECT u."Id", u."AvatarUrl", u."BarCouncilId", u."ChamberId", u."ClientId", u."CreatedAt", u."Email", u."FullName", u."IsActive", u."IsDeleted", u."LastLoginAt", u."LastLoginIp", u."LockoutEnd", u."LoginAttempts", u."PasswordHash", u."Phone", u."RefreshToken", u."RefreshTokenExpiry", u."Role", u."Status", u."TwoFactorEnabled", u."TwoFactorSecret", u."TwoFactorVerifiedAt", u."UpdatedAt"
FROM "Users" AS u
WHERE u."Email" = @seed_Email
LIMIT 1
2026-06-06 17:18:19.386 +06:00 [INF] Executed DbCommand (2ms) [Parameters=[@seed_Email='?'], CommandType='"Text"', CommandTimeout='30']
SELECT u."Id", u."AvatarUrl", u."BarCouncilId", u."ChamberId", u."ClientId", u."CreatedAt", u."Email", u."FullName", u."IsActive", u."IsDeleted", u."LastLoginAt", u."LastLoginIp", u."LockoutEnd", u."LoginAttempts", u."PasswordHash", u."Phone", u."RefreshToken", u."RefreshTokenExpiry", u."Role", u."Status", u."TwoFactorEnabled", u."TwoFactorSecret", u."TwoFactorVerifiedAt", u."UpdatedAt"
FROM "Users" AS u
WHERE u."Email" = @seed_Email
LIMIT 1
2026-06-06 17:18:19.394 +06:00 [INF] Executed DbCommand (3ms) [Parameters=[], CommandType='"Text"', CommandTimeout='30']
SELECT EXISTS (
    SELECT 1
    FROM "Subscriptions" AS s
    WHERE s."Id" = 'b2c3d4e5-f6a7-8901-bcde-f12345678901')
2026-06-06 17:18:19.403 +06:00 [INF] Executed DbCommand (3ms) [Parameters=[], CommandType='"Text"', CommandTimeout='30']
SELECT EXISTS (
    SELECT 1
    FROM "Organizations" AS o
    WHERE o."Id" = 'd0000000-0000-0000-0000-000000000001')
2026-06-06 17:18:19.415 +06:00 [INF] Executed DbCommand (3ms) [Parameters=[], CommandType='"Text"', CommandTimeout='30']
SELECT EXISTS (
    SELECT 1
    FROM "OrganizationMembers" AS o
    WHERE o."OrganizationId" = 'd0000000-0000-0000-0000-000000000001' AND o."UserId" = 'a1b2c3d4-e5f6-7890-abcd-ef1234567890')
2026-06-06 17:18:19.523 +06:00 [INF] User profile is available. Using 'C:\Users\mdmah\AppData\Local\ASP.NET\DataProtection-Keys' as key repository and Windows DPAPI to encrypt keys at rest.
2026-06-06 17:18:19.552 +06:00 [INF] Reminder automation worker started
2026-06-06 17:18:19.613 +06:00 [INF] Executed DbCommand (2ms) [Parameters=[], CommandType='"Text"', CommandTimeout='30']
SELECT c."Id"
FROM "Chambers" AS c
WHERE NOT (c."IsDeleted")
2026-06-06 17:18:19.636 +06:00 [INF] Executed DbCommand (3ms) [Parameters=[@chamberId='?' (DbType = Guid)], CommandType='"Text"', CommandTimeout='30']
SELECT u."Id", u."AvatarUrl", u."BarCouncilId", u."ChamberId", u."ClientId", u."CreatedAt", u."Email", u."FullName", u."IsActive", u."IsDeleted", u."LastLoginAt", u."LastLoginIp", u."LockoutEnd", u."LoginAttempts", u."PasswordHash", u."Phone", u."RefreshToken", u."RefreshTokenExpiry", u."Role", u."Status", u."TwoFactorEnabled", u."TwoFactorSecret", u."TwoFactorVerifiedAt", u."UpdatedAt"
FROM "Users" AS u
WHERE NOT (u."IsDeleted") AND u."ChamberId" = @chamberId AND u."IsActive" AND NOT (u."IsDeleted")
2026-06-06 17:18:19.643 +06:00 [INF] Now listening on: http://localhost:5001
2026-06-06 17:18:19.644 +06:00 [INF] Application started. Press Ctrl+C to shut down.
2026-06-06 17:18:19.644 +06:00 [INF] Hosting environment: Development
2026-06-06 17:18:19.645 +06:00 [INF] Content root path: C:\Users\mdmah\Desktop\Verdiq\backend\Verdiq.API
2026-06-06 17:18:19.768 +06:00 [INF] Executed DbCommand (7ms) [Parameters=[@chamberId='?' (DbType = Guid), @user_Id='?' (DbType = Guid), @now='?' (DbType = DateTime)], CommandType='"Text"', CommandTimeout='30']
SELECT h."Id", h."CaseId", h."Courtroom", h."CreatedAt", h."HearingDate", h."IsDeleted", h."JudgeName", h."NextHearingDate", h."Notes", h."ReminderSent", h."Result", h."Status", h."UpdatedAt", c0."Id", c0."ActsAndSections", c0."AppealStatus", c0."AssignedLawyerId", c0."Bench", c0."BillingMethod", c0."BudgetLimit", c0."CaseNumber", c0."CaseTemplateId", c0."CaseType", c0."ChamberId", c0."ClosingDate", c0."ComplexityScore", c0."CourtName", c0."CreatedAt", c0."CriticalDeadlines", c0."Department", c0."Description", c0."ExpenseBudget", c0."FilingDate", c0."FirNumber", c0."FixedFee", c0."GdNumber", c0."HourlyRate", c0."InternalNotes", c0."IsDeleted", c0."JudgeName", c0."Jurisdiction", c0."LimitationExpiry", c0."NextHearingDate", c0."Opponent", c0."OpposingLawyer", c0."PoliceStation", c0."PracticeArea", c0."Priority", c0."Prosecutor", c0."RetainerAmount", c0."RiskLevel", c0."Status", c0."TeamId", c0."Title", c0."UpdatedAt", c0."WorkflowTemplateId"
FROM "Hearings" AS h
INNER JOIN (
    SELECT c."Id", c."ActsAndSections", c."AppealStatus", c."AssignedLawyerId", c."Bench", c."BillingMethod", c."BudgetLimit", c."CaseNumber", c."CaseTemplateId", c."CaseType", c."ChamberId", c."ClosingDate", c."ComplexityScore", c."CourtName", c."CreatedAt", c."CriticalDeadlines", c."Department", c."Description", c."ExpenseBudget", c."FilingDate", c."FirNumber", c."FixedFee", c."GdNumber", c."HourlyRate", c."InternalNotes", c."IsDeleted", c."JudgeName", c."Jurisdiction", c."LimitationExpiry", c."NextHearingDate", c."Opponent", c."OpposingLawyer", c."PoliceStation", c."PracticeArea", c."Priority", c."Prosecutor", c."RetainerAmount", c."RiskLevel", c."Status", c."TeamId", c."Title", c."UpdatedAt", c."WorkflowTemplateId"
    FROM "Cases" AS c
    WHERE NOT (c."IsDeleted")
) AS c0 ON h."CaseId" = c0."Id"
WHERE NOT (h."IsDeleted") AND c0."ChamberId" = @chamberId AND c0."AssignedLawyerId" = @user_Id AND NOT (h."IsDeleted") AND h."HearingDate" > @now
2026-06-06 17:18:19.792 +06:00 [INF] Executed DbCommand (4ms) [Parameters=[@chamberId='?' (DbType = Guid), @user_Id='?' (DbType = Guid), @now='?' (DbType = DateTime)], CommandType='"Text"', CommandTimeout='30']
SELECT t."Id", t."ActualHours", t."AssignedBy", t."AssignedTo", t."CaseId", t."ChamberId", t."CompletedAt", t."CreatedAt", t."Description", t."DueDate", t."EstimatedHours", t."IsDeleted", t."IsRecurring", t."Priority", t."RecurrenceInterval", t."RecurrencePattern", t."SortOrder", t."Status", t."Title", t."UpdatedAt"
FROM "Tasks" AS t
WHERE NOT (t."IsDeleted") AND t."ChamberId" = @chamberId AND NOT (t."IsDeleted") AND t."AssignedTo" = @user_Id AND t."Status" = 'Pending' AND t."DueDate" < @now
2026-06-06 17:18:19.833 +06:00 [INF] Executed DbCommand (4ms) [Parameters=[@chamberId='?' (DbType = Guid), @now='?' (DbType = DateTime)], CommandType='"Text"', CommandTimeout='30']
SELECT i."Id", i."Amount", i."CaseId", i."ClientId", i."CreatedAt", i."Currency", i."Description", i."DueDate", i."InvoiceNumber", i."IsDeleted", i."PaidAt", i."Status", i."UpdatedAt", c0."Id", c0."ActsAndSections", c0."AppealStatus", c0."AssignedLawyerId", c0."Bench", c0."BillingMethod", c0."BudgetLimit", c0."CaseNumber", c0."CaseTemplateId", c0."CaseType", c0."ChamberId", c0."ClosingDate", c0."ComplexityScore", c0."CourtName", c0."CreatedAt", c0."CriticalDeadlines", c0."Department", c0."Description", c0."ExpenseBudget", c0."FilingDate", c0."FirNumber", c0."FixedFee", c0."GdNumber", c0."HourlyRate", c0."InternalNotes", c0."IsDeleted", c0."JudgeName", c0."Jurisdiction", c0."LimitationExpiry", c0."NextHearingDate", c0."Opponent", c0."OpposingLawyer", c0."PoliceStation", c0."PracticeArea", c0."Priority", c0."Prosecutor", c0."RetainerAmount", c0."RiskLevel", c0."Status", c0."TeamId", c0."Title", c0."UpdatedAt", c0."WorkflowTemplateId"
FROM "Invoices" AS i
LEFT JOIN (
    SELECT c."Id", c."ActsAndSections", c."AppealStatus", c."AssignedLawyerId", c."Bench", c."BillingMethod", c."BudgetLimit", c."CaseNumber", c."CaseTemplateId", c."CaseType", c."ChamberId", c."ClosingDate", c."ComplexityScore", c."CourtName", c."CreatedAt", c."CriticalDeadlines", c."Department", c."Description", c."ExpenseBudget", c."FilingDate", c."FirNumber", c."FixedFee", c."GdNumber", c."HourlyRate", c."InternalNotes", c."IsDeleted", c."JudgeName", c."Jurisdiction", c."LimitationExpiry", c."NextHearingDate", c."Opponent", c."OpposingLawyer", c."PoliceStation", c."PracticeArea", c."Priority", c."Prosecutor", c."RetainerAmount", c."RiskLevel", c."Status", c."TeamId", c."Title", c."UpdatedAt", c."WorkflowTemplateId"
    FROM "Cases" AS c
    WHERE NOT (c."IsDeleted")
) AS c0 ON i."CaseId" = c0."Id"
WHERE NOT (i."IsDeleted") AND c0."Id" IS NOT NULL AND c0."ChamberId" = @chamberId AND NOT (i."IsDeleted") AND i."DueDate" IS NOT NULL AND i."DueDate" < @now AND i."Status" = 'Pending'
2026-06-06 17:18:19.853 +06:00 [INF] Executed DbCommand (3ms) [Parameters=[@chamberId='?' (DbType = Guid), @user_Id='?' (DbType = Guid)], CommandType='"Text"', CommandTimeout='30']
SELECT l."Id", l."AssignedLawyerId", l."AttachmentsJson", l."CaseType", l."ChamberId", l."CompanyName", l."ConvertedAt", l."CreatedAt", l."Email", l."EstimatedValue", l."FollowUpDate", l."IsDeleted", l."LastContactedAt", l."LeadSource", l."LostReason", l."Name", l."Notes", l."Phone", l."Score", l."Stage", l."UpdatedAt"
FROM "Leads" AS l
WHERE NOT (l."IsDeleted") AND l."ChamberId" = @chamberId AND NOT (l."IsDeleted") AND l."AssignedLawyerId" = @user_Id AND l."Stage" <> 'ConvertedToClient' AND l."Stage" <> 'LostLead' AND l."LastContactedAt" IS NOT NULL
2026-06-06 17:18:19.876 +06:00 [INF] Executed DbCommand (2ms) [Parameters=[@chamberId='?' (DbType = Guid), @user_Id='?' (DbType = Guid)], CommandType='"Text"', CommandTimeout='30']
SELECT c."Id", c."ActsAndSections", c."AppealStatus", c."AssignedLawyerId", c."Bench", c."BillingMethod", c."BudgetLimit", c."CaseNumber", c."CaseTemplateId", c."CaseType", c."ChamberId", c."ClosingDate", c."ComplexityScore", c."CourtName", c."CreatedAt", c."CriticalDeadlines", c."Department", c."Description", c."ExpenseBudget", c."FilingDate", c."FirNumber", c."FixedFee", c."GdNumber", c."HourlyRate", c."InternalNotes", c."IsDeleted", c."JudgeName", c."Jurisdiction", c."LimitationExpiry", c."NextHearingDate", c."Opponent", c."OpposingLawyer", c."PoliceStation", c."PracticeArea", c."Priority", c."Prosecutor", c."RetainerAmount", c."RiskLevel", c."Status", c."TeamId", c."Title", c."UpdatedAt", c."WorkflowTemplateId"
FROM "Cases" AS c
WHERE NOT (c."IsDeleted") AND c."ChamberId" = @chamberId AND NOT (c."IsDeleted") AND c."AssignedLawyerId" = @user_Id AND c."Status" <> 'Closed'
2026-06-06 17:18:19.912 +06:00 [INF] Executed DbCommand (4ms) [Parameters=[@chamberId='?' (DbType = Guid), @user_Id='?' (DbType = Guid), @todayStart='?' (DbType = DateTime), @AddDays='?' (DbType = DateTime)], CommandType='"Text"', CommandTimeout='30']
SELECT COALESCE(sum(t."DurationMinutes"), 0.0)
FROM "TimeEntries" AS t
WHERE NOT (t."IsDeleted") AND t."ChamberId" = @chamberId AND t."UserId" = @user_Id AND t."StartTime" >= @todayStart AND t."StartTime" < @AddDays
2026-06-06 17:18:19.925 +06:00 [INF] Executed DbCommand (2ms) [Parameters=[@chamberId='?' (DbType = Guid), @user_Id='?' (DbType = Guid), @weekStart='?' (DbType = DateTime)], CommandType='"Text"', CommandTimeout='30']
SELECT COALESCE(sum(t."DurationMinutes"), 0.0)
FROM "TimeEntries" AS t
WHERE NOT (t."IsDeleted") AND t."ChamberId" = @chamberId AND t."UserId" = @user_Id AND t."StartTime" >= @weekStart
2026-06-06 17:18:19.929 +06:00 [INF] Executed DbCommand (2ms) [Parameters=[@chamberId='?' (DbType = Guid), @user_Id='?' (DbType = Guid), @now='?' (DbType = DateTime)], CommandType='"Text"', CommandTimeout='30']
SELECT h."Id", h."CaseId", h."Courtroom", h."CreatedAt", h."HearingDate", h."IsDeleted", h."JudgeName", h."NextHearingDate", h."Notes", h."ReminderSent", h."Result", h."Status", h."UpdatedAt", c0."Id", c0."ActsAndSections", c0."AppealStatus", c0."AssignedLawyerId", c0."Bench", c0."BillingMethod", c0."BudgetLimit", c0."CaseNumber", c0."CaseTemplateId", c0."CaseType", c0."ChamberId", c0."ClosingDate", c0."ComplexityScore", c0."CourtName", c0."CreatedAt", c0."CriticalDeadlines", c0."Department", c0."Description", c0."ExpenseBudget", c0."FilingDate", c0."FirNumber", c0."FixedFee", c0."GdNumber", c0."HourlyRate", c0."InternalNotes", c0."IsDeleted", c0."JudgeName", c0."Jurisdiction", c0."LimitationExpiry", c0."NextHearingDate", c0."Opponent", c0."OpposingLawyer", c0."PoliceStation", c0."PracticeArea", c0."Priority", c0."Prosecutor", c0."RetainerAmount", c0."RiskLevel", c0."Status", c0."TeamId", c0."Title", c0."UpdatedAt", c0."WorkflowTemplateId"
FROM "Hearings" AS h
INNER JOIN (
    SELECT c."Id", c."ActsAndSections", c."AppealStatus", c."AssignedLawyerId", c."Bench", c."BillingMethod", c."BudgetLimit", c."CaseNumber", c."CaseTemplateId", c."CaseType", c."ChamberId", c."ClosingDate", c."ComplexityScore", c."CourtName", c."CreatedAt", c."CriticalDeadlines", c."Department", c."Description", c."ExpenseBudget", c."FilingDate", c."FirNumber", c."FixedFee", c."GdNumber", c."HourlyRate", c."InternalNotes", c."IsDeleted", c."JudgeName", c."Jurisdiction", c."LimitationExpiry", c."NextHearingDate", c."Opponent", c."OpposingLawyer", c."PoliceStation", c."PracticeArea", c."Priority", c."Prosecutor", c."RetainerAmount", c."RiskLevel", c."Status", c."TeamId", c."Title", c."UpdatedAt", c."WorkflowTemplateId"
    FROM "Cases" AS c
    WHERE NOT (c."IsDeleted")
) AS c0 ON h."CaseId" = c0."Id"
WHERE NOT (h."IsDeleted") AND c0."ChamberId" = @chamberId AND c0."AssignedLawyerId" = @user_Id AND NOT (h."IsDeleted") AND h."HearingDate" > @now
2026-06-06 17:18:19.934 +06:00 [INF] Executed DbCommand (2ms) [Parameters=[@chamberId='?' (DbType = Guid), @user_Id='?' (DbType = Guid), @now='?' (DbType = DateTime)], CommandType='"Text"', CommandTimeout='30']
SELECT t."Id", t."ActualHours", t."AssignedBy", t."AssignedTo", t."CaseId", t."ChamberId", t."CompletedAt", t."CreatedAt", t."Description", t."DueDate", t."EstimatedHours", t."IsDeleted", t."IsRecurring", t."Priority", t."RecurrenceInterval", t."RecurrencePattern", t."SortOrder", t."Status", t."Title", t."UpdatedAt"
FROM "Tasks" AS t
WHERE NOT (t."IsDeleted") AND t."ChamberId" = @chamberId AND NOT (t."IsDeleted") AND t."AssignedTo" = @user_Id AND t."Status" = 'Pending' AND t."DueDate" < @now
2026-06-06 17:18:19.940 +06:00 [INF] Executed DbCommand (3ms) [Parameters=[@chamberId='?' (DbType = Guid), @now='?' (DbType = DateTime)], CommandType='"Text"', CommandTimeout='30']
SELECT i."Id", i."Amount", i."CaseId", i."ClientId", i."CreatedAt", i."Currency", i."Description", i."DueDate", i."InvoiceNumber", i."IsDeleted", i."PaidAt", i."Status", i."UpdatedAt", c0."Id", c0."ActsAndSections", c0."AppealStatus", c0."AssignedLawyerId", c0."Bench", c0."BillingMethod", c0."BudgetLimit", c0."CaseNumber", c0."CaseTemplateId", c0."CaseType", c0."ChamberId", c0."ClosingDate", c0."ComplexityScore", c0."CourtName", c0."CreatedAt", c0."CriticalDeadlines", c0."Department", c0."Description", c0."ExpenseBudget", c0."FilingDate", c0."FirNumber", c0."FixedFee", c0."GdNumber", c0."HourlyRate", c0."InternalNotes", c0."IsDeleted", c0."JudgeName", c0."Jurisdiction", c0."LimitationExpiry", c0."NextHearingDate", c0."Opponent", c0."OpposingLawyer", c0."PoliceStation", c0."PracticeArea", c0."Priority", c0."Prosecutor", c0."RetainerAmount", c0."RiskLevel", c0."Status", c0."TeamId", c0."Title", c0."UpdatedAt", c0."WorkflowTemplateId"
FROM "Invoices" AS i
LEFT JOIN (
    SELECT c."Id", c."ActsAndSections", c."AppealStatus", c."AssignedLawyerId", c."Bench", c."BillingMethod", c."BudgetLimit", c."CaseNumber", c."CaseTemplateId", c."CaseType", c."ChamberId", c."ClosingDate", c."ComplexityScore", c."CourtName", c."CreatedAt", c."CriticalDeadlines", c."Department", c."Description", c."ExpenseBudget", c."FilingDate", c."FirNumber", c."FixedFee", c."GdNumber", c."HourlyRate", c."InternalNotes", c."IsDeleted", c."JudgeName", c."Jurisdiction", c."LimitationExpiry", c."NextHearingDate", c."Opponent", c."OpposingLawyer", c."PoliceStation", c."PracticeArea", c."Priority", c."Prosecutor", c."RetainerAmount", c."RiskLevel", c."Status", c."TeamId", c."Title", c."UpdatedAt", c."WorkflowTemplateId"
    FROM "Cases" AS c
    WHERE NOT (c."IsDeleted")
) AS c0 ON i."CaseId" = c0."Id"
WHERE NOT (i."IsDeleted") AND c0."Id" IS NOT NULL AND c0."ChamberId" = @chamberId AND NOT (i."IsDeleted") AND i."DueDate" IS NOT NULL AND i."DueDate" < @now AND i."Status" = 'Pending'
2026-06-06 17:18:19.945 +06:00 [INF] Executed DbCommand (2ms) [Parameters=[@chamberId='?' (DbType = Guid), @user_Id='?' (DbType = Guid)], CommandType='"Text"', CommandTimeout='30']
SELECT l."Id", l."AssignedLawyerId", l."AttachmentsJson", l."CaseType", l."ChamberId", l."CompanyName", l."ConvertedAt", l."CreatedAt", l."Email", l."EstimatedValue", l."FollowUpDate", l."IsDeleted", l."LastContactedAt", l."LeadSource", l."LostReason", l."Name", l."Notes", l."Phone", l."Score", l."Stage", l."UpdatedAt"
FROM "Leads" AS l
WHERE NOT (l."IsDeleted") AND l."ChamberId" = @chamberId AND NOT (l."IsDeleted") AND l."AssignedLawyerId" = @user_Id AND l."Stage" <> 'ConvertedToClient' AND l."Stage" <> 'LostLead' AND l."LastContactedAt" IS NOT NULL
2026-06-06 17:18:19.949 +06:00 [INF] Executed DbCommand (2ms) [Parameters=[@chamberId='?' (DbType = Guid), @user_Id='?' (DbType = Guid)], CommandType='"Text"', CommandTimeout='30']
SELECT c."Id", c."ActsAndSections", c."AppealStatus", c."AssignedLawyerId", c."Bench", c."BillingMethod", c."BudgetLimit", c."CaseNumber", c."CaseTemplateId", c."CaseType", c."ChamberId", c."ClosingDate", c."ComplexityScore", c."CourtName", c."CreatedAt", c."CriticalDeadlines", c."Department", c."Description", c."ExpenseBudget", c."FilingDate", c."FirNumber", c."FixedFee", c."GdNumber", c."HourlyRate", c."InternalNotes", c."IsDeleted", c."JudgeName", c."Jurisdiction", c."LimitationExpiry", c."NextHearingDate", c."Opponent", c."OpposingLawyer", c."PoliceStation", c."PracticeArea", c."Priority", c."Prosecutor", c."RetainerAmount", c."RiskLevel", c."Status", c."TeamId", c."Title", c."UpdatedAt", c."WorkflowTemplateId"
FROM "Cases" AS c
WHERE NOT (c."IsDeleted") AND c."ChamberId" = @chamberId AND NOT (c."IsDeleted") AND c."AssignedLawyerId" = @user_Id AND c."Status" <> 'Closed'
2026-06-06 17:18:19.956 +06:00 [INF] Executed DbCommand (3ms) [Parameters=[@chamberId='?' (DbType = Guid), @user_Id='?' (DbType = Guid), @todayStart='?' (DbType = DateTime), @AddDays='?' (DbType = DateTime)], CommandType='"Text"', CommandTimeout='30']
SELECT COALESCE(sum(t."DurationMinutes"), 0.0)
FROM "TimeEntries" AS t
WHERE NOT (t."IsDeleted") AND t."ChamberId" = @chamberId AND t."UserId" = @user_Id AND t."StartTime" >= @todayStart AND t."StartTime" < @AddDays
2026-06-06 17:18:19.959 +06:00 [INF] Executed DbCommand (2ms) [Parameters=[@chamberId='?' (DbType = Guid), @user_Id='?' (DbType = Guid), @weekStart='?' (DbType = DateTime)], CommandType='"Text"', CommandTimeout='30']
SELECT COALESCE(sum(t."DurationMinutes"), 0.0)
FROM "TimeEntries" AS t
WHERE NOT (t."IsDeleted") AND t."ChamberId" = @chamberId AND t."UserId" = @user_Id AND t."StartTime" >= @weekStart
2026-06-06 17:21:10.521 +06:00 [INF] Request starting HTTP/1.1 GET http://localhost:5001/swagger/v1/swagger.json - null null
2026-06-06 17:21:11.032 +06:00 [INF] HTTP GET /swagger/v1/swagger.json responded 200 in 459ms [User: anon]
2026-06-06 17:21:11.037 +06:00 [INF] HTTP GET /swagger/v1/swagger.json responded 200 in 471.5191 ms
2026-06-06 17:21:11.041 +06:00 [INF] Request finished HTTP/1.1 GET http://localhost:5001/swagger/v1/swagger.json - 200 null application/json;charset=utf-8 522.5988ms
2026-06-06 17:23:20.066 +06:00 [INF] Executed DbCommand (3ms) [Parameters=[], CommandType='"Text"', CommandTimeout='30']
SELECT c."Id"
FROM "Chambers" AS c
WHERE NOT (c."IsDeleted")
2026-06-06 17:23:20.077 +06:00 [INF] Executed DbCommand (3ms) [Parameters=[@chamberId='?' (DbType = Guid)], CommandType='"Text"', CommandTimeout='30']
SELECT u."Id", u."AvatarUrl", u."BarCouncilId", u."ChamberId", u."ClientId", u."CreatedAt", u."Email", u."FullName", u."IsActive", u."IsDeleted", u."LastLoginAt", u."LastLoginIp", u."LockoutEnd", u."LoginAttempts", u."PasswordHash", u."Phone", u."RefreshToken", u."RefreshTokenExpiry", u."Role", u."Status", u."TwoFactorEnabled", u."TwoFactorSecret", u."TwoFactorVerifiedAt", u."UpdatedAt"
FROM "Users" AS u
WHERE NOT (u."IsDeleted") AND u."ChamberId" = @chamberId AND u."IsActive" AND NOT (u."IsDeleted")
2026-06-06 17:23:20.103 +06:00 [INF] Executed DbCommand (22ms) [Parameters=[@chamberId='?' (DbType = Guid), @user_Id='?' (DbType = Guid), @now='?' (DbType = DateTime)], CommandType='"Text"', CommandTimeout='30']
SELECT h."Id", h."CaseId", h."Courtroom", h."CreatedAt", h."HearingDate", h."IsDeleted", h."JudgeName", h."NextHearingDate", h."Notes", h."ReminderSent", h."Result", h."Status", h."UpdatedAt", c0."Id", c0."ActsAndSections", c0."AppealStatus", c0."AssignedLawyerId", c0."Bench", c0."BillingMethod", c0."BudgetLimit", c0."CaseNumber", c0."CaseTemplateId", c0."CaseType", c0."ChamberId", c0."ClosingDate", c0."ComplexityScore", c0."CourtName", c0."CreatedAt", c0."CriticalDeadlines", c0."Department", c0."Description", c0."ExpenseBudget", c0."FilingDate", c0."FirNumber", c0."FixedFee", c0."GdNumber", c0."HourlyRate", c0."InternalNotes", c0."IsDeleted", c0."JudgeName", c0."Jurisdiction", c0."LimitationExpiry", c0."NextHearingDate", c0."Opponent", c0."OpposingLawyer", c0."PoliceStation", c0."PracticeArea", c0."Priority", c0."Prosecutor", c0."RetainerAmount", c0."RiskLevel", c0."Status", c0."TeamId", c0."Title", c0."UpdatedAt", c0."WorkflowTemplateId"
FROM "Hearings" AS h
INNER JOIN (
    SELECT c."Id", c."ActsAndSections", c."AppealStatus", c."AssignedLawyerId", c."Bench", c."BillingMethod", c."BudgetLimit", c."CaseNumber", c."CaseTemplateId", c."CaseType", c."ChamberId", c."ClosingDate", c."ComplexityScore", c."CourtName", c."CreatedAt", c."CriticalDeadlines", c."Department", c."Description", c."ExpenseBudget", c."FilingDate", c."FirNumber", c."FixedFee", c."GdNumber", c."HourlyRate", c."InternalNotes", c."IsDeleted", c."JudgeName", c."Jurisdiction", c."LimitationExpiry", c."NextHearingDate", c."Opponent", c."OpposingLawyer", c."PoliceStation", c."PracticeArea", c."Priority", c."Prosecutor", c."RetainerAmount", c."RiskLevel", c."Status", c."TeamId", c."Title", c."UpdatedAt", c."WorkflowTemplateId"
    FROM "Cases" AS c
    WHERE NOT (c."IsDeleted")
) AS c0 ON h."CaseId" = c0."Id"
WHERE NOT (h."IsDeleted") AND c0."ChamberId" = @chamberId AND c0."AssignedLawyerId" = @user_Id AND NOT (h."IsDeleted") AND h."HearingDate" > @now
2026-06-06 17:23:20.111 +06:00 [INF] Executed DbCommand (5ms) [Parameters=[@chamberId='?' (DbType = Guid), @user_Id='?' (DbType = Guid), @now='?' (DbType = DateTime)], CommandType='"Text"', CommandTimeout='30']
SELECT t."Id", t."ActualHours", t."AssignedBy", t."AssignedTo", t."CaseId", t."ChamberId", t."CompletedAt", t."CreatedAt", t."Description", t."DueDate", t."EstimatedHours", t."IsDeleted", t."IsRecurring", t."Priority", t."RecurrenceInterval", t."RecurrencePattern", t."SortOrder", t."Status", t."Title", t."UpdatedAt"
FROM "Tasks" AS t
WHERE NOT (t."IsDeleted") AND t."ChamberId" = @chamberId AND NOT (t."IsDeleted") AND t."AssignedTo" = @user_Id AND t."Status" = 'Pending' AND t."DueDate" < @now
2026-06-06 17:23:20.117 +06:00 [INF] Executed DbCommand (4ms) [Parameters=[@chamberId='?' (DbType = Guid), @now='?' (DbType = DateTime)], CommandType='"Text"', CommandTimeout='30']
SELECT i."Id", i."Amount", i."CaseId", i."ClientId", i."CreatedAt", i."Currency", i."Description", i."DueDate", i."InvoiceNumber", i."IsDeleted", i."PaidAt", i."Status", i."UpdatedAt", c0."Id", c0."ActsAndSections", c0."AppealStatus", c0."AssignedLawyerId", c0."Bench", c0."BillingMethod", c0."BudgetLimit", c0."CaseNumber", c0."CaseTemplateId", c0."CaseType", c0."ChamberId", c0."ClosingDate", c0."ComplexityScore", c0."CourtName", c0."CreatedAt", c0."CriticalDeadlines", c0."Department", c0."Description", c0."ExpenseBudget", c0."FilingDate", c0."FirNumber", c0."FixedFee", c0."GdNumber", c0."HourlyRate", c0."InternalNotes", c0."IsDeleted", c0."JudgeName", c0."Jurisdiction", c0."LimitationExpiry", c0."NextHearingDate", c0."Opponent", c0."OpposingLawyer", c0."PoliceStation", c0."PracticeArea", c0."Priority", c0."Prosecutor", c0."RetainerAmount", c0."RiskLevel", c0."Status", c0."TeamId", c0."Title", c0."UpdatedAt", c0."WorkflowTemplateId"
FROM "Invoices" AS i
LEFT JOIN (
    SELECT c."Id", c."ActsAndSections", c."AppealStatus", c."AssignedLawyerId", c."Bench", c."BillingMethod", c."BudgetLimit", c."CaseNumber", c."CaseTemplateId", c."CaseType", c."ChamberId", c."ClosingDate", c."ComplexityScore", c."CourtName", c."CreatedAt", c."CriticalDeadlines", c."Department", c."Description", c."ExpenseBudget", c."FilingDate", c."FirNumber", c."FixedFee", c."GdNumber", c."HourlyRate", c."InternalNotes", c."IsDeleted", c."JudgeName", c."Jurisdiction", c."LimitationExpiry", c."NextHearingDate", c."Opponent", c."OpposingLawyer", c."PoliceStation", c."PracticeArea", c."Priority", c."Prosecutor", c."RetainerAmount", c."RiskLevel", c."Status", c."TeamId", c."Title", c."UpdatedAt", c."WorkflowTemplateId"
    FROM "Cases" AS c
    WHERE NOT (c."IsDeleted")
) AS c0 ON i."CaseId" = c0."Id"
WHERE NOT (i."IsDeleted") AND c0."Id" IS NOT NULL AND c0."ChamberId" = @chamberId AND NOT (i."IsDeleted") AND i."DueDate" IS NOT NULL AND i."DueDate" < @now AND i."Status" = 'Pending'
2026-06-06 17:23:20.125 +06:00 [INF] Executed DbCommand (3ms) [Parameters=[@chamberId='?' (DbType = Guid), @user_Id='?' (DbType = Guid)], CommandType='"Text"', CommandTimeout='30']
SELECT l."Id", l."AssignedLawyerId", l."AttachmentsJson", l."CaseType", l."ChamberId", l."CompanyName", l."ConvertedAt", l."CreatedAt", l."Email", l."EstimatedValue", l."FollowUpDate", l."IsDeleted", l."LastContactedAt", l."LeadSource", l."LostReason", l."Name", l."Notes", l."Phone", l."Score", l."Stage", l."UpdatedAt"
FROM "Leads" AS l
WHERE NOT (l."IsDeleted") AND l."ChamberId" = @chamberId AND NOT (l."IsDeleted") AND l."AssignedLawyerId" = @user_Id AND l."Stage" <> 'ConvertedToClient' AND l."Stage" <> 'LostLead' AND l."LastContactedAt" IS NOT NULL
2026-06-06 17:23:20.128 +06:00 [INF] Executed DbCommand (2ms) [Parameters=[@chamberId='?' (DbType = Guid), @user_Id='?' (DbType = Guid)], CommandType='"Text"', CommandTimeout='30']
SELECT c."Id", c."ActsAndSections", c."AppealStatus", c."AssignedLawyerId", c."Bench", c."BillingMethod", c."BudgetLimit", c."CaseNumber", c."CaseTemplateId", c."CaseType", c."ChamberId", c."ClosingDate", c."ComplexityScore", c."CourtName", c."CreatedAt", c."CriticalDeadlines", c."Department", c."Description", c."ExpenseBudget", c."FilingDate", c."FirNumber", c."FixedFee", c."GdNumber", c."HourlyRate", c."InternalNotes", c."IsDeleted", c."JudgeName", c."Jurisdiction", c."LimitationExpiry", c."NextHearingDate", c."Opponent", c."OpposingLawyer", c."PoliceStation", c."PracticeArea", c."Priority", c."Prosecutor", c."RetainerAmount", c."RiskLevel", c."Status", c."TeamId", c."Title", c."UpdatedAt", c."WorkflowTemplateId"
FROM "Cases" AS c
WHERE NOT (c."IsDeleted") AND c."ChamberId" = @chamberId AND NOT (c."IsDeleted") AND c."AssignedLawyerId" = @user_Id AND c."Status" <> 'Closed'
2026-06-06 17:23:20.134 +06:00 [INF] Executed DbCommand (3ms) [Parameters=[@chamberId='?' (DbType = Guid), @user_Id='?' (DbType = Guid), @todayStart='?' (DbType = DateTime), @AddDays='?' (DbType = DateTime)], CommandType='"Text"', CommandTimeout='30']
SELECT COALESCE(sum(t."DurationMinutes"), 0.0)
FROM "TimeEntries" AS t
WHERE NOT (t."IsDeleted") AND t."ChamberId" = @chamberId AND t."UserId" = @user_Id AND t."StartTime" >= @todayStart AND t."StartTime" < @AddDays
2026-06-06 17:23:20.137 +06:00 [INF] Executed DbCommand (2ms) [Parameters=[@chamberId='?' (DbType = Guid), @user_Id='?' (DbType = Guid), @weekStart='?' (DbType = DateTime)], CommandType='"Text"', CommandTimeout='30']
SELECT COALESCE(sum(t."DurationMinutes"), 0.0)
FROM "TimeEntries" AS t
WHERE NOT (t."IsDeleted") AND t."ChamberId" = @chamberId AND t."UserId" = @user_Id AND t."StartTime" >= @weekStart
2026-06-06 17:23:20.142 +06:00 [INF] Executed DbCommand (3ms) [Parameters=[@chamberId='?' (DbType = Guid), @user_Id='?' (DbType = Guid), @now='?' (DbType = DateTime)], CommandType='"Text"', CommandTimeout='30']
SELECT h."Id", h."CaseId", h."Courtroom", h."CreatedAt", h."HearingDate", h."IsDeleted", h."JudgeName", h."NextHearingDate", h."Notes", h."ReminderSent", h."Result", h."Status", h."UpdatedAt", c0."Id", c0."ActsAndSections", c0."AppealStatus", c0."AssignedLawyerId", c0."Bench", c0."BillingMethod", c0."BudgetLimit", c0."CaseNumber", c0."CaseTemplateId", c0."CaseType", c0."ChamberId", c0."ClosingDate", c0."ComplexityScore", c0."CourtName", c0."CreatedAt", c0."CriticalDeadlines", c0."Department", c0."Description", c0."ExpenseBudget", c0."FilingDate", c0."FirNumber", c0."FixedFee", c0."GdNumber", c0."HourlyRate", c0."InternalNotes", c0."IsDeleted", c0."JudgeName", c0."Jurisdiction", c0."LimitationExpiry", c0."NextHearingDate", c0."Opponent", c0."OpposingLawyer", c0."PoliceStation", c0."PracticeArea", c0."Priority", c0."Prosecutor", c0."RetainerAmount", c0."RiskLevel", c0."Status", c0."TeamId", c0."Title", c0."UpdatedAt", c0."WorkflowTemplateId"
FROM "Hearings" AS h
INNER JOIN (
    SELECT c."Id", c."ActsAndSections", c."AppealStatus", c."AssignedLawyerId", c."Bench", c."BillingMethod", c."BudgetLimit", c."CaseNumber", c."CaseTemplateId", c."CaseType", c."ChamberId", c."ClosingDate", c."ComplexityScore", c."CourtName", c."CreatedAt", c."CriticalDeadlines", c."Department", c."Description", c."ExpenseBudget", c."FilingDate", c."FirNumber", c."FixedFee", c."GdNumber", c."HourlyRate", c."InternalNotes", c."IsDeleted", c."JudgeName", c."Jurisdiction", c."LimitationExpiry", c."NextHearingDate", c."Opponent", c."OpposingLawyer", c."PoliceStation", c."PracticeArea", c."Priority", c."Prosecutor", c."RetainerAmount", c."RiskLevel", c."Status", c."TeamId", c."Title", c."UpdatedAt", c."WorkflowTemplateId"
    FROM "Cases" AS c
    WHERE NOT (c."IsDeleted")
) AS c0 ON h."CaseId" = c0."Id"
WHERE NOT (h."IsDeleted") AND c0."ChamberId" = @chamberId AND c0."AssignedLawyerId" = @user_Id AND NOT (h."IsDeleted") AND h."HearingDate" > @now
2026-06-06 17:23:20.147 +06:00 [INF] Executed DbCommand (2ms) [Parameters=[@chamberId='?' (DbType = Guid), @user_Id='?' (DbType = Guid), @now='?' (DbType = DateTime)], CommandType='"Text"', CommandTimeout='30']
SELECT t."Id", t."ActualHours", t."AssignedBy", t."AssignedTo", t."CaseId", t."ChamberId", t."CompletedAt", t."CreatedAt", t."Description", t."DueDate", t."EstimatedHours", t."IsDeleted", t."IsRecurring", t."Priority", t."RecurrenceInterval", t."RecurrencePattern", t."SortOrder", t."Status", t."Title", t."UpdatedAt"
FROM "Tasks" AS t
WHERE NOT (t."IsDeleted") AND t."ChamberId" = @chamberId AND NOT (t."IsDeleted") AND t."AssignedTo" = @user_Id AND t."Status" = 'Pending' AND t."DueDate" < @now
2026-06-06 17:23:20.151 +06:00 [INF] Executed DbCommand (2ms) [Parameters=[@chamberId='?' (DbType = Guid), @now='?' (DbType = DateTime)], CommandType='"Text"', CommandTimeout='30']
SELECT i."Id", i."Amount", i."CaseId", i."ClientId", i."CreatedAt", i."Currency", i."Description", i."DueDate", i."InvoiceNumber", i."IsDeleted", i."PaidAt", i."Status", i."UpdatedAt", c0."Id", c0."ActsAndSections", c0."AppealStatus", c0."AssignedLawyerId", c0."Bench", c0."BillingMethod", c0."BudgetLimit", c0."CaseNumber", c0."CaseTemplateId", c0."CaseType", c0."ChamberId", c0."ClosingDate", c0."ComplexityScore", c0."CourtName", c0."CreatedAt", c0."CriticalDeadlines", c0."Department", c0."Description", c0."ExpenseBudget", c0."FilingDate", c0."FirNumber", c0."FixedFee", c0."GdNumber", c0."HourlyRate", c0."InternalNotes", c0."IsDeleted", c0."JudgeName", c0."Jurisdiction", c0."LimitationExpiry", c0."NextHearingDate", c0."Opponent", c0."OpposingLawyer", c0."PoliceStation", c0."PracticeArea", c0."Priority", c0."Prosecutor", c0."RetainerAmount", c0."RiskLevel", c0."Status", c0."TeamId", c0."Title", c0."UpdatedAt", c0."WorkflowTemplateId"
FROM "Invoices" AS i
LEFT JOIN (
    SELECT c."Id", c."ActsAndSections", c."AppealStatus", c."AssignedLawyerId", c."Bench", c."BillingMethod", c."BudgetLimit", c."CaseNumber", c."CaseTemplateId", c."CaseType", c."ChamberId", c."ClosingDate", c."ComplexityScore", c."CourtName", c."CreatedAt", c."CriticalDeadlines", c."Department", c."Description", c."ExpenseBudget", c."FilingDate", c."FirNumber", c."FixedFee", c."GdNumber", c."HourlyRate", c."InternalNotes", c."IsDeleted", c."JudgeName", c."Jurisdiction", c."LimitationExpiry", c."NextHearingDate", c."Opponent", c."OpposingLawyer", c."PoliceStation", c."PracticeArea", c."Priority", c."Prosecutor", c."RetainerAmount", c."RiskLevel", c."Status", c."TeamId", c."Title", c."UpdatedAt", c."WorkflowTemplateId"
    FROM "Cases" AS c
    WHERE NOT (c."IsDeleted")
) AS c0 ON i."CaseId" = c0."Id"
WHERE NOT (i."IsDeleted") AND c0."Id" IS NOT NULL AND c0."ChamberId" = @chamberId AND NOT (i."IsDeleted") AND i."DueDate" IS NOT NULL AND i."DueDate" < @now AND i."Status" = 'Pending'
2026-06-06 17:23:20.157 +06:00 [INF] Executed DbCommand (2ms) [Parameters=[@chamberId='?' (DbType = Guid), @user_Id='?' (DbType = Guid)], CommandType='"Text"', CommandTimeout='30']
SELECT l."Id", l."AssignedLawyerId", l."AttachmentsJson", l."CaseType", l."ChamberId", l."CompanyName", l."ConvertedAt", l."CreatedAt", l."Email", l."EstimatedValue", l."FollowUpDate", l."IsDeleted", l."LastContactedAt", l."LeadSource", l."LostReason", l."Name", l."Notes", l."Phone", l."Score", l."Stage", l."UpdatedAt"
FROM "Leads" AS l
WHERE NOT (l."IsDeleted") AND l."ChamberId" = @chamberId AND NOT (l."IsDeleted") AND l."AssignedLawyerId" = @user_Id AND l."Stage" <> 'ConvertedToClient' AND l."Stage" <> 'LostLead' AND l."LastContactedAt" IS NOT NULL
2026-06-06 17:23:20.161 +06:00 [INF] Executed DbCommand (2ms) [Parameters=[@chamberId='?' (DbType = Guid), @user_Id='?' (DbType = Guid)], CommandType='"Text"', CommandTimeout='30']
SELECT c."Id", c."ActsAndSections", c."AppealStatus", c."AssignedLawyerId", c."Bench", c."BillingMethod", c."BudgetLimit", c."CaseNumber", c."CaseTemplateId", c."CaseType", c."ChamberId", c."ClosingDate", c."ComplexityScore", c."CourtName", c."CreatedAt", c."CriticalDeadlines", c."Department", c."Description", c."ExpenseBudget", c."FilingDate", c."FirNumber", c."FixedFee", c."GdNumber", c."HourlyRate", c."InternalNotes", c."IsDeleted", c."JudgeName", c."Jurisdiction", c."LimitationExpiry", c."NextHearingDate", c."Opponent", c."OpposingLawyer", c."PoliceStation", c."PracticeArea", c."Priority", c."Prosecutor", c."RetainerAmount", c."RiskLevel", c."Status", c."TeamId", c."Title", c."UpdatedAt", c."WorkflowTemplateId"
FROM "Cases" AS c
WHERE NOT (c."IsDeleted") AND c."ChamberId" = @chamberId AND NOT (c."IsDeleted") AND c."AssignedLawyerId" = @user_Id AND c."Status" <> 'Closed'
2026-06-06 17:23:20.166 +06:00 [INF] Executed DbCommand (2ms) [Parameters=[@chamberId='?' (DbType = Guid), @user_Id='?' (DbType = Guid), @todayStart='?' (DbType = DateTime), @AddDays='?' (DbType = DateTime)], CommandType='"Text"', CommandTimeout='30']
SELECT COALESCE(sum(t."DurationMinutes"), 0.0)
FROM "TimeEntries" AS t
WHERE NOT (t."IsDeleted") AND t."ChamberId" = @chamberId AND t."UserId" = @user_Id AND t."StartTime" >= @todayStart AND t."StartTime" < @AddDays
2026-06-06 17:23:20.169 +06:00 [INF] Executed DbCommand (2ms) [Parameters=[@chamberId='?' (DbType = Guid), @user_Id='?' (DbType = Guid), @weekStart='?' (DbType = DateTime)], CommandType='"Text"', CommandTimeout='30']
SELECT COALESCE(sum(t."DurationMinutes"), 0.0)
FROM "TimeEntries" AS t
WHERE NOT (t."IsDeleted") AND t."ChamberId" = @chamberId AND t."UserId" = @user_Id AND t."StartTime" >= @weekStart
2026-06-06 17:28:20.188 +06:00 [INF] Executed DbCommand (2ms) [Parameters=[], CommandType='"Text"', CommandTimeout='30']
SELECT c."Id"
FROM "Chambers" AS c
WHERE NOT (c."IsDeleted")
2026-06-06 17:28:20.198 +06:00 [INF] Executed DbCommand (2ms) [Parameters=[@chamberId='?' (DbType = Guid)], CommandType='"Text"', CommandTimeout='30']
SELECT u."Id", u."AvatarUrl", u."BarCouncilId", u."ChamberId", u."ClientId", u."CreatedAt", u."Email", u."FullName", u."IsActive", u."IsDeleted", u."LastLoginAt", u."LastLoginIp", u."LockoutEnd", u."LoginAttempts", u."PasswordHash", u."Phone", u."RefreshToken", u."RefreshTokenExpiry", u."Role", u."Status", u."TwoFactorEnabled", u."TwoFactorSecret", u."TwoFactorVerifiedAt", u."UpdatedAt"
FROM "Users" AS u
WHERE NOT (u."IsDeleted") AND u."ChamberId" = @chamberId AND u."IsActive" AND NOT (u."IsDeleted")
2026-06-06 17:28:20.228 +06:00 [INF] Executed DbCommand (28ms) [Parameters=[@chamberId='?' (DbType = Guid), @user_Id='?' (DbType = Guid), @now='?' (DbType = DateTime)], CommandType='"Text"', CommandTimeout='30']
SELECT h."Id", h."CaseId", h."Courtroom", h."CreatedAt", h."HearingDate", h."IsDeleted", h."JudgeName", h."NextHearingDate", h."Notes", h."ReminderSent", h."Result", h."Status", h."UpdatedAt", c0."Id", c0."ActsAndSections", c0."AppealStatus", c0."AssignedLawyerId", c0."Bench", c0."BillingMethod", c0."BudgetLimit", c0."CaseNumber", c0."CaseTemplateId", c0."CaseType", c0."ChamberId", c0."ClosingDate", c0."ComplexityScore", c0."CourtName", c0."CreatedAt", c0."CriticalDeadlines", c0."Department", c0."Description", c0."ExpenseBudget", c0."FilingDate", c0."FirNumber", c0."FixedFee", c0."GdNumber", c0."HourlyRate", c0."InternalNotes", c0."IsDeleted", c0."JudgeName", c0."Jurisdiction", c0."LimitationExpiry", c0."NextHearingDate", c0."Opponent", c0."OpposingLawyer", c0."PoliceStation", c0."PracticeArea", c0."Priority", c0."Prosecutor", c0."RetainerAmount", c0."RiskLevel", c0."Status", c0."TeamId", c0."Title", c0."UpdatedAt", c0."WorkflowTemplateId"
FROM "Hearings" AS h
INNER JOIN (
    SELECT c."Id", c."ActsAndSections", c."AppealStatus", c."AssignedLawyerId", c."Bench", c."BillingMethod", c."BudgetLimit", c."CaseNumber", c."CaseTemplateId", c."CaseType", c."ChamberId", c."ClosingDate", c."ComplexityScore", c."CourtName", c."CreatedAt", c."CriticalDeadlines", c."Department", c."Description", c."ExpenseBudget", c."FilingDate", c."FirNumber", c."FixedFee", c."GdNumber", c."HourlyRate", c."InternalNotes", c."IsDeleted", c."JudgeName", c."Jurisdiction", c."LimitationExpiry", c."NextHearingDate", c."Opponent", c."OpposingLawyer", c."PoliceStation", c."PracticeArea", c."Priority", c."Prosecutor", c."RetainerAmount", c."RiskLevel", c."Status", c."TeamId", c."Title", c."UpdatedAt", c."WorkflowTemplateId"
    FROM "Cases" AS c
    WHERE NOT (c."IsDeleted")
) AS c0 ON h."CaseId" = c0."Id"
WHERE NOT (h."IsDeleted") AND c0."ChamberId" = @chamberId AND c0."AssignedLawyerId" = @user_Id AND NOT (h."IsDeleted") AND h."HearingDate" > @now
2026-06-06 17:28:20.235 +06:00 [INF] Executed DbCommand (3ms) [Parameters=[@chamberId='?' (DbType = Guid), @user_Id='?' (DbType = Guid), @now='?' (DbType = DateTime)], CommandType='"Text"', CommandTimeout='30']
SELECT t."Id", t."ActualHours", t."AssignedBy", t."AssignedTo", t."CaseId", t."ChamberId", t."CompletedAt", t."CreatedAt", t."Description", t."DueDate", t."EstimatedHours", t."IsDeleted", t."IsRecurring", t."Priority", t."RecurrenceInterval", t."RecurrencePattern", t."SortOrder", t."Status", t."Title", t."UpdatedAt"
FROM "Tasks" AS t
WHERE NOT (t."IsDeleted") AND t."ChamberId" = @chamberId AND NOT (t."IsDeleted") AND t."AssignedTo" = @user_Id AND t."Status" = 'Pending' AND t."DueDate" < @now
2026-06-06 17:28:20.240 +06:00 [INF] Executed DbCommand (3ms) [Parameters=[@chamberId='?' (DbType = Guid), @now='?' (DbType = DateTime)], CommandType='"Text"', CommandTimeout='30']
SELECT i."Id", i."Amount", i."CaseId", i."ClientId", i."CreatedAt", i."Currency", i."Description", i."DueDate", i."InvoiceNumber", i."IsDeleted", i."PaidAt", i."Status", i."UpdatedAt", c0."Id", c0."ActsAndSections", c0."AppealStatus", c0."AssignedLawyerId", c0."Bench", c0."BillingMethod", c0."BudgetLimit", c0."CaseNumber", c0."CaseTemplateId", c0."CaseType", c0."ChamberId", c0."ClosingDate", c0."ComplexityScore", c0."CourtName", c0."CreatedAt", c0."CriticalDeadlines", c0."Department", c0."Description", c0."ExpenseBudget", c0."FilingDate", c0."FirNumber", c0."FixedFee", c0."GdNumber", c0."HourlyRate", c0."InternalNotes", c0."IsDeleted", c0."JudgeName", c0."Jurisdiction", c0."LimitationExpiry", c0."NextHearingDate", c0."Opponent", c0."OpposingLawyer", c0."PoliceStation", c0."PracticeArea", c0."Priority", c0."Prosecutor", c0."RetainerAmount", c0."RiskLevel", c0."Status", c0."TeamId", c0."Title", c0."UpdatedAt", c0."WorkflowTemplateId"
FROM "Invoices" AS i
LEFT JOIN (
    SELECT c."Id", c."ActsAndSections", c."AppealStatus", c."AssignedLawyerId", c."Bench", c."BillingMethod", c."BudgetLimit", c."CaseNumber", c."CaseTemplateId", c."CaseType", c."ChamberId", c."ClosingDate", c."ComplexityScore", c."CourtName", c."CreatedAt", c."CriticalDeadlines", c."Department", c."Description", c."ExpenseBudget", c."FilingDate", c."FirNumber", c."FixedFee", c."GdNumber", c."HourlyRate", c."InternalNotes", c."IsDeleted", c."JudgeName", c."Jurisdiction", c."LimitationExpiry", c."NextHearingDate", c."Opponent", c."OpposingLawyer", c."PoliceStation", c."PracticeArea", c."Priority", c."Prosecutor", c."RetainerAmount", c."RiskLevel", c."Status", c."TeamId", c."Title", c."UpdatedAt", c."WorkflowTemplateId"
    FROM "Cases" AS c
    WHERE NOT (c."IsDeleted")
) AS c0 ON i."CaseId" = c0."Id"
WHERE NOT (i."IsDeleted") AND c0."Id" IS NOT NULL AND c0."ChamberId" = @chamberId AND NOT (i."IsDeleted") AND i."DueDate" IS NOT NULL AND i."DueDate" < @now AND i."Status" = 'Pending'
2026-06-06 17:28:20.244 +06:00 [INF] Executed DbCommand (2ms) [Parameters=[@chamberId='?' (DbType = Guid), @user_Id='?' (DbType = Guid)], CommandType='"Text"', CommandTimeout='30']
SELECT l."Id", l."AssignedLawyerId", l."AttachmentsJson", l."CaseType", l."ChamberId", l."CompanyName", l."ConvertedAt", l."CreatedAt", l."Email", l."EstimatedValue", l."FollowUpDate", l."IsDeleted", l."LastContactedAt", l."LeadSource", l."LostReason", l."Name", l."Notes", l."Phone", l."Score", l."Stage", l."UpdatedAt"
FROM "Leads" AS l
WHERE NOT (l."IsDeleted") AND l."ChamberId" = @chamberId AND NOT (l."IsDeleted") AND l."AssignedLawyerId" = @user_Id AND l."Stage" <> 'ConvertedToClient' AND l."Stage" <> 'LostLead' AND l."LastContactedAt" IS NOT NULL
2026-06-06 17:28:20.247 +06:00 [INF] Executed DbCommand (2ms) [Parameters=[@chamberId='?' (DbType = Guid), @user_Id='?' (DbType = Guid)], CommandType='"Text"', CommandTimeout='30']
SELECT c."Id", c."ActsAndSections", c."AppealStatus", c."AssignedLawyerId", c."Bench", c."BillingMethod", c."BudgetLimit", c."CaseNumber", c."CaseTemplateId", c."CaseType", c."ChamberId", c."ClosingDate", c."ComplexityScore", c."CourtName", c."CreatedAt", c."CriticalDeadlines", c."Department", c."Description", c."ExpenseBudget", c."FilingDate", c."FirNumber", c."FixedFee", c."GdNumber", c."HourlyRate", c."InternalNotes", c."IsDeleted", c."JudgeName", c."Jurisdiction", c."LimitationExpiry", c."NextHearingDate", c."Opponent", c."OpposingLawyer", c."PoliceStation", c."PracticeArea", c."Priority", c."Prosecutor", c."RetainerAmount", c."RiskLevel", c."Status", c."TeamId", c."Title", c."UpdatedAt", c."WorkflowTemplateId"
FROM "Cases" AS c
WHERE NOT (c."IsDeleted") AND c."ChamberId" = @chamberId AND NOT (c."IsDeleted") AND c."AssignedLawyerId" = @user_Id AND c."Status" <> 'Closed'
2026-06-06 17:28:20.251 +06:00 [INF] Executed DbCommand (2ms) [Parameters=[@chamberId='?' (DbType = Guid), @user_Id='?' (DbType = Guid), @todayStart='?' (DbType = DateTime), @AddDays='?' (DbType = DateTime)], CommandType='"Text"', CommandTimeout='30']
SELECT COALESCE(sum(t."DurationMinutes"), 0.0)
FROM "TimeEntries" AS t
WHERE NOT (t."IsDeleted") AND t."ChamberId" = @chamberId AND t."UserId" = @user_Id AND t."StartTime" >= @todayStart AND t."StartTime" < @AddDays
2026-06-06 17:28:20.254 +06:00 [INF] Executed DbCommand (2ms) [Parameters=[@chamberId='?' (DbType = Guid), @user_Id='?' (DbType = Guid), @weekStart='?' (DbType = DateTime)], CommandType='"Text"', CommandTimeout='30']
SELECT COALESCE(sum(t."DurationMinutes"), 0.0)
FROM "TimeEntries" AS t
WHERE NOT (t."IsDeleted") AND t."ChamberId" = @chamberId AND t."UserId" = @user_Id AND t."StartTime" >= @weekStart
2026-06-06 17:28:20.257 +06:00 [INF] Executed DbCommand (2ms) [Parameters=[@chamberId='?' (DbType = Guid), @user_Id='?' (DbType = Guid), @now='?' (DbType = DateTime)], CommandType='"Text"', CommandTimeout='30']
SELECT h."Id", h."CaseId", h."Courtroom", h."CreatedAt", h."HearingDate", h."IsDeleted", h."JudgeName", h."NextHearingDate", h."Notes", h."ReminderSent", h."Result", h."Status", h."UpdatedAt", c0."Id", c0."ActsAndSections", c0."AppealStatus", c0."AssignedLawyerId", c0."Bench", c0."BillingMethod", c0."BudgetLimit", c0."CaseNumber", c0."CaseTemplateId", c0."CaseType", c0."ChamberId", c0."ClosingDate", c0."ComplexityScore", c0."CourtName", c0."CreatedAt", c0."CriticalDeadlines", c0."Department", c0."Description", c0."ExpenseBudget", c0."FilingDate", c0."FirNumber", c0."FixedFee", c0."GdNumber", c0."HourlyRate", c0."InternalNotes", c0."IsDeleted", c0."JudgeName", c0."Jurisdiction", c0."LimitationExpiry", c0."NextHearingDate", c0."Opponent", c0."OpposingLawyer", c0."PoliceStation", c0."PracticeArea", c0."Priority", c0."Prosecutor", c0."RetainerAmount", c0."RiskLevel", c0."Status", c0."TeamId", c0."Title", c0."UpdatedAt", c0."WorkflowTemplateId"
FROM "Hearings" AS h
INNER JOIN (
    SELECT c."Id", c."ActsAndSections", c."AppealStatus", c."AssignedLawyerId", c."Bench", c."BillingMethod", c."BudgetLimit", c."CaseNumber", c."CaseTemplateId", c."CaseType", c."ChamberId", c."ClosingDate", c."ComplexityScore", c."CourtName", c."CreatedAt", c."CriticalDeadlines", c."Department", c."Description", c."ExpenseBudget", c."FilingDate", c."FirNumber", c."FixedFee", c."GdNumber", c."HourlyRate", c."InternalNotes", c."IsDeleted", c."JudgeName", c."Jurisdiction", c."LimitationExpiry", c."NextHearingDate", c."Opponent", c."OpposingLawyer", c."PoliceStation", c."PracticeArea", c."Priority", c."Prosecutor", c."RetainerAmount", c."RiskLevel", c."Status", c."TeamId", c."Title", c."UpdatedAt", c."WorkflowTemplateId"
    FROM "Cases" AS c
    WHERE NOT (c."IsDeleted")
) AS c0 ON h."CaseId" = c0."Id"
WHERE NOT (h."IsDeleted") AND c0."ChamberId" = @chamberId AND c0."AssignedLawyerId" = @user_Id AND NOT (h."IsDeleted") AND h."HearingDate" > @now
2026-06-06 17:28:20.262 +06:00 [INF] Executed DbCommand (2ms) [Parameters=[@chamberId='?' (DbType = Guid), @user_Id='?' (DbType = Guid), @now='?' (DbType = DateTime)], CommandType='"Text"', CommandTimeout='30']
SELECT t."Id", t."ActualHours", t."AssignedBy", t."AssignedTo", t."CaseId", t."ChamberId", t."CompletedAt", t."CreatedAt", t."Description", t."DueDate", t."EstimatedHours", t."IsDeleted", t."IsRecurring", t."Priority", t."RecurrenceInterval", t."RecurrencePattern", t."SortOrder", t."Status", t."Title", t."UpdatedAt"
FROM "Tasks" AS t
WHERE NOT (t."IsDeleted") AND t."ChamberId" = @chamberId AND NOT (t."IsDeleted") AND t."AssignedTo" = @user_Id AND t."Status" = 'Pending' AND t."DueDate" < @now
2026-06-06 17:28:20.266 +06:00 [INF] Executed DbCommand (2ms) [Parameters=[@chamberId='?' (DbType = Guid), @now='?' (DbType = DateTime)], CommandType='"Text"', CommandTimeout='30']
SELECT i."Id", i."Amount", i."CaseId", i."ClientId", i."CreatedAt", i."Currency", i."Description", i."DueDate", i."InvoiceNumber", i."IsDeleted", i."PaidAt", i."Status", i."UpdatedAt", c0."Id", c0."ActsAndSections", c0."AppealStatus", c0."AssignedLawyerId", c0."Bench", c0."BillingMethod", c0."BudgetLimit", c0."CaseNumber", c0."CaseTemplateId", c0."CaseType", c0."ChamberId", c0."ClosingDate", c0."ComplexityScore", c0."CourtName", c0."CreatedAt", c0."CriticalDeadlines", c0."Department", c0."Description", c0."ExpenseBudget", c0."FilingDate", c0."FirNumber", c0."FixedFee", c0."GdNumber", c0."HourlyRate", c0."InternalNotes", c0."IsDeleted", c0."JudgeName", c0."Jurisdiction", c0."LimitationExpiry", c0."NextHearingDate", c0."Opponent", c0."OpposingLawyer", c0."PoliceStation", c0."PracticeArea", c0."Priority", c0."Prosecutor", c0."RetainerAmount", c0."RiskLevel", c0."Status", c0."TeamId", c0."Title", c0."UpdatedAt", c0."WorkflowTemplateId"
FROM "Invoices" AS i
LEFT JOIN (
    SELECT c."Id", c."ActsAndSections", c."AppealStatus", c."AssignedLawyerId", c."Bench", c."BillingMethod", c."BudgetLimit", c."CaseNumber", c."CaseTemplateId", c."CaseType", c."ChamberId", c."ClosingDate", c."ComplexityScore", c."CourtName", c."CreatedAt", c."CriticalDeadlines", c."Department", c."Description", c."ExpenseBudget", c."FilingDate", c."FirNumber", c."FixedFee", c."GdNumber", c."HourlyRate", c."InternalNotes", c."IsDeleted", c."JudgeName", c."Jurisdiction", c."LimitationExpiry", c."NextHearingDate", c."Opponent", c."OpposingLawyer", c."PoliceStation", c."PracticeArea", c."Priority", c."Prosecutor", c."RetainerAmount", c."RiskLevel", c."Status", c."TeamId", c."Title", c."UpdatedAt", c."WorkflowTemplateId"
    FROM "Cases" AS c
    WHERE NOT (c."IsDeleted")
) AS c0 ON i."CaseId" = c0."Id"
WHERE NOT (i."IsDeleted") AND c0."Id" IS NOT NULL AND c0."ChamberId" = @chamberId AND NOT (i."IsDeleted") AND i."DueDate" IS NOT NULL AND i."DueDate" < @now AND i."Status" = 'Pending'
2026-06-06 17:28:20.270 +06:00 [INF] Executed DbCommand (1ms) [Parameters=[@chamberId='?' (DbType = Guid), @user_Id='?' (DbType = Guid)], CommandType='"Text"', CommandTimeout='30']
SELECT l."Id", l."AssignedLawyerId", l."AttachmentsJson", l."CaseType", l."ChamberId", l."CompanyName", l."ConvertedAt", l."CreatedAt", l."Email", l."EstimatedValue", l."FollowUpDate", l."IsDeleted", l."LastContactedAt", l."LeadSource", l."LostReason", l."Name", l."Notes", l."Phone", l."Score", l."Stage", l."UpdatedAt"
FROM "Leads" AS l
WHERE NOT (l."IsDeleted") AND l."ChamberId" = @chamberId AND NOT (l."IsDeleted") AND l."AssignedLawyerId" = @user_Id AND l."Stage" <> 'ConvertedToClient' AND l."Stage" <> 'LostLead' AND l."LastContactedAt" IS NOT NULL
2026-06-06 17:28:20.273 +06:00 [INF] Executed DbCommand (1ms) [Parameters=[@chamberId='?' (DbType = Guid), @user_Id='?' (DbType = Guid)], CommandType='"Text"', CommandTimeout='30']
SELECT c."Id", c."ActsAndSections", c."AppealStatus", c."AssignedLawyerId", c."Bench", c."BillingMethod", c."BudgetLimit", c."CaseNumber", c."CaseTemplateId", c."CaseType", c."ChamberId", c."ClosingDate", c."ComplexityScore", c."CourtName", c."CreatedAt", c."CriticalDeadlines", c."Department", c."Description", c."ExpenseBudget", c."FilingDate", c."FirNumber", c."FixedFee", c."GdNumber", c."HourlyRate", c."InternalNotes", c."IsDeleted", c."JudgeName", c."Jurisdiction", c."LimitationExpiry", c."NextHearingDate", c."Opponent", c."OpposingLawyer", c."PoliceStation", c."PracticeArea", c."Priority", c."Prosecutor", c."RetainerAmount", c."RiskLevel", c."Status", c."TeamId", c."Title", c."UpdatedAt", c."WorkflowTemplateId"
FROM "Cases" AS c
WHERE NOT (c."IsDeleted") AND c."ChamberId" = @chamberId AND NOT (c."IsDeleted") AND c."AssignedLawyerId" = @user_Id AND c."Status" <> 'Closed'
2026-06-06 17:28:20.276 +06:00 [INF] Executed DbCommand (1ms) [Parameters=[@chamberId='?' (DbType = Guid), @user_Id='?' (DbType = Guid), @todayStart='?' (DbType = DateTime), @AddDays='?' (DbType = DateTime)], CommandType='"Text"', CommandTimeout='30']
SELECT COALESCE(sum(t."DurationMinutes"), 0.0)
FROM "TimeEntries" AS t
WHERE NOT (t."IsDeleted") AND t."ChamberId" = @chamberId AND t."UserId" = @user_Id AND t."StartTime" >= @todayStart AND t."StartTime" < @AddDays
2026-06-06 17:28:20.278 +06:00 [INF] Executed DbCommand (1ms) [Parameters=[@chamberId='?' (DbType = Guid), @user_Id='?' (DbType = Guid), @weekStart='?' (DbType = DateTime)], CommandType='"Text"', CommandTimeout='30']
SELECT COALESCE(sum(t."DurationMinutes"), 0.0)
FROM "TimeEntries" AS t
WHERE NOT (t."IsDeleted") AND t."ChamberId" = @chamberId AND t."UserId" = @user_Id AND t."StartTime" >= @weekStart
2026-06-06 17:31:48.388 +06:00 [INF] Executed DbCommand (71ms) [Parameters=[], CommandType='"Text"', CommandTimeout='30']
SELECT CASE WHEN COUNT(*) = 0 THEN FALSE ELSE TRUE END
FROM pg_class AS cls
JOIN pg_namespace AS ns ON ns.oid = cls.relnamespace
WHERE
        cls.relkind IN ('r', 'v', 'm', 'f', 'p') AND
        ns.nspname NOT IN ('pg_catalog', 'information_schema') AND
        -- Exclude tables which are members of PG extensions
        NOT EXISTS (
            SELECT 1 FROM pg_depend WHERE
                classid=(
                    SELECT cls.oid
                    FROM pg_class AS cls
                             JOIN pg_namespace AS ns ON ns.oid = cls.relnamespace
                    WHERE relname='pg_class' AND ns.nspname='pg_catalog'
                ) AND
                objid=cls.oid AND
                deptype IN ('e', 'x')
        )
2026-06-06 17:31:48.489 +06:00 [INF] Executed DbCommand (11ms) [Parameters=[], CommandType='"Text"', CommandTimeout='30']
ALTER TABLE "Users" ADD COLUMN IF NOT EXISTS "TwoFactorEnabled" boolean NOT NULL DEFAULT false;
ALTER TABLE "Users" ADD COLUMN IF NOT EXISTS "TwoFactorSecret" character varying(256);
ALTER TABLE "Users" ADD COLUMN IF NOT EXISTS "TwoFactorVerifiedAt" timestamp with time zone;
ALTER TABLE "Users" ADD COLUMN IF NOT EXISTS "LoginAttempts" integer NOT NULL DEFAULT 0;
ALTER TABLE "Users" ADD COLUMN IF NOT EXISTS "LockoutEnd" timestamp with time zone;
ALTER TABLE "Users" ADD COLUMN IF NOT EXISTS "LastLoginAt" timestamp with time zone;
ALTER TABLE "Users" ADD COLUMN IF NOT EXISTS "LastLoginIp" character varying(50);
ALTER TABLE "Users" ADD COLUMN IF NOT EXISTS "ClientId" uuid;
2026-06-06 17:31:48.495 +06:00 [INF] Executed DbCommand (4ms) [Parameters=[], CommandType='"Text"', CommandTimeout='30']
ALTER TABLE "Documents" ADD COLUMN IF NOT EXISTS "StorageProvider" character varying(50) NOT NULL DEFAULT 'Local';
ALTER TABLE "Documents" ADD COLUMN IF NOT EXISTS "StorageKey" character varying(500);
ALTER TABLE "Documents" ADD COLUMN IF NOT EXISTS "Version" integer NOT NULL DEFAULT 1;
ALTER TABLE "Documents" ADD COLUMN IF NOT EXISTS "Visibility" character varying(50) NOT NULL DEFAULT 'InternalOnly';
ALTER TABLE "Documents" ADD COLUMN IF NOT EXISTS "SharedWithClientId" uuid;
2026-06-06 17:31:48.504 +06:00 [INF] Executed DbCommand (6ms) [Parameters=[], CommandType='"Text"', CommandTimeout='30']
ALTER TABLE "Clients" ADD COLUMN IF NOT EXISTS "ClientType" character varying(100);
ALTER TABLE "Clients" ADD COLUMN IF NOT EXISTS "ClientCode" character varying(100);
ALTER TABLE "Clients" ADD COLUMN IF NOT EXISTS "PassportNumber" character varying(50);
ALTER TABLE "Clients" ADD COLUMN IF NOT EXISTS "DateOfBirth" timestamp with time zone;
ALTER TABLE "Clients" ADD COLUMN IF NOT EXISTS "Gender" character varying(20);
ALTER TABLE "Clients" ADD COLUMN IF NOT EXISTS "Occupation" character varying(200);
ALTER TABLE "Clients" ADD COLUMN IF NOT EXISTS "Nationality" character varying(100);
ALTER TABLE "Clients" ADD COLUMN IF NOT EXISTS "TradeLicense" character varying(200);
ALTER TABLE "Clients" ADD COLUMN IF NOT EXISTS "RegistrationNumber" character varying(200);
ALTER TABLE "Clients" ADD COLUMN IF NOT EXISTS "TaxVatNumber" character varying(200);
ALTER TABLE "Clients" ADD COLUMN IF NOT EXISTS "AuthorizedRepresentative" character varying(500);
ALTER TABLE "Clients" ADD COLUMN IF NOT EXISTS "Tags" character varying(1000);
ALTER TABLE "Clients" ADD COLUMN IF NOT EXISTS "RiskLevel" character varying(20);
ALTER TABLE "Clients" ADD COLUMN IF NOT EXISTS "ClientCategory" character varying(100);
ALTER TABLE "Clients" ADD COLUMN IF NOT EXISTS "BillingPreference" character varying(100);
ALTER TABLE "Clients" ADD COLUMN IF NOT EXISTS "PaymentTerms" character varying(100);
ALTER TABLE "Clients" ADD COLUMN IF NOT EXISTS "CreditLimit" numeric;
ALTER TABLE "Clients" ADD COLUMN IF NOT EXISTS "PreferredContactMethod" character varying(50);
ALTER TABLE "Clients" ADD COLUMN IF NOT EXISTS "WhatsAppNumber" character varying(50);
ALTER TABLE "Clients" ADD COLUMN IF NOT EXISTS "SecondaryPhone" character varying(50);
ALTER TABLE "Clients" ADD COLUMN IF NOT EXISTS "EmergencyContact" character varying(500);
ALTER TABLE "Clients" ADD COLUMN IF NOT EXISTS "IsBlacklisted" boolean NOT NULL DEFAULT false;
ALTER TABLE "Clients" ADD COLUMN IF NOT EXISTS "UserId" uuid;
2026-06-06 17:31:48.513 +06:00 [INF] Executed DbCommand (6ms) [Parameters=[], CommandType='"Text"', CommandTimeout='30']
ALTER TABLE "Cases" ADD COLUMN IF NOT EXISTS "ActsAndSections" character varying(1000);
ALTER TABLE "Cases" ADD COLUMN IF NOT EXISTS "FirNumber" character varying(100);
ALTER TABLE "Cases" ADD COLUMN IF NOT EXISTS "PoliceStation" character varying(200);
ALTER TABLE "Cases" ADD COLUMN IF NOT EXISTS "ClosingDate" timestamp with time zone;
ALTER TABLE "Cases" ADD COLUMN IF NOT EXISTS "GdNumber" character varying(100);
ALTER TABLE "Cases" ADD COLUMN IF NOT EXISTS "JudgeName" character varying(200);
ALTER TABLE "Cases" ADD COLUMN IF NOT EXISTS "Bench" character varying(200);
ALTER TABLE "Cases" ADD COLUMN IF NOT EXISTS "Prosecutor" character varying(200);
ALTER TABLE "Cases" ADD COLUMN IF NOT EXISTS "OpposingLawyer" character varying(200);
ALTER TABLE "Cases" ADD COLUMN IF NOT EXISTS "Jurisdiction" character varying(200);
ALTER TABLE "Cases" ADD COLUMN IF NOT EXISTS "AppealStatus" character varying(100);
ALTER TABLE "Cases" ADD COLUMN IF NOT EXISTS "RiskLevel" character varying(20);
ALTER TABLE "Cases" ADD COLUMN IF NOT EXISTS "ComplexityScore" integer;
ALTER TABLE "Cases" ADD COLUMN IF NOT EXISTS "PracticeArea" character varying(200);
ALTER TABLE "Cases" ADD COLUMN IF NOT EXISTS "Department" character varying(200);
ALTER TABLE "Cases" ADD COLUMN IF NOT EXISTS "InternalNotes" character varying(4000);
ALTER TABLE "Cases" ADD COLUMN IF NOT EXISTS "RetainerAmount" numeric;
ALTER TABLE "Cases" ADD COLUMN IF NOT EXISTS "BillingMethod" character varying(50);
ALTER TABLE "Cases" ADD COLUMN IF NOT EXISTS "FixedFee" numeric;
ALTER TABLE "Cases" ADD COLUMN IF NOT EXISTS "HourlyRate" numeric;
ALTER TABLE "Cases" ADD COLUMN IF NOT EXISTS "BudgetLimit" numeric;
ALTER TABLE "Cases" ADD COLUMN IF NOT EXISTS "ExpenseBudget" numeric;
ALTER TABLE "Cases" ADD COLUMN IF NOT EXISTS "NextHearingDate" timestamp with time zone;
ALTER TABLE "Cases" ADD COLUMN IF NOT EXISTS "CriticalDeadlines" character varying(2000);
ALTER TABLE "Cases" ADD COLUMN IF NOT EXISTS "LimitationExpiry" timestamp with time zone;
ALTER TABLE "Cases" ADD COLUMN IF NOT EXISTS "CaseTemplateId" uuid;
ALTER TABLE "Cases" ADD COLUMN IF NOT EXISTS "WorkflowTemplateId" uuid;
2026-06-06 17:31:48.517 +06:00 [INF] Executed DbCommand (2ms) [Parameters=[], CommandType='"Text"', CommandTimeout='30']
ALTER TABLE "ClientCases" ADD COLUMN IF NOT EXISTS "Role" character varying(100);
2026-06-06 17:31:48.520 +06:00 [INF] Executed DbCommand (2ms) [Parameters=[], CommandType='"Text"', CommandTimeout='30']
ALTER TABLE "CaseActivities" ADD COLUMN IF NOT EXISTS "IsClientVisible" boolean NOT NULL DEFAULT true;
2026-06-06 17:31:48.522 +06:00 [INF] Executed DbCommand (2ms) [Parameters=[], CommandType='"Text"', CommandTimeout='30']
CREATE TABLE IF NOT EXISTS "ChamberSettings" (
    "Id" uuid NOT NULL,
    "ChamberId" uuid NOT NULL,
    "SettingsJson" jsonb NOT NULL,
    "UpdatedBy" uuid,
    "CreatedAt" timestamp with time zone NOT NULL,
    "UpdatedAt" timestamp with time zone,
    "IsDeleted" boolean NOT NULL DEFAULT false,
    CONSTRAINT "PK_ChamberSettings" PRIMARY KEY ("Id"),
    CONSTRAINT "FK_ChamberSettings_Chambers_ChamberId" FOREIGN KEY ("ChamberId") REFERENCES "Chambers"("Id") ON DELETE CASCADE,
    CONSTRAINT "FK_ChamberSettings_Users_UpdatedBy" FOREIGN KEY ("UpdatedBy") REFERENCES "Users"("Id") ON DELETE SET NULL
);
CREATE UNIQUE INDEX IF NOT EXISTS "IX_ChamberSettings_ChamberId" ON "ChamberSettings"("ChamberId");
2026-06-06 17:31:48.525 +06:00 [INF] Executed DbCommand (2ms) [Parameters=[], CommandType='"Text"', CommandTimeout='30']
CREATE TABLE IF NOT EXISTS "LegalSections" (
    "Id" uuid NOT NULL,
    "SectionCode" character varying(50) NOT NULL,
    "SectionTitle" character varying(500) NOT NULL,
    "LawName" character varying(255) NOT NULL,
    "Country" character varying(100),
    "Category" character varying(100),
    "Description" character varying(4000),
    "Severity" character varying(20),
    "IsActive" boolean NOT NULL DEFAULT true,
    "ChamberId" uuid NOT NULL,
    "CreatedAt" timestamp with time zone NOT NULL,
    "UpdatedAt" timestamp with time zone,
    "IsDeleted" boolean NOT NULL DEFAULT false,
    CONSTRAINT "PK_LegalSections" PRIMARY KEY ("Id"),
    CONSTRAINT "FK_LegalSections_Chambers_ChamberId" FOREIGN KEY ("ChamberId") REFERENCES "Chambers"("Id") ON DELETE RESTRICT
);
CREATE INDEX IF NOT EXISTS "IX_LegalSections_SectionCode" ON "LegalSections"("SectionCode");
2026-06-06 17:31:48.527 +06:00 [INF] Executed DbCommand (1ms) [Parameters=[], CommandType='"Text"', CommandTimeout='30']
CREATE TABLE IF NOT EXISTS "WorkflowTemplates" (
    "Id" uuid NOT NULL,
    "ChamberId" uuid NOT NULL,
    "Name" character varying(255) NOT NULL,
    "Description" character varying(2000),
    "IsDefault" boolean NOT NULL DEFAULT false,
    "CreatedAt" timestamp with time zone NOT NULL,
    "UpdatedAt" timestamp with time zone,
    "IsDeleted" boolean NOT NULL DEFAULT false,
    CONSTRAINT "PK_WorkflowTemplates" PRIMARY KEY ("Id"),
    CONSTRAINT "FK_WorkflowTemplates_Chambers_ChamberId" FOREIGN KEY ("ChamberId") REFERENCES "Chambers"("Id") ON DELETE CASCADE
);
2026-06-06 17:31:48.530 +06:00 [INF] Executed DbCommand (2ms) [Parameters=[], CommandType='"Text"', CommandTimeout='30']
CREATE TABLE IF NOT EXISTS "WorkflowTemplateSections" (
    "Id" uuid NOT NULL,
    "TemplateId" uuid NOT NULL,
    "LegalSectionId" uuid NOT NULL,
    "DisplayOrder" integer NOT NULL,
    "CreatedAt" timestamp with time zone NOT NULL,
    "UpdatedAt" timestamp with time zone,
    "IsDeleted" boolean NOT NULL DEFAULT false,
    CONSTRAINT "PK_WorkflowTemplateSections" PRIMARY KEY ("Id"),
    CONSTRAINT "FK_WorkflowTemplateSections_WorkflowTemplates_TemplateId" FOREIGN KEY ("TemplateId") REFERENCES "WorkflowTemplates"("Id") ON DELETE CASCADE,
    CONSTRAINT "FK_WorkflowTemplateSections_LegalSections_LegalSectionId" FOREIGN KEY ("LegalSectionId") REFERENCES "LegalSections"("Id") ON DELETE RESTRICT
);
CREATE UNIQUE INDEX IF NOT EXISTS "IX_WorkflowTemplateSections_TemplateId_LegalSectionId" ON "WorkflowTemplateSections"("TemplateId", "LegalSectionId");
2026-06-06 17:31:48.533 +06:00 [INF] Executed DbCommand (2ms) [Parameters=[], CommandType='"Text"', CommandTimeout='30']
CREATE TABLE IF NOT EXISTS "CaseLegalSections" (
    "Id" uuid NOT NULL,
    "CaseId" uuid NOT NULL,
    "LegalSectionId" uuid NOT NULL,
    "CreatedAt" timestamp with time zone NOT NULL,
    "UpdatedAt" timestamp with time zone,
    "IsDeleted" boolean NOT NULL DEFAULT false,
    CONSTRAINT "PK_CaseLegalSections" PRIMARY KEY ("Id"),
    CONSTRAINT "FK_CaseLegalSections_Cases_CaseId" FOREIGN KEY ("CaseId") REFERENCES "Cases"("Id") ON DELETE CASCADE,
    CONSTRAINT "FK_CaseLegalSections_LegalSections_LegalSectionId" FOREIGN KEY ("LegalSectionId") REFERENCES "LegalSections"("Id") ON DELETE RESTRICT
);
CREATE UNIQUE INDEX IF NOT EXISTS "IX_CaseLegalSections_CaseId_LegalSectionId" ON "CaseLegalSections"("CaseId", "LegalSectionId");
2026-06-06 17:31:48.539 +06:00 [INF] Executed DbCommand (4ms) [Parameters=[], CommandType='"Text"', CommandTimeout='30']
ALTER TABLE "LegalProcedures" ADD COLUMN IF NOT EXISTS "StepNumber" integer NOT NULL DEFAULT 0;
ALTER TABLE "LegalProcedures" ADD COLUMN IF NOT EXISTS "Title" character varying(500) NOT NULL DEFAULT '';
ALTER TABLE "LegalProcedures" ADD COLUMN IF NOT EXISTS "RecommendedTimeline" character varying(200);
ALTER TABLE "LegalProcedures" ADD COLUMN IF NOT EXISTS "ResponsibleRole" character varying(50);
ALTER TABLE "LegalProcedures" ADD COLUMN IF NOT EXISTS "IsMandatory" boolean NOT NULL DEFAULT false;
2026-06-06 17:31:48.553 +06:00 [INF] Executed DbCommand (13ms) [Parameters=[], CommandType='"Text"', CommandTimeout='30']
DO $$
BEGIN
    IF EXISTS (SELECT FROM information_schema.columns WHERE table_schema = 'public' AND table_name = 'LegalProcedures' AND column_name = 'Name') THEN
        UPDATE "LegalProcedures" SET "Title" = "Name" WHERE "Title" = '' AND "Name" IS NOT NULL AND "Name" <> '';
    END IF;
    IF EXISTS (SELECT FROM information_schema.columns WHERE table_schema = 'public' AND table_name = 'LegalProcedures' AND column_name = 'Timeline') THEN
        UPDATE "LegalProcedures" SET "RecommendedTimeline" = "Timeline" WHERE "RecommendedTimeline" IS NULL AND "Timeline" IS NOT NULL;
    END IF;
END $$;
2026-06-06 17:31:48.555 +06:00 [INF] Executed DbCommand (1ms) [Parameters=[], CommandType='"Text"', CommandTimeout='30']
CREATE TABLE IF NOT EXISTS "LegalProcedures" (
    "Id" uuid NOT NULL,
    "LegalSectionId" uuid NOT NULL,
    "StepNumber" integer NOT NULL DEFAULT 0,
    "Title" character varying(500) NOT NULL,
    "Description" character varying(4000),
    "RequiredDocuments" character varying(2000),
    "RecommendedTimeline" character varying(200),
    "ResponsibleRole" character varying(50),
    "IsMandatory" boolean NOT NULL DEFAULT false,
    "CreatedAt" timestamp with time zone NOT NULL,
    "UpdatedAt" timestamp with time zone,
    "IsDeleted" boolean NOT NULL DEFAULT false,
    CONSTRAINT "PK_LegalProcedures" PRIMARY KEY ("Id"),
    CONSTRAINT "FK_LegalProcedures_LegalSections_LegalSectionId" FOREIGN KEY ("LegalSectionId") REFERENCES "LegalSections"("Id") ON DELETE CASCADE
);
2026-06-06 17:31:48.559 +06:00 [INF] Executed DbCommand (3ms) [Parameters=[], CommandType='"Text"', CommandTimeout='30']
ALTER TABLE "CaseLegalProcedures" ADD COLUMN IF NOT EXISTS "LegalProcedureId" uuid NOT NULL DEFAULT '00000000-0000-0000-0000-000000000000';
ALTER TABLE "CaseLegalProcedures" ADD COLUMN IF NOT EXISTS "IsCompleted" boolean NOT NULL DEFAULT false;
ALTER TABLE "CaseLegalProcedures" ADD COLUMN IF NOT EXISTS "CompletedBy" character varying(200);
2026-06-06 17:31:48.561 +06:00 [INF] Executed DbCommand (1ms) [Parameters=[], CommandType='"Text"', CommandTimeout='30']
CREATE TABLE IF NOT EXISTS "CaseLegalProcedures" (
    "Id" uuid NOT NULL,
    "CaseLegalSectionId" uuid NOT NULL,
    "LegalProcedureId" uuid NOT NULL,
    "IsCompleted" boolean NOT NULL DEFAULT false,
    "CompletedAt" timestamp with time zone,
    "CompletedBy" character varying(200),
    "Notes" character varying(4000),
    "CreatedAt" timestamp with time zone NOT NULL,
    "UpdatedAt" timestamp with time zone,
    "IsDeleted" boolean NOT NULL DEFAULT false,
    CONSTRAINT "PK_CaseLegalProcedures" PRIMARY KEY ("Id"),
    CONSTRAINT "FK_CaseLegalProcedures_CaseLegalSections_CaseLegalSectionId" FOREIGN KEY ("CaseLegalSectionId") REFERENCES "CaseLegalSections"("Id") ON DELETE CASCADE,
    CONSTRAINT "FK_CaseLegalProcedures_LegalProcedures_LegalProcedureId" FOREIGN KEY ("LegalProcedureId") REFERENCES "LegalProcedures"("Id") ON DELETE RESTRICT
);
2026-06-06 17:31:48.563 +06:00 [INF] Executed DbCommand (1ms) [Parameters=[], CommandType='"Text"', CommandTimeout='30']
CREATE TABLE IF NOT EXISTS "Bails" (
    "Id" uuid NOT NULL,
    "CaseId" uuid NOT NULL,
    "Status" character varying(20) NOT NULL DEFAULT 'Pending',
    "BailAmount" numeric(18,2),
    "BailConditions" character varying(2000),
    "BailGrantedAt" timestamp with time zone,
    "BailHearingDate" timestamp with time zone,
    "BondNumber" character varying(100),
    "SuretyName" character varying(255),
    "SuretyAddress" character varying(500),
    "SuretyContact" character varying(50),
    "RevokedAt" timestamp with time zone,
    "RevokedReason" character varying(2000),
    "GrantedBy" character varying(255),
    "Notes" character varying(2000),
    "CreatedAt" timestamp with time zone NOT NULL,
    "UpdatedAt" timestamp with time zone,
    "IsDeleted" boolean NOT NULL DEFAULT false,
    CONSTRAINT "PK_Bails" PRIMARY KEY ("Id"),
    CONSTRAINT "FK_Bails_Cases_CaseId" FOREIGN KEY ("CaseId") REFERENCES "Cases"("Id") ON DELETE CASCADE
);
2026-06-06 17:31:48.566 +06:00 [INF] Executed DbCommand (1ms) [Parameters=[], CommandType='"Text"', CommandTimeout='30']
CREATE TABLE IF NOT EXISTS "Leads" (
    "Id" uuid NOT NULL,
    "ChamberId" uuid NOT NULL,
    "Name" character varying(500) NOT NULL,
    "Phone" character varying(50) NOT NULL,
    "Email" character varying(320) NOT NULL,
    "CompanyName" character varying(500),
    "CaseType" character varying(200),
    "EstimatedValue" numeric NOT NULL DEFAULT 0,
    "LeadSource" character varying(200) NOT NULL DEFAULT '',
    "Stage" character varying(100) NOT NULL DEFAULT 'NewLead',
    "AssignedLawyerId" uuid,
    "Notes" text,
    "AttachmentsJson" text,
    "FollowUpDate" timestamp with time zone,
    "LastContactedAt" timestamp with time zone,
    "Score" integer NOT NULL DEFAULT 0,
    "ConvertedAt" timestamp with time zone NOT NULL DEFAULT '-infinity',
    "LostReason" character varying(1000),
    "CreatedAt" timestamp with time zone NOT NULL,
    "UpdatedAt" timestamp with time zone,
    "IsDeleted" boolean NOT NULL DEFAULT false,
    CONSTRAINT "PK_Leads" PRIMARY KEY ("Id"),
    CONSTRAINT "FK_Leads_Chambers_ChamberId" FOREIGN KEY ("ChamberId") REFERENCES "Chambers"("Id") ON DELETE CASCADE,
    CONSTRAINT "FK_Leads_Users_AssignedLawyerId" FOREIGN KEY ("AssignedLawyerId") REFERENCES "Users"("Id") ON DELETE SET NULL
);
2026-06-06 17:31:48.569 +06:00 [INF] Executed DbCommand (2ms) [Parameters=[], CommandType='"Text"', CommandTimeout='30']
CREATE TABLE IF NOT EXISTS "TimeEntries" (
    "Id" uuid NOT NULL,
    "UserId" uuid NOT NULL,
    "ClientId" uuid,
    "CaseId" uuid,
    "TaskId" uuid,
    "InvoiceId" uuid,
    "Description" character varying(2000) NOT NULL DEFAULT '',
    "Category" character varying(100) NOT NULL DEFAULT 'General',
    "StartTime" timestamp with time zone NOT NULL,
    "EndTime" timestamp with time zone,
    "DurationMinutes" double precision NOT NULL DEFAULT 0,
    "HourlyRate" numeric NOT NULL DEFAULT 0,
    "Billable" boolean NOT NULL DEFAULT true,
    "Status" character varying(50) NOT NULL DEFAULT 'Running',
    "ChamberId" uuid NOT NULL,
    "CreatedAt" timestamp with time zone NOT NULL,
    "UpdatedAt" timestamp with time zone,
    "IsDeleted" boolean NOT NULL DEFAULT false,
    CONSTRAINT "PK_TimeEntries" PRIMARY KEY ("Id"),
    CONSTRAINT "FK_TimeEntries_Users_UserId" FOREIGN KEY ("UserId") REFERENCES "Users"("Id") ON DELETE CASCADE,
    CONSTRAINT "FK_TimeEntries_Cases_CaseId" FOREIGN KEY ("CaseId") REFERENCES "Cases"("Id") ON DELETE SET NULL,
    CONSTRAINT "FK_TimeEntries_Tasks_TaskId" FOREIGN KEY ("TaskId") REFERENCES "Tasks"("Id") ON DELETE SET NULL,
    CONSTRAINT "FK_TimeEntries_Invoices_InvoiceId" FOREIGN KEY ("InvoiceId") REFERENCES "Invoices"("Id") ON DELETE SET NULL,
    CONSTRAINT "FK_TimeEntries_Clients_ClientId" FOREIGN KEY ("ClientId") REFERENCES "Clients"("Id") ON DELETE SET NULL,
    CONSTRAINT "FK_TimeEntries_Chambers_ChamberId" FOREIGN KEY ("ChamberId") REFERENCES "Chambers"("Id") ON DELETE CASCADE
);
2026-06-06 17:31:48.574 +06:00 [INF] Executed DbCommand (2ms) [Parameters=[], CommandType='"Text"', CommandTimeout='30']
CREATE TABLE IF NOT EXISTS "Messages" (
    "Id" uuid NOT NULL,
    "SenderId" uuid NOT NULL,
    "ReceiverId" uuid NOT NULL,
    "CaseId" uuid,
    "Content" text NOT NULL DEFAULT '',
    "AttachmentUrl" character varying(2000),
    "AttachmentFileName" character varying(500),
    "IsRead" boolean NOT NULL DEFAULT false,
    "ReadAt" timestamp with time zone,
    "IsClientVisible" boolean NOT NULL DEFAULT true,
    "CreatedAt" timestamp with time zone NOT NULL,
    "UpdatedAt" timestamp with time zone,
    "IsDeleted" boolean NOT NULL DEFAULT false,
    CONSTRAINT "PK_Messages" PRIMARY KEY ("Id"),
    CONSTRAINT "FK_Messages_Users_SenderId" FOREIGN KEY ("SenderId") REFERENCES "Users"("Id") ON DELETE CASCADE,
    CONSTRAINT "FK_Messages_Users_ReceiverId" FOREIGN KEY ("ReceiverId") REFERENCES "Users"("Id") ON DELETE CASCADE,
    CONSTRAINT "FK_Messages_Cases_CaseId" FOREIGN KEY ("CaseId") REFERENCES "Cases"("Id") ON DELETE SET NULL
);
2026-06-06 17:31:48.958 +06:00 [INF] Executed DbCommand (6ms) [Parameters=[], CommandType='"Text"', CommandTimeout='30']
SELECT EXISTS (
    SELECT 1
    FROM "Chambers" AS c
    WHERE c."Id" = 'c0000000-0000-0000-0000-000000000001')
2026-06-06 17:31:49.029 +06:00 [INF] Executed DbCommand (6ms) [Parameters=[@seed_Email='?'], CommandType='"Text"', CommandTimeout='30']
SELECT u."Id", u."AvatarUrl", u."BarCouncilId", u."ChamberId", u."ClientId", u."CreatedAt", u."Email", u."FullName", u."IsActive", u."IsDeleted", u."LastLoginAt", u."LastLoginIp", u."LockoutEnd", u."LoginAttempts", u."PasswordHash", u."Phone", u."RefreshToken", u."RefreshTokenExpiry", u."Role", u."Status", u."TwoFactorEnabled", u."TwoFactorSecret", u."TwoFactorVerifiedAt", u."UpdatedAt"
FROM "Users" AS u
WHERE u."Email" = @seed_Email
LIMIT 1
2026-06-06 17:31:49.191 +06:00 [INF] Executed DbCommand (2ms) [Parameters=[@seed_Email='?'], CommandType='"Text"', CommandTimeout='30']
SELECT u."Id", u."AvatarUrl", u."BarCouncilId", u."ChamberId", u."ClientId", u."CreatedAt", u."Email", u."FullName", u."IsActive", u."IsDeleted", u."LastLoginAt", u."LastLoginIp", u."LockoutEnd", u."LoginAttempts", u."PasswordHash", u."Phone", u."RefreshToken", u."RefreshTokenExpiry", u."Role", u."Status", u."TwoFactorEnabled", u."TwoFactorSecret", u."TwoFactorVerifiedAt", u."UpdatedAt"
FROM "Users" AS u
WHERE u."Email" = @seed_Email
LIMIT 1
2026-06-06 17:31:49.198 +06:00 [INF] Executed DbCommand (2ms) [Parameters=[], CommandType='"Text"', CommandTimeout='30']
SELECT EXISTS (
    SELECT 1
    FROM "Subscriptions" AS s
    WHERE s."Id" = 'b2c3d4e5-f6a7-8901-bcde-f12345678901')
2026-06-06 17:31:49.206 +06:00 [INF] Executed DbCommand (4ms) [Parameters=[], CommandType='"Text"', CommandTimeout='30']
SELECT EXISTS (
    SELECT 1
    FROM "Organizations" AS o
    WHERE o."Id" = 'd0000000-0000-0000-0000-000000000001')
2026-06-06 17:31:49.215 +06:00 [INF] Executed DbCommand (3ms) [Parameters=[], CommandType='"Text"', CommandTimeout='30']
SELECT EXISTS (
    SELECT 1
    FROM "OrganizationMembers" AS o
    WHERE o."OrganizationId" = 'd0000000-0000-0000-0000-000000000001' AND o."UserId" = 'a1b2c3d4-e5f6-7890-abcd-ef1234567890')
2026-06-06 17:31:49.290 +06:00 [INF] User profile is available. Using 'C:\Users\mdmah\AppData\Local\ASP.NET\DataProtection-Keys' as key repository and Windows DPAPI to encrypt keys at rest.
2026-06-06 17:31:49.317 +06:00 [INF] Reminder automation worker started
2026-06-06 17:31:49.368 +06:00 [INF] Executed DbCommand (2ms) [Parameters=[], CommandType='"Text"', CommandTimeout='30']
SELECT c."Id"
FROM "Chambers" AS c
WHERE NOT (c."IsDeleted")
2026-06-06 17:31:49.388 +06:00 [INF] Executed DbCommand (3ms) [Parameters=[@chamberId='?' (DbType = Guid)], CommandType='"Text"', CommandTimeout='30']
SELECT u."Id", u."AvatarUrl", u."BarCouncilId", u."ChamberId", u."ClientId", u."CreatedAt", u."Email", u."FullName", u."IsActive", u."IsDeleted", u."LastLoginAt", u."LastLoginIp", u."LockoutEnd", u."LoginAttempts", u."PasswordHash", u."Phone", u."RefreshToken", u."RefreshTokenExpiry", u."Role", u."Status", u."TwoFactorEnabled", u."TwoFactorSecret", u."TwoFactorVerifiedAt", u."UpdatedAt"
FROM "Users" AS u
WHERE NOT (u."IsDeleted") AND u."ChamberId" = @chamberId AND u."IsActive" AND NOT (u."IsDeleted")
2026-06-06 17:31:49.394 +06:00 [INF] Now listening on: http://localhost:5001
2026-06-06 17:31:49.395 +06:00 [INF] Application started. Press Ctrl+C to shut down.
2026-06-06 17:31:49.395 +06:00 [INF] Hosting environment: Development
2026-06-06 17:31:49.396 +06:00 [INF] Content root path: C:\Users\mdmah\Desktop\Verdiq\backend\Verdiq.API
2026-06-06 17:31:49.480 +06:00 [INF] Executed DbCommand (5ms) [Parameters=[@chamberId='?' (DbType = Guid), @user_Id='?' (DbType = Guid), @now='?' (DbType = DateTime)], CommandType='"Text"', CommandTimeout='30']
SELECT h."Id", h."CaseId", h."Courtroom", h."CreatedAt", h."HearingDate", h."IsDeleted", h."JudgeName", h."NextHearingDate", h."Notes", h."ReminderSent", h."Result", h."Status", h."UpdatedAt", c0."Id", c0."ActsAndSections", c0."AppealStatus", c0."AssignedLawyerId", c0."Bench", c0."BillingMethod", c0."BudgetLimit", c0."CaseNumber", c0."CaseTemplateId", c0."CaseType", c0."ChamberId", c0."ClosingDate", c0."ComplexityScore", c0."CourtName", c0."CreatedAt", c0."CriticalDeadlines", c0."Department", c0."Description", c0."ExpenseBudget", c0."FilingDate", c0."FirNumber", c0."FixedFee", c0."GdNumber", c0."HourlyRate", c0."InternalNotes", c0."IsDeleted", c0."JudgeName", c0."Jurisdiction", c0."LimitationExpiry", c0."NextHearingDate", c0."Opponent", c0."OpposingLawyer", c0."PoliceStation", c0."PracticeArea", c0."Priority", c0."Prosecutor", c0."RetainerAmount", c0."RiskLevel", c0."Status", c0."TeamId", c0."Title", c0."UpdatedAt", c0."WorkflowTemplateId"
FROM "Hearings" AS h
INNER JOIN (
    SELECT c."Id", c."ActsAndSections", c."AppealStatus", c."AssignedLawyerId", c."Bench", c."BillingMethod", c."BudgetLimit", c."CaseNumber", c."CaseTemplateId", c."CaseType", c."ChamberId", c."ClosingDate", c."ComplexityScore", c."CourtName", c."CreatedAt", c."CriticalDeadlines", c."Department", c."Description", c."ExpenseBudget", c."FilingDate", c."FirNumber", c."FixedFee", c."GdNumber", c."HourlyRate", c."InternalNotes", c."IsDeleted", c."JudgeName", c."Jurisdiction", c."LimitationExpiry", c."NextHearingDate", c."Opponent", c."OpposingLawyer", c."PoliceStation", c."PracticeArea", c."Priority", c."Prosecutor", c."RetainerAmount", c."RiskLevel", c."Status", c."TeamId", c."Title", c."UpdatedAt", c."WorkflowTemplateId"
    FROM "Cases" AS c
    WHERE NOT (c."IsDeleted")
) AS c0 ON h."CaseId" = c0."Id"
WHERE NOT (h."IsDeleted") AND c0."ChamberId" = @chamberId AND c0."AssignedLawyerId" = @user_Id AND NOT (h."IsDeleted") AND h."HearingDate" > @now
2026-06-06 17:31:49.511 +06:00 [INF] Executed DbCommand (3ms) [Parameters=[@chamberId='?' (DbType = Guid), @user_Id='?' (DbType = Guid), @now='?' (DbType = DateTime)], CommandType='"Text"', CommandTimeout='30']
SELECT t."Id", t."ActualHours", t."AssignedBy", t."AssignedTo", t."CaseId", t."ChamberId", t."CompletedAt", t."CreatedAt", t."Description", t."DueDate", t."EstimatedHours", t."IsDeleted", t."IsRecurring", t."Priority", t."RecurrenceInterval", t."RecurrencePattern", t."SortOrder", t."Status", t."Title", t."UpdatedAt"
FROM "Tasks" AS t
WHERE NOT (t."IsDeleted") AND t."ChamberId" = @chamberId AND NOT (t."IsDeleted") AND t."AssignedTo" = @user_Id AND t."Status" = 'Pending' AND t."DueDate" < @now
2026-06-06 17:31:49.545 +06:00 [INF] Executed DbCommand (3ms) [Parameters=[@chamberId='?' (DbType = Guid), @now='?' (DbType = DateTime)], CommandType='"Text"', CommandTimeout='30']
SELECT i."Id", i."Amount", i."CaseId", i."ClientId", i."CreatedAt", i."Currency", i."Description", i."DueDate", i."InvoiceNumber", i."IsDeleted", i."PaidAt", i."Status", i."UpdatedAt", c0."Id", c0."ActsAndSections", c0."AppealStatus", c0."AssignedLawyerId", c0."Bench", c0."BillingMethod", c0."BudgetLimit", c0."CaseNumber", c0."CaseTemplateId", c0."CaseType", c0."ChamberId", c0."ClosingDate", c0."ComplexityScore", c0."CourtName", c0."CreatedAt", c0."CriticalDeadlines", c0."Department", c0."Description", c0."ExpenseBudget", c0."FilingDate", c0."FirNumber", c0."FixedFee", c0."GdNumber", c0."HourlyRate", c0."InternalNotes", c0."IsDeleted", c0."JudgeName", c0."Jurisdiction", c0."LimitationExpiry", c0."NextHearingDate", c0."Opponent", c0."OpposingLawyer", c0."PoliceStation", c0."PracticeArea", c0."Priority", c0."Prosecutor", c0."RetainerAmount", c0."RiskLevel", c0."Status", c0."TeamId", c0."Title", c0."UpdatedAt", c0."WorkflowTemplateId"
FROM "Invoices" AS i
LEFT JOIN (
    SELECT c."Id", c."ActsAndSections", c."AppealStatus", c."AssignedLawyerId", c."Bench", c."BillingMethod", c."BudgetLimit", c."CaseNumber", c."CaseTemplateId", c."CaseType", c."ChamberId", c."ClosingDate", c."ComplexityScore", c."CourtName", c."CreatedAt", c."CriticalDeadlines", c."Department", c."Description", c."ExpenseBudget", c."FilingDate", c."FirNumber", c."FixedFee", c."GdNumber", c."HourlyRate", c."InternalNotes", c."IsDeleted", c."JudgeName", c."Jurisdiction", c."LimitationExpiry", c."NextHearingDate", c."Opponent", c."OpposingLawyer", c."PoliceStation", c."PracticeArea", c."Priority", c."Prosecutor", c."RetainerAmount", c."RiskLevel", c."Status", c."TeamId", c."Title", c."UpdatedAt", c."WorkflowTemplateId"
    FROM "Cases" AS c
    WHERE NOT (c."IsDeleted")
) AS c0 ON i."CaseId" = c0."Id"
WHERE NOT (i."IsDeleted") AND c0."Id" IS NOT NULL AND c0."ChamberId" = @chamberId AND NOT (i."IsDeleted") AND i."DueDate" IS NOT NULL AND i."DueDate" < @now AND i."Status" = 'Pending'
2026-06-06 17:31:49.564 +06:00 [INF] Executed DbCommand (3ms) [Parameters=[@chamberId='?' (DbType = Guid), @user_Id='?' (DbType = Guid)], CommandType='"Text"', CommandTimeout='30']
SELECT l."Id", l."AssignedLawyerId", l."AttachmentsJson", l."CaseType", l."ChamberId", l."CompanyName", l."ConvertedAt", l."CreatedAt", l."Email", l."EstimatedValue", l."FollowUpDate", l."IsDeleted", l."LastContactedAt", l."LeadSource", l."LostReason", l."Name", l."Notes", l."Phone", l."Score", l."Stage", l."UpdatedAt"
FROM "Leads" AS l
WHERE NOT (l."IsDeleted") AND l."ChamberId" = @chamberId AND NOT (l."IsDeleted") AND l."AssignedLawyerId" = @user_Id AND l."Stage" <> 'ConvertedToClient' AND l."Stage" <> 'LostLead' AND l."LastContactedAt" IS NOT NULL
2026-06-06 17:31:49.580 +06:00 [INF] Executed DbCommand (2ms) [Parameters=[@chamberId='?' (DbType = Guid), @user_Id='?' (DbType = Guid)], CommandType='"Text"', CommandTimeout='30']
SELECT c."Id", c."ActsAndSections", c."AppealStatus", c."AssignedLawyerId", c."Bench", c."BillingMethod", c."BudgetLimit", c."CaseNumber", c."CaseTemplateId", c."CaseType", c."ChamberId", c."ClosingDate", c."ComplexityScore", c."CourtName", c."CreatedAt", c."CriticalDeadlines", c."Department", c."Description", c."ExpenseBudget", c."FilingDate", c."FirNumber", c."FixedFee", c."GdNumber", c."HourlyRate", c."InternalNotes", c."IsDeleted", c."JudgeName", c."Jurisdiction", c."LimitationExpiry", c."NextHearingDate", c."Opponent", c."OpposingLawyer", c."PoliceStation", c."PracticeArea", c."Priority", c."Prosecutor", c."RetainerAmount", c."RiskLevel", c."Status", c."TeamId", c."Title", c."UpdatedAt", c."WorkflowTemplateId"
FROM "Cases" AS c
WHERE NOT (c."IsDeleted") AND c."ChamberId" = @chamberId AND NOT (c."IsDeleted") AND c."AssignedLawyerId" = @user_Id AND c."Status" <> 'Closed'
2026-06-06 17:31:49.614 +06:00 [INF] Executed DbCommand (3ms) [Parameters=[@chamberId='?' (DbType = Guid), @user_Id='?' (DbType = Guid), @todayStart='?' (DbType = DateTime), @AddDays='?' (DbType = DateTime)], CommandType='"Text"', CommandTimeout='30']
SELECT COALESCE(sum(t."DurationMinutes"), 0.0)
FROM "TimeEntries" AS t
WHERE NOT (t."IsDeleted") AND t."ChamberId" = @chamberId AND t."UserId" = @user_Id AND t."StartTime" >= @todayStart AND t."StartTime" < @AddDays
2026-06-06 17:31:49.626 +06:00 [INF] Executed DbCommand (2ms) [Parameters=[@chamberId='?' (DbType = Guid), @user_Id='?' (DbType = Guid), @weekStart='?' (DbType = DateTime)], CommandType='"Text"', CommandTimeout='30']
SELECT COALESCE(sum(t."DurationMinutes"), 0.0)
FROM "TimeEntries" AS t
WHERE NOT (t."IsDeleted") AND t."ChamberId" = @chamberId AND t."UserId" = @user_Id AND t."StartTime" >= @weekStart
2026-06-06 17:31:49.631 +06:00 [INF] Executed DbCommand (3ms) [Parameters=[@chamberId='?' (DbType = Guid), @user_Id='?' (DbType = Guid), @now='?' (DbType = DateTime)], CommandType='"Text"', CommandTimeout='30']
SELECT h."Id", h."CaseId", h."Courtroom", h."CreatedAt", h."HearingDate", h."IsDeleted", h."JudgeName", h."NextHearingDate", h."Notes", h."ReminderSent", h."Result", h."Status", h."UpdatedAt", c0."Id", c0."ActsAndSections", c0."AppealStatus", c0."AssignedLawyerId", c0."Bench", c0."BillingMethod", c0."BudgetLimit", c0."CaseNumber", c0."CaseTemplateId", c0."CaseType", c0."ChamberId", c0."ClosingDate", c0."ComplexityScore", c0."CourtName", c0."CreatedAt", c0."CriticalDeadlines", c0."Department", c0."Description", c0."ExpenseBudget", c0."FilingDate", c0."FirNumber", c0."FixedFee", c0."GdNumber", c0."HourlyRate", c0."InternalNotes", c0."IsDeleted", c0."JudgeName", c0."Jurisdiction", c0."LimitationExpiry", c0."NextHearingDate", c0."Opponent", c0."OpposingLawyer", c0."PoliceStation", c0."PracticeArea", c0."Priority", c0."Prosecutor", c0."RetainerAmount", c0."RiskLevel", c0."Status", c0."TeamId", c0."Title", c0."UpdatedAt", c0."WorkflowTemplateId"
FROM "Hearings" AS h
INNER JOIN (
    SELECT c."Id", c."ActsAndSections", c."AppealStatus", c."AssignedLawyerId", c."Bench", c."BillingMethod", c."BudgetLimit", c."CaseNumber", c."CaseTemplateId", c."CaseType", c."ChamberId", c."ClosingDate", c."ComplexityScore", c."CourtName", c."CreatedAt", c."CriticalDeadlines", c."Department", c."Description", c."ExpenseBudget", c."FilingDate", c."FirNumber", c."FixedFee", c."GdNumber", c."HourlyRate", c."InternalNotes", c."IsDeleted", c."JudgeName", c."Jurisdiction", c."LimitationExpiry", c."NextHearingDate", c."Opponent", c."OpposingLawyer", c."PoliceStation", c."PracticeArea", c."Priority", c."Prosecutor", c."RetainerAmount", c."RiskLevel", c."Status", c."TeamId", c."Title", c."UpdatedAt", c."WorkflowTemplateId"
    FROM "Cases" AS c
    WHERE NOT (c."IsDeleted")
) AS c0 ON h."CaseId" = c0."Id"
WHERE NOT (h."IsDeleted") AND c0."ChamberId" = @chamberId AND c0."AssignedLawyerId" = @user_Id AND NOT (h."IsDeleted") AND h."HearingDate" > @now
2026-06-06 17:31:49.636 +06:00 [INF] Executed DbCommand (2ms) [Parameters=[@chamberId='?' (DbType = Guid), @user_Id='?' (DbType = Guid), @now='?' (DbType = DateTime)], CommandType='"Text"', CommandTimeout='30']
SELECT t."Id", t."ActualHours", t."AssignedBy", t."AssignedTo", t."CaseId", t."ChamberId", t."CompletedAt", t."CreatedAt", t."Description", t."DueDate", t."EstimatedHours", t."IsDeleted", t."IsRecurring", t."Priority", t."RecurrenceInterval", t."RecurrencePattern", t."SortOrder", t."Status", t."Title", t."UpdatedAt"
FROM "Tasks" AS t
WHERE NOT (t."IsDeleted") AND t."ChamberId" = @chamberId AND NOT (t."IsDeleted") AND t."AssignedTo" = @user_Id AND t."Status" = 'Pending' AND t."DueDate" < @now
2026-06-06 17:31:49.640 +06:00 [INF] Executed DbCommand (3ms) [Parameters=[@chamberId='?' (DbType = Guid), @now='?' (DbType = DateTime)], CommandType='"Text"', CommandTimeout='30']
SELECT i."Id", i."Amount", i."CaseId", i."ClientId", i."CreatedAt", i."Currency", i."Description", i."DueDate", i."InvoiceNumber", i."IsDeleted", i."PaidAt", i."Status", i."UpdatedAt", c0."Id", c0."ActsAndSections", c0."AppealStatus", c0."AssignedLawyerId", c0."Bench", c0."BillingMethod", c0."BudgetLimit", c0."CaseNumber", c0."CaseTemplateId", c0."CaseType", c0."ChamberId", c0."ClosingDate", c0."ComplexityScore", c0."CourtName", c0."CreatedAt", c0."CriticalDeadlines", c0."Department", c0."Description", c0."ExpenseBudget", c0."FilingDate", c0."FirNumber", c0."FixedFee", c0."GdNumber", c0."HourlyRate", c0."InternalNotes", c0."IsDeleted", c0."JudgeName", c0."Jurisdiction", c0."LimitationExpiry", c0."NextHearingDate", c0."Opponent", c0."OpposingLawyer", c0."PoliceStation", c0."PracticeArea", c0."Priority", c0."Prosecutor", c0."RetainerAmount", c0."RiskLevel", c0."Status", c0."TeamId", c0."Title", c0."UpdatedAt", c0."WorkflowTemplateId"
FROM "Invoices" AS i
LEFT JOIN (
    SELECT c."Id", c."ActsAndSections", c."AppealStatus", c."AssignedLawyerId", c."Bench", c."BillingMethod", c."BudgetLimit", c."CaseNumber", c."CaseTemplateId", c."CaseType", c."ChamberId", c."ClosingDate", c."ComplexityScore", c."CourtName", c."CreatedAt", c."CriticalDeadlines", c."Department", c."Description", c."ExpenseBudget", c."FilingDate", c."FirNumber", c."FixedFee", c."GdNumber", c."HourlyRate", c."InternalNotes", c."IsDeleted", c."JudgeName", c."Jurisdiction", c."LimitationExpiry", c."NextHearingDate", c."Opponent", c."OpposingLawyer", c."PoliceStation", c."PracticeArea", c."Priority", c."Prosecutor", c."RetainerAmount", c."RiskLevel", c."Status", c."TeamId", c."Title", c."UpdatedAt", c."WorkflowTemplateId"
    FROM "Cases" AS c
    WHERE NOT (c."IsDeleted")
) AS c0 ON i."CaseId" = c0."Id"
WHERE NOT (i."IsDeleted") AND c0."Id" IS NOT NULL AND c0."ChamberId" = @chamberId AND NOT (i."IsDeleted") AND i."DueDate" IS NOT NULL AND i."DueDate" < @now AND i."Status" = 'Pending'
2026-06-06 17:31:49.644 +06:00 [INF] Executed DbCommand (2ms) [Parameters=[@chamberId='?' (DbType = Guid), @user_Id='?' (DbType = Guid)], CommandType='"Text"', CommandTimeout='30']
SELECT l."Id", l."AssignedLawyerId", l."AttachmentsJson", l."CaseType", l."ChamberId", l."CompanyName", l."ConvertedAt", l."CreatedAt", l."Email", l."EstimatedValue", l."FollowUpDate", l."IsDeleted", l."LastContactedAt", l."LeadSource", l."LostReason", l."Name", l."Notes", l."Phone", l."Score", l."Stage", l."UpdatedAt"
FROM "Leads" AS l
WHERE NOT (l."IsDeleted") AND l."ChamberId" = @chamberId AND NOT (l."IsDeleted") AND l."AssignedLawyerId" = @user_Id AND l."Stage" <> 'ConvertedToClient' AND l."Stage" <> 'LostLead' AND l."LastContactedAt" IS NOT NULL
2026-06-06 17:31:49.648 +06:00 [INF] Executed DbCommand (2ms) [Parameters=[@chamberId='?' (DbType = Guid), @user_Id='?' (DbType = Guid)], CommandType='"Text"', CommandTimeout='30']
SELECT c."Id", c."ActsAndSections", c."AppealStatus", c."AssignedLawyerId", c."Bench", c."BillingMethod", c."BudgetLimit", c."CaseNumber", c."CaseTemplateId", c."CaseType", c."ChamberId", c."ClosingDate", c."ComplexityScore", c."CourtName", c."CreatedAt", c."CriticalDeadlines", c."Department", c."Description", c."ExpenseBudget", c."FilingDate", c."FirNumber", c."FixedFee", c."GdNumber", c."HourlyRate", c."InternalNotes", c."IsDeleted", c."JudgeName", c."Jurisdiction", c."LimitationExpiry", c."NextHearingDate", c."Opponent", c."OpposingLawyer", c."PoliceStation", c."PracticeArea", c."Priority", c."Prosecutor", c."RetainerAmount", c."RiskLevel", c."Status", c."TeamId", c."Title", c."UpdatedAt", c."WorkflowTemplateId"
FROM "Cases" AS c
WHERE NOT (c."IsDeleted") AND c."ChamberId" = @chamberId AND NOT (c."IsDeleted") AND c."AssignedLawyerId" = @user_Id AND c."Status" <> 'Closed'
2026-06-06 17:31:49.651 +06:00 [INF] Executed DbCommand (1ms) [Parameters=[@chamberId='?' (DbType = Guid), @user_Id='?' (DbType = Guid), @todayStart='?' (DbType = DateTime), @AddDays='?' (DbType = DateTime)], CommandType='"Text"', CommandTimeout='30']
SELECT COALESCE(sum(t."DurationMinutes"), 0.0)
FROM "TimeEntries" AS t
WHERE NOT (t."IsDeleted") AND t."ChamberId" = @chamberId AND t."UserId" = @user_Id AND t."StartTime" >= @todayStart AND t."StartTime" < @AddDays
2026-06-06 17:31:49.654 +06:00 [INF] Executed DbCommand (2ms) [Parameters=[@chamberId='?' (DbType = Guid), @user_Id='?' (DbType = Guid), @weekStart='?' (DbType = DateTime)], CommandType='"Text"', CommandTimeout='30']
SELECT COALESCE(sum(t."DurationMinutes"), 0.0)
FROM "TimeEntries" AS t
WHERE NOT (t."IsDeleted") AND t."ChamberId" = @chamberId AND t."UserId" = @user_Id AND t."StartTime" >= @weekStart
2026-06-06 17:36:49.791 +06:00 [INF] Executed DbCommand (3ms) [Parameters=[], CommandType='"Text"', CommandTimeout='30']
SELECT c."Id"
FROM "Chambers" AS c
WHERE NOT (c."IsDeleted")
2026-06-06 17:36:49.804 +06:00 [INF] Executed DbCommand (5ms) [Parameters=[@chamberId='?' (DbType = Guid)], CommandType='"Text"', CommandTimeout='30']
SELECT u."Id", u."AvatarUrl", u."BarCouncilId", u."ChamberId", u."ClientId", u."CreatedAt", u."Email", u."FullName", u."IsActive", u."IsDeleted", u."LastLoginAt", u."LastLoginIp", u."LockoutEnd", u."LoginAttempts", u."PasswordHash", u."Phone", u."RefreshToken", u."RefreshTokenExpiry", u."Role", u."Status", u."TwoFactorEnabled", u."TwoFactorSecret", u."TwoFactorVerifiedAt", u."UpdatedAt"
FROM "Users" AS u
WHERE NOT (u."IsDeleted") AND u."ChamberId" = @chamberId AND u."IsActive" AND NOT (u."IsDeleted")
2026-06-06 17:36:49.839 +06:00 [INF] Executed DbCommand (32ms) [Parameters=[@chamberId='?' (DbType = Guid), @user_Id='?' (DbType = Guid), @now='?' (DbType = DateTime)], CommandType='"Text"', CommandTimeout='30']
SELECT h."Id", h."CaseId", h."Courtroom", h."CreatedAt", h."HearingDate", h."IsDeleted", h."JudgeName", h."NextHearingDate", h."Notes", h."ReminderSent", h."Result", h."Status", h."UpdatedAt", c0."Id", c0."ActsAndSections", c0."AppealStatus", c0."AssignedLawyerId", c0."Bench", c0."BillingMethod", c0."BudgetLimit", c0."CaseNumber", c0."CaseTemplateId", c0."CaseType", c0."ChamberId", c0."ClosingDate", c0."ComplexityScore", c0."CourtName", c0."CreatedAt", c0."CriticalDeadlines", c0."Department", c0."Description", c0."ExpenseBudget", c0."FilingDate", c0."FirNumber", c0."FixedFee", c0."GdNumber", c0."HourlyRate", c0."InternalNotes", c0."IsDeleted", c0."JudgeName", c0."Jurisdiction", c0."LimitationExpiry", c0."NextHearingDate", c0."Opponent", c0."OpposingLawyer", c0."PoliceStation", c0."PracticeArea", c0."Priority", c0."Prosecutor", c0."RetainerAmount", c0."RiskLevel", c0."Status", c0."TeamId", c0."Title", c0."UpdatedAt", c0."WorkflowTemplateId"
FROM "Hearings" AS h
INNER JOIN (
    SELECT c."Id", c."ActsAndSections", c."AppealStatus", c."AssignedLawyerId", c."Bench", c."BillingMethod", c."BudgetLimit", c."CaseNumber", c."CaseTemplateId", c."CaseType", c."ChamberId", c."ClosingDate", c."ComplexityScore", c."CourtName", c."CreatedAt", c."CriticalDeadlines", c."Department", c."Description", c."ExpenseBudget", c."FilingDate", c."FirNumber", c."FixedFee", c."GdNumber", c."HourlyRate", c."InternalNotes", c."IsDeleted", c."JudgeName", c."Jurisdiction", c."LimitationExpiry", c."NextHearingDate", c."Opponent", c."OpposingLawyer", c."PoliceStation", c."PracticeArea", c."Priority", c."Prosecutor", c."RetainerAmount", c."RiskLevel", c."Status", c."TeamId", c."Title", c."UpdatedAt", c."WorkflowTemplateId"
    FROM "Cases" AS c
    WHERE NOT (c."IsDeleted")
) AS c0 ON h."CaseId" = c0."Id"
WHERE NOT (h."IsDeleted") AND c0."ChamberId" = @chamberId AND c0."AssignedLawyerId" = @user_Id AND NOT (h."IsDeleted") AND h."HearingDate" > @now
2026-06-06 17:36:49.849 +06:00 [INF] Executed DbCommand (7ms) [Parameters=[@chamberId='?' (DbType = Guid), @user_Id='?' (DbType = Guid), @now='?' (DbType = DateTime)], CommandType='"Text"', CommandTimeout='30']
SELECT t."Id", t."ActualHours", t."AssignedBy", t."AssignedTo", t."CaseId", t."ChamberId", t."CompletedAt", t."CreatedAt", t."Description", t."DueDate", t."EstimatedHours", t."IsDeleted", t."IsRecurring", t."Priority", t."RecurrenceInterval", t."RecurrencePattern", t."SortOrder", t."Status", t."Title", t."UpdatedAt"
FROM "Tasks" AS t
WHERE NOT (t."IsDeleted") AND t."ChamberId" = @chamberId AND NOT (t."IsDeleted") AND t."AssignedTo" = @user_Id AND t."Status" = 'Pending' AND t."DueDate" < @now
2026-06-06 17:36:49.858 +06:00 [INF] Executed DbCommand (6ms) [Parameters=[@chamberId='?' (DbType = Guid), @now='?' (DbType = DateTime)], CommandType='"Text"', CommandTimeout='30']
SELECT i."Id", i."Amount", i."CaseId", i."ClientId", i."CreatedAt", i."Currency", i."Description", i."DueDate", i."InvoiceNumber", i."IsDeleted", i."PaidAt", i."Status", i."UpdatedAt", c0."Id", c0."ActsAndSections", c0."AppealStatus", c0."AssignedLawyerId", c0."Bench", c0."BillingMethod", c0."BudgetLimit", c0."CaseNumber", c0."CaseTemplateId", c0."CaseType", c0."ChamberId", c0."ClosingDate", c0."ComplexityScore", c0."CourtName", c0."CreatedAt", c0."CriticalDeadlines", c0."Department", c0."Description", c0."ExpenseBudget", c0."FilingDate", c0."FirNumber", c0."FixedFee", c0."GdNumber", c0."HourlyRate", c0."InternalNotes", c0."IsDeleted", c0."JudgeName", c0."Jurisdiction", c0."LimitationExpiry", c0."NextHearingDate", c0."Opponent", c0."OpposingLawyer", c0."PoliceStation", c0."PracticeArea", c0."Priority", c0."Prosecutor", c0."RetainerAmount", c0."RiskLevel", c0."Status", c0."TeamId", c0."Title", c0."UpdatedAt", c0."WorkflowTemplateId"
FROM "Invoices" AS i
LEFT JOIN (
    SELECT c."Id", c."ActsAndSections", c."AppealStatus", c."AssignedLawyerId", c."Bench", c."BillingMethod", c."BudgetLimit", c."CaseNumber", c."CaseTemplateId", c."CaseType", c."ChamberId", c."ClosingDate", c."ComplexityScore", c."CourtName", c."CreatedAt", c."CriticalDeadlines", c."Department", c."Description", c."ExpenseBudget", c."FilingDate", c."FirNumber", c."FixedFee", c."GdNumber", c."HourlyRate", c."InternalNotes", c."IsDeleted", c."JudgeName", c."Jurisdiction", c."LimitationExpiry", c."NextHearingDate", c."Opponent", c."OpposingLawyer", c."PoliceStation", c."PracticeArea", c."Priority", c."Prosecutor", c."RetainerAmount", c."RiskLevel", c."Status", c."TeamId", c."Title", c."UpdatedAt", c."WorkflowTemplateId"
    FROM "Cases" AS c
    WHERE NOT (c."IsDeleted")
) AS c0 ON i."CaseId" = c0."Id"
WHERE NOT (i."IsDeleted") AND c0."Id" IS NOT NULL AND c0."ChamberId" = @chamberId AND NOT (i."IsDeleted") AND i."DueDate" IS NOT NULL AND i."DueDate" < @now AND i."Status" = 'Pending'
2026-06-06 17:36:49.867 +06:00 [INF] Executed DbCommand (4ms) [Parameters=[@chamberId='?' (DbType = Guid), @user_Id='?' (DbType = Guid)], CommandType='"Text"', CommandTimeout='30']
SELECT l."Id", l."AssignedLawyerId", l."AttachmentsJson", l."CaseType", l."ChamberId", l."CompanyName", l."ConvertedAt", l."CreatedAt", l."Email", l."EstimatedValue", l."FollowUpDate", l."IsDeleted", l."LastContactedAt", l."LeadSource", l."LostReason", l."Name", l."Notes", l."Phone", l."Score", l."Stage", l."UpdatedAt"
FROM "Leads" AS l
WHERE NOT (l."IsDeleted") AND l."ChamberId" = @chamberId AND NOT (l."IsDeleted") AND l."AssignedLawyerId" = @user_Id AND l."Stage" <> 'ConvertedToClient' AND l."Stage" <> 'LostLead' AND l."LastContactedAt" IS NOT NULL
2026-06-06 17:36:49.871 +06:00 [INF] Executed DbCommand (3ms) [Parameters=[@chamberId='?' (DbType = Guid), @user_Id='?' (DbType = Guid)], CommandType='"Text"', CommandTimeout='30']
SELECT c."Id", c."ActsAndSections", c."AppealStatus", c."AssignedLawyerId", c."Bench", c."BillingMethod", c."BudgetLimit", c."CaseNumber", c."CaseTemplateId", c."CaseType", c."ChamberId", c."ClosingDate", c."ComplexityScore", c."CourtName", c."CreatedAt", c."CriticalDeadlines", c."Department", c."Description", c."ExpenseBudget", c."FilingDate", c."FirNumber", c."FixedFee", c."GdNumber", c."HourlyRate", c."InternalNotes", c."IsDeleted", c."JudgeName", c."Jurisdiction", c."LimitationExpiry", c."NextHearingDate", c."Opponent", c."OpposingLawyer", c."PoliceStation", c."PracticeArea", c."Priority", c."Prosecutor", c."RetainerAmount", c."RiskLevel", c."Status", c."TeamId", c."Title", c."UpdatedAt", c."WorkflowTemplateId"
FROM "Cases" AS c
WHERE NOT (c."IsDeleted") AND c."ChamberId" = @chamberId AND NOT (c."IsDeleted") AND c."AssignedLawyerId" = @user_Id AND c."Status" <> 'Closed'
2026-06-06 17:36:49.878 +06:00 [INF] Executed DbCommand (4ms) [Parameters=[@chamberId='?' (DbType = Guid), @user_Id='?' (DbType = Guid), @todayStart='?' (DbType = DateTime), @AddDays='?' (DbType = DateTime)], CommandType='"Text"', CommandTimeout='30']
SELECT COALESCE(sum(t."DurationMinutes"), 0.0)
FROM "TimeEntries" AS t
WHERE NOT (t."IsDeleted") AND t."ChamberId" = @chamberId AND t."UserId" = @user_Id AND t."StartTime" >= @todayStart AND t."StartTime" < @AddDays
2026-06-06 17:36:49.882 +06:00 [INF] Executed DbCommand (2ms) [Parameters=[@chamberId='?' (DbType = Guid), @user_Id='?' (DbType = Guid), @weekStart='?' (DbType = DateTime)], CommandType='"Text"', CommandTimeout='30']
SELECT COALESCE(sum(t."DurationMinutes"), 0.0)
FROM "TimeEntries" AS t
WHERE NOT (t."IsDeleted") AND t."ChamberId" = @chamberId AND t."UserId" = @user_Id AND t."StartTime" >= @weekStart
2026-06-06 17:36:49.888 +06:00 [INF] Executed DbCommand (4ms) [Parameters=[@chamberId='?' (DbType = Guid), @user_Id='?' (DbType = Guid), @now='?' (DbType = DateTime)], CommandType='"Text"', CommandTimeout='30']
SELECT h."Id", h."CaseId", h."Courtroom", h."CreatedAt", h."HearingDate", h."IsDeleted", h."JudgeName", h."NextHearingDate", h."Notes", h."ReminderSent", h."Result", h."Status", h."UpdatedAt", c0."Id", c0."ActsAndSections", c0."AppealStatus", c0."AssignedLawyerId", c0."Bench", c0."BillingMethod", c0."BudgetLimit", c0."CaseNumber", c0."CaseTemplateId", c0."CaseType", c0."ChamberId", c0."ClosingDate", c0."ComplexityScore", c0."CourtName", c0."CreatedAt", c0."CriticalDeadlines", c0."Department", c0."Description", c0."ExpenseBudget", c0."FilingDate", c0."FirNumber", c0."FixedFee", c0."GdNumber", c0."HourlyRate", c0."InternalNotes", c0."IsDeleted", c0."JudgeName", c0."Jurisdiction", c0."LimitationExpiry", c0."NextHearingDate", c0."Opponent", c0."OpposingLawyer", c0."PoliceStation", c0."PracticeArea", c0."Priority", c0."Prosecutor", c0."RetainerAmount", c0."RiskLevel", c0."Status", c0."TeamId", c0."Title", c0."UpdatedAt", c0."WorkflowTemplateId"
FROM "Hearings" AS h
INNER JOIN (
    SELECT c."Id", c."ActsAndSections", c."AppealStatus", c."AssignedLawyerId", c."Bench", c."BillingMethod", c."BudgetLimit", c."CaseNumber", c."CaseTemplateId", c."CaseType", c."ChamberId", c."ClosingDate", c."ComplexityScore", c."CourtName", c."CreatedAt", c."CriticalDeadlines", c."Department", c."Description", c."ExpenseBudget", c."FilingDate", c."FirNumber", c."FixedFee", c."GdNumber", c."HourlyRate", c."InternalNotes", c."IsDeleted", c."JudgeName", c."Jurisdiction", c."LimitationExpiry", c."NextHearingDate", c."Opponent", c."OpposingLawyer", c."PoliceStation", c."PracticeArea", c."Priority", c."Prosecutor", c."RetainerAmount", c."RiskLevel", c."Status", c."TeamId", c."Title", c."UpdatedAt", c."WorkflowTemplateId"
    FROM "Cases" AS c
    WHERE NOT (c."IsDeleted")
) AS c0 ON h."CaseId" = c0."Id"
WHERE NOT (h."IsDeleted") AND c0."ChamberId" = @chamberId AND c0."AssignedLawyerId" = @user_Id AND NOT (h."IsDeleted") AND h."HearingDate" > @now
2026-06-06 17:36:49.895 +06:00 [INF] Executed DbCommand (3ms) [Parameters=[@chamberId='?' (DbType = Guid), @user_Id='?' (DbType = Guid), @now='?' (DbType = DateTime)], CommandType='"Text"', CommandTimeout='30']
SELECT t."Id", t."ActualHours", t."AssignedBy", t."AssignedTo", t."CaseId", t."ChamberId", t."CompletedAt", t."CreatedAt", t."Description", t."DueDate", t."EstimatedHours", t."IsDeleted", t."IsRecurring", t."Priority", t."RecurrenceInterval", t."RecurrencePattern", t."SortOrder", t."Status", t."Title", t."UpdatedAt"
FROM "Tasks" AS t
WHERE NOT (t."IsDeleted") AND t."ChamberId" = @chamberId AND NOT (t."IsDeleted") AND t."AssignedTo" = @user_Id AND t."Status" = 'Pending' AND t."DueDate" < @now
2026-06-06 17:36:49.900 +06:00 [INF] Executed DbCommand (3ms) [Parameters=[@chamberId='?' (DbType = Guid), @now='?' (DbType = DateTime)], CommandType='"Text"', CommandTimeout='30']
SELECT i."Id", i."Amount", i."CaseId", i."ClientId", i."CreatedAt", i."Currency", i."Description", i."DueDate", i."InvoiceNumber", i."IsDeleted", i."PaidAt", i."Status", i."UpdatedAt", c0."Id", c0."ActsAndSections", c0."AppealStatus", c0."AssignedLawyerId", c0."Bench", c0."BillingMethod", c0."BudgetLimit", c0."CaseNumber", c0."CaseTemplateId", c0."CaseType", c0."ChamberId", c0."ClosingDate", c0."ComplexityScore", c0."CourtName", c0."CreatedAt", c0."CriticalDeadlines", c0."Department", c0."Description", c0."ExpenseBudget", c0."FilingDate", c0."FirNumber", c0."FixedFee", c0."GdNumber", c0."HourlyRate", c0."InternalNotes", c0."IsDeleted", c0."JudgeName", c0."Jurisdiction", c0."LimitationExpiry", c0."NextHearingDate", c0."Opponent", c0."OpposingLawyer", c0."PoliceStation", c0."PracticeArea", c0."Priority", c0."Prosecutor", c0."RetainerAmount", c0."RiskLevel", c0."Status", c0."TeamId", c0."Title", c0."UpdatedAt", c0."WorkflowTemplateId"
FROM "Invoices" AS i
LEFT JOIN (
    SELECT c."Id", c."ActsAndSections", c."AppealStatus", c."AssignedLawyerId", c."Bench", c."BillingMethod", c."BudgetLimit", c."CaseNumber", c."CaseTemplateId", c."CaseType", c."ChamberId", c."ClosingDate", c."ComplexityScore", c."CourtName", c."CreatedAt", c."CriticalDeadlines", c."Department", c."Description", c."ExpenseBudget", c."FilingDate", c."FirNumber", c."FixedFee", c."GdNumber", c."HourlyRate", c."InternalNotes", c."IsDeleted", c."JudgeName", c."Jurisdiction", c."LimitationExpiry", c."NextHearingDate", c."Opponent", c."OpposingLawyer", c."PoliceStation", c."PracticeArea", c."Priority", c."Prosecutor", c."RetainerAmount", c."RiskLevel", c."Status", c."TeamId", c."Title", c."UpdatedAt", c."WorkflowTemplateId"
    FROM "Cases" AS c
    WHERE NOT (c."IsDeleted")
) AS c0 ON i."CaseId" = c0."Id"
WHERE NOT (i."IsDeleted") AND c0."Id" IS NOT NULL AND c0."ChamberId" = @chamberId AND NOT (i."IsDeleted") AND i."DueDate" IS NOT NULL AND i."DueDate" < @now AND i."Status" = 'Pending'
2026-06-06 17:36:49.907 +06:00 [INF] Executed DbCommand (3ms) [Parameters=[@chamberId='?' (DbType = Guid), @user_Id='?' (DbType = Guid)], CommandType='"Text"', CommandTimeout='30']
SELECT l."Id", l."AssignedLawyerId", l."AttachmentsJson", l."CaseType", l."ChamberId", l."CompanyName", l."ConvertedAt", l."CreatedAt", l."Email", l."EstimatedValue", l."FollowUpDate", l."IsDeleted", l."LastContactedAt", l."LeadSource", l."LostReason", l."Name", l."Notes", l."Phone", l."Score", l."Stage", l."UpdatedAt"
FROM "Leads" AS l
WHERE NOT (l."IsDeleted") AND l."ChamberId" = @chamberId AND NOT (l."IsDeleted") AND l."AssignedLawyerId" = @user_Id AND l."Stage" <> 'ConvertedToClient' AND l."Stage" <> 'LostLead' AND l."LastContactedAt" IS NOT NULL
2026-06-06 17:36:49.911 +06:00 [INF] Executed DbCommand (2ms) [Parameters=[@chamberId='?' (DbType = Guid), @user_Id='?' (DbType = Guid)], CommandType='"Text"', CommandTimeout='30']
SELECT c."Id", c."ActsAndSections", c."AppealStatus", c."AssignedLawyerId", c."Bench", c."BillingMethod", c."BudgetLimit", c."CaseNumber", c."CaseTemplateId", c."CaseType", c."ChamberId", c."ClosingDate", c."ComplexityScore", c."CourtName", c."CreatedAt", c."CriticalDeadlines", c."Department", c."Description", c."ExpenseBudget", c."FilingDate", c."FirNumber", c."FixedFee", c."GdNumber", c."HourlyRate", c."InternalNotes", c."IsDeleted", c."JudgeName", c."Jurisdiction", c."LimitationExpiry", c."NextHearingDate", c."Opponent", c."OpposingLawyer", c."PoliceStation", c."PracticeArea", c."Priority", c."Prosecutor", c."RetainerAmount", c."RiskLevel", c."Status", c."TeamId", c."Title", c."UpdatedAt", c."WorkflowTemplateId"
FROM "Cases" AS c
WHERE NOT (c."IsDeleted") AND c."ChamberId" = @chamberId AND NOT (c."IsDeleted") AND c."AssignedLawyerId" = @user_Id AND c."Status" <> 'Closed'
2026-06-06 17:36:49.916 +06:00 [INF] Executed DbCommand (3ms) [Parameters=[@chamberId='?' (DbType = Guid), @user_Id='?' (DbType = Guid), @todayStart='?' (DbType = DateTime), @AddDays='?' (DbType = DateTime)], CommandType='"Text"', CommandTimeout='30']
SELECT COALESCE(sum(t."DurationMinutes"), 0.0)
FROM "TimeEntries" AS t
WHERE NOT (t."IsDeleted") AND t."ChamberId" = @chamberId AND t."UserId" = @user_Id AND t."StartTime" >= @todayStart AND t."StartTime" < @AddDays
2026-06-06 17:36:49.921 +06:00 [INF] Executed DbCommand (3ms) [Parameters=[@chamberId='?' (DbType = Guid), @user_Id='?' (DbType = Guid), @weekStart='?' (DbType = DateTime)], CommandType='"Text"', CommandTimeout='30']
SELECT COALESCE(sum(t."DurationMinutes"), 0.0)
FROM "TimeEntries" AS t
WHERE NOT (t."IsDeleted") AND t."ChamberId" = @chamberId AND t."UserId" = @user_Id AND t."StartTime" >= @weekStart
